Financials,2008-12-31,2009-12-31,2010-03-31,2010-06-30,2010-09-30,2010-12-31,2011-03-31,2011-06-30,2011-09-30,2011-12-31,2012-03-31,2012-06-30,2012-09-30,2012-12-31,2013-03-31,2013-06-30,2013-09-30,2013-12-31,2014-03-31,2014-06-30,2014-09-30,2014-12-31,2015-03-31,2015-06-30,2015-09-30,2015-12-31,2016-03-31,2016-06-30,2016-09-30,2016-12-31,2017-03-31,2017-06-30,2017-09-30,2017-12-31,2018-03-31,2018-06-30,2018-09-30,2018-12-31,2019-03-31,2019-06-30,2019-09-30,2019-12-31,2020-03-31,2020-06-30,2020-09-30,2020-12-31,2021-03-31,2021-06-30,2021-09-30,2021-12-31,2022-03-31,2022-06-30,2022-09-30,2022-12-31,2023-03-31,2023-06-30,2023-09-30,2023-12-31,2024-03-31,2024-06-30,2024-09-30,2024-12-31,2025-03-31,2025-06-30,2025-09-30,2025-12-31,2026-03-31
revenue,1645000000.0,1729300000.0,482400000.0,459500000.0,463200000.0,1864200000.0,447400000.0,546100000.0,562800000.0,2134700000.0,546800000.0,649900000.0,650400000.0,2520300000.0,674100000.0,779500000.0,835800000.0,3179600000.0,915000000.0,1179300000.0,1286800000.0,4626500000.0,1231300000.0,1371400000.0,1454800000.0,5392400000.0,1300400000.0,1427100000.0,1482300000.0,5680500000.0,1646400000.0,1489500000.0,1593700000.0,6249000000.0,1837700000.0,1660400000.0,1778500000.0,6934000000.0,1990600000.0,1657800000.0,1825200000.0,7195000000.0,1866900000.0,1584000000.0,1849100000.0,7003600000.0,2165000000.0,1933500000.0,2138200000.0,8209400000.0,2435300000.0,2043000000.0,2044000000.0,8550600000.0,2706100000.0,2441900000.0,2492000000.0,10072000000.0,3256700000.0,2775400000.0,2806800000.0,11555000000.0,3727000000.0,3220800000.0,3365600000.0,13942000000.0,4758000000.0
cost_of_goods_sold,,,64000000.0,,,64000000.0,,11700000.0,700000.0,32000000.0,17700000.0,29000000.0,27700000.0,111600000.0,58100000.0,76600000.0,146900000.0,437300000.0,171000000.0,270500000.0,326200000.0,1058900000.0,309300000.0,,,,,,,1408600000.0,,,,1635900000.0,431200000.0,441800000.0,508800000.0,1816000000.0,382500000.0,292000000.0,397400000.0,1352800000.0,185400000.0,161200000.0,319200000.0,882100000.0,309100000.0,268800000.0,366100000.0,1173200000.0,22900000.0,,,22900000.0,,,,,,,,,,,,,
gross_profit,,,418400000.0,,,1800200000.0,,534400000.0,562100000.0,2102700000.0,529100000.0,620900000.0,622700000.0,2408700000.0,616000000.0,702900000.0,688900000.0,2742300000.0,744000000.0,908800000.0,960600000.0,3567600000.0,922000000.0,,,,,,,4271900000.0,,,,4613100000.0,1406500000.0,1218600000.0,1269700000.0,5118000000.0,1608100000.0,1365800000.0,1427800000.0,5842200000.0,1681500000.0,1422800000.0,1529900000.0,6121500000.0,1855900000.0,1664700000.0,1772100000.0,7036200000.0,2412400000.0,,,8527700000.0,,,,,,,,,,,,,
research_and_development,,,,,,,,,,,,,,,,,,,,,,,,,,,,,,,,,,,,,,,,,,,,,,,,,,,,,,,,,,,,,,,,,,,
selling_general_and_admin,,,,,,,,,,,,,,,,,,,,,,,,,,,,,,,,,,,,,,,,,,,,,,,,,,,,,,,,,,,,,,,,,,,
operating_expenses,382400000.0,331300000.0,81200000.0,87400000.0,84800000.0,354600000.0,94000000.0,108200000.0,110500000.0,419000000.0,108300000.0,123700000.0,121600000.0,483200000.0,133800000.0,137800000.0,133100000.0,535900000.0,148800000.0,179200000.0,197300000.0,743100000.0,203500000.0,207100000.0,208100000.0,840700000.0,204500000.0,204600000.0,189600000.0,776300000.0,199500000.0,204200000.0,209000000.0,829100000.0,216100000.0,222800000.0,227700000.0,903700000.0,1668800000.0,1552300000.0,1710400000.0,1068500000.0,257700000.0,214800000.0,203200000.0,906500000.0,233100000.0,253400000.0,265600000.0,1072400000.0,317300000.0,323900000.0,321500000.0,1330900000.0,382500000.0,433600000.0,423000000.0,1689000000.0,435700000.0,425600000.0,453700000.0,1754000000.0,490000000.0,519300000.0,580800000.0,2258000000.0,643000000.0
operating_income_ebit,,,337200000.0,,,1445600000.0,,426200000.0,451600000.0,1683700000.0,420800000.0,497200000.0,501100000.0,1925500000.0,482200000.0,565100000.0,555800000.0,2206400000.0,595200000.0,729600000.0,763300000.0,2824500000.0,718500000.0,,,,,,,3495600000.0,,,,3784000000.0,1190400000.0,995800000.0,1042000000.0,4214300000.0,-60700000.0,-186500000.0,-282600000.0,4773700000.0,1423800000.0,1208000000.0,1326700000.0,5215000000.0,1622800000.0,1411300000.0,1506500000.0,5963800000.0,2095100000.0,,,7196800000.0,,,,,,,,,,,,,
depreciation_and_amortization_expense,30000000.0,30600000.0,7700000.0,8000000.0,8300000.0,32300000.0,8100000.0,9100000.0,9400000.0,35900000.0,9700000.0,10200000.0,10700000.0,41400000.0,10800000.0,13100000.0,14300000.0,53400000.0,14800000.0,16600000.0,18600000.0,69400000.0,21500000.0,22800000.0,23800000.0,93900000.0,24700000.0,26000000.0,25700000.0,103600000.0,29500000.0,30200000.0,30500000.0,121100000.0,30600000.0,30800000.0,33400000.0,127800000.0,34000000.0,35300000.0,35100000.0,140400000.0,36800000.0,34400000.0,36500000.0,145100000.0,38100000.0,37200000.0,38400000.0,151200000.0,35200000.0,40000000.0,32900000.0,144700000.0,37700000.0,40800000.0,43000000.0,165000000.0,45400000.0,40800000.0,45300000.0,178000000.0,45000000.0,49700000.0,54100000.0,206000000.0,61000000.0
interest_income,,,,,,,,,,,,,,,,,,,,,,,,,,,,,,,,,,,,,,,,,,,,,,,,,,,,,,,,,,,,,,,,,,,
interest_expense,28600000.0,28500000.0,8600000.0,8700000.0,8600000.0,34600000.0,9500000.0,10600000.0,10300000.0,40800000.0,10600000.0,10800000.0,10700000.0,43000000.0,11200000.0,11900000.0,13100000.0,50100000.0,16200000.0,21200000.0,25900000.0,89000000.0,25600000.0,26000000.0,25600000.0,103000000.0,25800000.0,27200000.0,28500000.0,109800000.0,29900000.0,31600000.0,31400000.0,124100000.0,31300000.0,33900000.0,36700000.0,138400000.0,40200000.0,44900000.0,46600000.0,179800000.0,50500000.0,50000000.0,48100000.0,196400000.0,48100000.0,56200000.0,60300000.0,226100000.0,63900000.0,64600000.0,64400000.0,256900000.0,67900000.0,77800000.0,72800000.0,297000000.0,92200000.0,94300000.0,92900000.0,381000000.0,158000000.0,158600000.0,160800000.0,639000000.0,158000000.0
tax_expense,52200000.0,78000000.0,13700000.0,22000000.0,24200000.0,39700000.0,8300000.0,24200000.0,24300000.0,63700000.0,4400000.0,19400000.0,14600000.0,50300000.0,1800000.0,3900000.0,10900000.0,6400000.0,-3100000.0,-1800000.0,-5900000.0,-36000000.0,-1500000.0,-19100000.0,-35200000.0,-95600000.0,-2200000.0,-18200000.0,-35500000.0,-96700000.0,-42400000.0,-24200000.0,-41200000.0,-157100000.0,-43700000.0,-20100000.0,-48100000.0,-196500000.0,-29900000.0,-15900000.0,-22300000.0,-89700000.0,600000.0,9900000.0,21700000.0,12800000.0,14700000.0,20500000.0,-7200000.0,20100000.0,98600000.0,67200000.0,58700000.0,211000000.0,119200000.0,61600000.0,80900000.0,219000000.0,160000000.0,80200000.0,89200000.0,404000000.0,164000000.0,105200000.0,73300000.0,368000000.0,220000000.0
net_income,77300000.0,128600000.0,29200000.0,44000000.0,46200000.0,174100000.0,15200000.0,41700000.0,46700000.0,144100000.0,28100000.0,71700000.0,61700000.0,195000000.0,40500000.0,93500000.0,74600000.0,268600000.0,49300000.0,109000000.0,93600000.0,303400000.0,21900000.0,139300000.0,133300000.0,356800000.0,46500000.0,150000000.0,122800000.0,396800000.0,228800000.0,70000000.0,111000000.0,481300000.0,273700000.0,114900000.0,127600000.0,633500000.0,334100000.0,110100000.0,126100000.0,668800000.0,355400000.0,161800000.0,176600000.0,818800000.0,393700000.0,201800000.0,225100000.0,906800000.0,439100000.0,285100000.0,255800000.0,1114200000.0,486600000.0,235800000.0,280700000.0,970000000.0,612700000.0,285400000.0,312600000.0,1463000000.0,704000000.0,366200000.0,272700000.0,1494000000.0,822000000.0
basic_eps,0.83,1.28,0.28,0.42,0.44,1.66,0.14,0.38,0.41,1.29,0.24,0.6,0.5,1.61,0.32,0.73,0.57,2.08,0.37,0.71,0.58,1.98,0.13,0.82,0.76,2.07,0.26,0.85,0.69,2.23,1.28,0.39,0.61,2.67,1.51,0.63,0.7,3.47,1.81,0.59,0.68,3.6,1.83,0.81,0.92,4.29,1.96,0.94,1.09,4.47,2.1,1.35,1.21,5.3,2.29,1.09,1.3,4.51,2.8,1.3,1.43,6.63,2.76,1.43,1.06,5.83,3.2
diluted_eps,0.82,1.28,0.28,0.42,0.44,1.66,0.14,0.37,0.41,1.28,0.24,0.59,0.5,1.59,0.32,0.73,0.57,2.06,0.36,0.7,0.58,1.97,0.13,0.81,0.75,2.06,0.26,0.84,0.69,2.22,1.27,0.39,0.61,2.64,1.48,0.62,0.68,3.4,1.77,0.58,0.66,3.52,1.79,0.79,0.9,4.2,1.92,0.92,1.06,4.37,2.05,1.33,1.19,5.19,2.24,1.07,1.28,4.42,2.74,1.27,1.39,6.5,2.72,1.4,1.04,5.74,3.16
cash_and_cash_equivalents,194400000.0,205900000.0,227100000.0,230000000.0,296300000.0,249800000.0,333200000.0,263200000.0,241400000.0,291200000.0,301800000.0,282100000.0,305200000.0,302100000.0,224000000.0,240000000.0,286900000.0,298100000.0,739200000.0,973500000.0,290500000.0,1682000000.0,276800000.0,321700000.0,369700000.0,1892500000.0,425400000.0,411100000.0,531800000.0,1937600000.0,564000000.0,587800000.0,564900000.0,681200000.0,697900000.0,652200000.0,605000000.0,607200000.0,871500000.0,512300000.0,578900000.0,604800000.0,352800000.0,349700000.0,629900000.0,664600000.0,526300000.0,3204100000.0,2735100000.0,867700000.0,734400000.0,552900000.0,629800000.0,738400000.0,1549900000.0,952300000.0,1027500000.0,971000000.0,1762600000.0,1415300000.0,2022400000.0,14987000000.0,16692000000.0,14299500000.0,1399300000.0,1396000000.0,1413000000.0
marketable_securities,,,,,,,,,,,,,,,,,,,,,,,,,,,,,,,,,,,,,,,,,,,,,,,,,,,,,,,,,,,,,,,,,,,
accounts_receivable,,,,,,,,,,,,,,,,,,,,,,,,,,,,,,,,,,,,,,,,,,,,,,,,,,,,,,2911100000.0,3526500000.0,3716300000.0,3769300000.0,3786600000.0,4148700000.0,4178300000.0,3988800000.0,3896000000.0,4520200000.0,4739200000.0,5426300000.0,5175000000.0,5960000000.0
inventory,,,,,,,,,,,,,,,,,,,,,,,,,,,,,,,,,,,,,,,,,,,,,,,,,,,,,,,,,,,,,,,,,,,
prepaid_expenses,,,,,,,,,,,,,,,,,,48500000.0,,,,72100000.0,68700000.0,80800000.0,71000000.0,77800000.0,80800000.0,74500000.0,77900000.0,78400000.0,81900000.0,78700000.0,89000000.0,91500000.0,95000000.0,95400000.0,99900000.0,108200000.0,95000000.0,101500000.0,95200000.0,115500000.0,106500000.0,94100000.0,94200000.0,112100000.0,118800000.0,132100000.0,126700000.0,171700000.0,183500000.0,173900000.0,173900000.0,197200000.0,,,,,,,,,,,,,
total_current_assets,,1540000000.0,,1823600000.0,1689900000.0,1726000000.0,1749800000.0,2416000000.0,2088700000.0,2199400000.0,2225000000.0,2631800000.0,2324900000.0,2429500000.0,2301400000.0,2602600000.0,2546700000.0,2875600000.0,3198000000.0,4440300000.0,3972400000.0,3811200000.0,3594800000.0,4261400000.0,4020100000.0,4213700000.0,3939500000.0,4485600000.0,4213700000.0,4416100000.0,4483200000.0,5107200000.0,5087400000.0,7269400000.0,8533300000.0,8365000000.0,8084000000.0,8118700000.0,9669500000.0,9547400000.0,9328600000.0,9117500000.0,10527200000.0,10760400000.0,11200300000.0,11124200000.0,12667500000.0,15939300000.0,15138300000.0,17670400000.0,27519300000.0,24744400000.0,23796600000.0,22285200000.0,28778000000.0,36845700000.0,35937700000.0,32116100000.0,41479500000.0,43313500000.0,37282700000.0,44113000000.0,53439100000.0,57838100000.0,43007800000.0,34356000000.0,42019000000.0
property_plant_equipment,,80700000.0,,79000000.0,75800000.0,75800000.0,79400000.0,87700000.0,90500000.0,91300000.0,95700000.0,100900000.0,101000000.0,105400000.0,108500000.0,123000000.0,148100000.0,160400000.0,165900000.0,193700000.0,196600000.0,195400000.0,190600000.0,198200000.0,200700000.0,249000000.0,218200000.0,213900000.0,213900000.0,377600000.0,375500000.0,387600000.0,413400000.0,412200000.0,424200000.0,427600000.0,429300000.0,436900000.0,450200000.0,458000000.0,458800000.0,467400000.0,454300000.0,461400000.0,458700000.0,450700000.0,449200000.0,454900000.0,454500000.0,500800000.0,505100000.0,569600000.0,561400000.0,576200000.0,581200000.0,640500000.0,649400000.0,726400000.0,704800000.0,655300000.0,660100000.0,650000000.0,647300000.0,690800000.0,803100000.0,789000000.0,762000000.0
operating_lease_rou_assets,,,,,,,,,,,,,,,,,,,,,,,,,,,,,,,,,,,,,,,368800000.0,368400000.0,384500000.0,393500000.0,374800000.0,362200000.0,346400000.0,373900000.0,370200000.0,358300000.0,330300000.0,358600000.0,382200000.0,363200000.0,347800000.0,346700000.0,355200000.0,377000000.0,366600000.0,400300000.0,385900000.0,382300000.0,374700000.0,378000000.0,377300000.0,456600000.0,630200000.0,598000000.0,585000000.0
goodwill,,742300000.0,,780400000.0,824400000.0,883700000.0,925500000.0,1072900000.0,1092900000.0,1155300000.0,1195600000.0,1285900000.0,1373900000.0,1472700000.0,1468300000.0,1506100000.0,1771500000.0,2145200000.0,2142000000.0,3027600000.0,3296200000.0,3449600000.0,3418000000.0,3569400000.0,3579600000.0,3662900000.0,3693400000.0,3716100000.0,3762600000.0,3753200000.0,3896900000.0,3989000000.0,4160400000.0,4164800000.0,4236300000.0,4403900000.0,4501300000.0,4625600000.0,4800900000.0,5241900000.0,5314800000.0,5618500000.0,5555200000.0,5756400000.0,5832200000.0,6127000000.0,6510900000.0,6630300000.0,6627500000.0,8666200000.0,8727700000.0,9036400000.0,8837200000.0,9489400000.0,9703200000.0,10513700000.0,10469400000.0,11476000000.0,11532100000.0,11915500000.0,12193400000.0,12270000000.0,12715000000.0,13740300000.0,22213300000.0,22593000000.0,22958000000.0
intangible_assets,,438400000.0,,431000000.0,435600000.0,483500000.0,489900000.0,562400000.0,556000000.0,561500000.0,598400000.0,644900000.0,722700000.0,809600000.0,768800000.0,784700000.0,918000000.0,1078800000.0,1093800000.0,1631500000.0,1771100000.0,1776000000.0,1723600000.0,1761500000.0,1741800000.0,1698800000.0,1672900000.0,1659800000.0,1629900000.0,1627300000.0,1682100000.0,1662600000.0,1671200000.0,1644600000.0,1639600000.0,1731000000.0,1772100000.0,1773000000.0,1841400000.0,2008800000.0,2073500000.0,2318700000.0,2246800000.0,2226000000.0,,2399900000.0,,,,3954000000.0,,,,3372100000.0,,,,4633000000.0,4621700000.0,4389400000.0,4353200000.0,4530000000.0,4532000000.0,5131600000.0,10754400000.0,10684000000.0,10366000000.0
total_assets,,3250300000.0,,3555800000.0,3460700000.0,3596000000.0,3691100000.0,4581900000.0,4247200000.0,4483500000.0,4602700000.0,5133600000.0,5009300000.0,5352300000.0,5225100000.0,5562100000.0,5970200000.0,6860500000.0,7275600000.0,10019300000.0,9988000000.0,10010000000.0,9730900000.0,10716100000.0,10510400000.0,10913800000.0,10712600000.0,11384300000.0,11200300000.0,13528200000.0,11780600000.0,12569600000.0,12810400000.0,14909700000.0,16127500000.0,16230500000.0,16114700000.0,16334000000.0,18631400000.0,19200300000.0,19173800000.0,19634800000.0,20836500000.0,21306200000.0,21814900000.0,22331400000.0,24414500000.0,27817200000.0,26915800000.0,33236100000.0,42897500000.0,39850800000.0,38517200000.0,38358400000.0,45094400000.0,54365200000.0,53203900000.0,51616000000.0,60975900000.0,63007700000.0,57242700000.0,64255000000.0,74096000000.0,80122600000.0,79067900000.0,70665000000.0,78301000000.0
accounts_payable,,,,,,,,,,,,,,,,,,,,,,,,,,,,,,,,,,,,,,,,,,,,,,,,,,,,,,,,,,,,,,,,,,,
accrued_liabilities,,,,,,,,,,,,,,,,,,,,,,,,,,,,,,,,,,,,,,,,,,,,,,,,,,,,,,,,,,,,,,,,,,,
deferred_revenue_current,,,,,,,,,,,,,,,,,,,,,,,,,,,,,,404600000.0,,,,430600000.0,390400000.0,395200000.0,396600000.0,457700000.0,402100000.0,429000000.0,421200000.0,503800000.0,423300000.0,453300000.0,465800000.0,541300000.0,526600000.0,530100000.0,527100000.0,579600000.0,577800000.0,559300000.0,525000000.0,609300000.0,626200000.0,656800000.0,634000000.0,705000000.0,720600000.0,697100000.0,680800000.0,537000000.0,629300000.0,627700000.0,767300000.0,737000000.0,809000000.0
short_term_debt,,,,,,,,35000000.0,,10000000.0,92000000.0,48000000.0,,129000000.0,50000000.0,,235500000.0,630500000.0,467400000.0,253000000.0,147000000.0,140000000.0,115000000.0,155000000.0,153000000.0,245000000.0,355000000.0,285000000.0,608000000.0,578000000.0,695000000.0,368000000.0,125000000.0,290000000.0,360000000.0,235000000.0,230000000.0,365000000.0,360000000.0,425000000.0,490000000.0,620000000.0,455000000.0,225000000.0,125000000.0,75000000.0,,200000000.0,200000000.0,245000000.0,250000000.0,710000000.0,440000000.0,310000000.0,675000000.0,920000000.0,425000000.0,670000000.0,108200000.0,280000000.0,200000000.0,200000000.0,515000000.0,640000000.0,770000000.0,640000000.0,640000000.0
operating_lease_liabilities_current,,,,,,,,,,,,,,,,,,,,,,,,,,,,,,,,,,,,,,,80800000.0,75400000.0,82600000.0,86400000.0,,,,88800000.0,,,,82700000.0,,,,82400000.0,,,,84200000.0,,,,91800000.0,,,,131000000.0,
total_current_liabilities,,1474400000.0,,1689900000.0,1532300000.0,1577300000.0,1485300000.0,2287100000.0,1943600000.0,2073600000.0,2044200000.0,2442000000.0,2090300000.0,2362900000.0,2215100000.0,2343700000.0,2577900000.0,3284800000.0,3033600000.0,3875000000.0,3769800000.0,3642700000.0,3438700000.0,3905400000.0,3729200000.0,4187100000.0,4022400000.0,4383700000.0,4398900000.0,4611700000.0,4784700000.0,4858000000.0,4705200000.0,6730200000.0,7742400000.0,7568600000.0,7422600000.0,7693600000.0,8637900000.0,8932500000.0,8910900000.0,8921000000.0,9837800000.0,9864000000.0,10117200000.0,10135000000.0,11516000000.0,12021300000.0,11659800000.0,16735000000.0,26144800000.0,23504700000.0,22456600000.0,21338600000.0,27095700000.0,35588800000.0,34473900000.0,31064700000.0,39636500000.0,41609600000.0,35199500000.0,29260000000.0,37036000000.0,42539600000.0,40760100000.0,32519000000.0,39529000000.0
long_term_debt,,550000000.0,,550000000.0,550000000.0,550000000.0,675000000.0,675000000.0,675000000.0,675000000.0,675000000.0,675000000.0,725000000.0,725000000.0,725000000.0,925000000.0,825000000.0,825000000.0,1425000000.0,2125000000.0,2125000000.0,2125000000.0,2125000000.0,2125000000.0,2125000000.0,2071700000.0,2071800000.0,2344400000.0,2044600000.0,2144600000.0,2144700000.0,2644800000.0,2741700000.0,2691900000.0,2792100000.0,3141000000.0,3141200000.0,3091400000.0,3690300000.0,3815600000.0,3815800000.0,3816100000.0,4315100000.0,4315400000.0,4265700000.0,4266000000.0,4366300000.0,5712200000.0,5072400000.0,5810200000.0,5760900000.0,5561500000.0,5562200000.0,5562800000.0,6022100000.0,6022900000.0,6023600000.0,7006000000.0,7989600000.0,7790900000.0,7791900000.0,12732000000.0,12419800000.0,12097900000.0,12100900000.0,12104000000.0,12077000000.0
operating_lease_liabilities_noncurrent,,,,,,,,,,,,,,,,,,,,,,,,,,,,,,,,,,,,,,,329900000.0,327400000.0,335300000.0,340900000.0,319400000.0,307900000.0,292500000.0,320900000.0,315000000.0,302600000.0,281400000.0,309300000.0,333300000.0,313300000.0,301900000.0,300400000.0,311400000.0,332000000.0,321700000.0,352200000.0,338000000.0,335200000.0,326200000.0,328000000.0,326300000.0,402000000.0,577100000.0,515000000.0,499000000.0
deferred_tax_liabilities,,,,,,,,,,,,,,,,,,,,,,,,,,,,,,,,,,,,,,,,,,,,,,,,,,,,,,,,,,,,,,807000000.0,,,,2742000000.0,
total_liabilities,,2357400000.0,,2590400000.0,2449300000.0,2489300000.0,2544000000.0,3379100000.0,3027900000.0,3239900000.0,3246100000.0,3660700000.0,3373100000.0,3693700000.0,3560400000.0,3860100000.0,4038000000.0,4775000000.0,5131400000.0,6769700000.0,6732000000.0,6704900000.0,6511300000.0,7004600000.0,6802500000.0,7222300000.0,7060300000.0,7728500000.0,7459100000.0,7833800000.0,8053300000.0,8659600000.0,8638200000.0,10610000000.0,11543000000.0,11717400000.0,11502000000.0,11764300000.0,13673200000.0,14252500000.0,14261800000.0,14419300000.0,15766400000.0,15771700000.0,15996700000.0,16098700000.0,17635000000.0,19463200000.0,18445700000.0,24784900000.0,34118400000.0,31128600000.0,30038700000.0,29168200000.0,35236100000.0,43925200000.0,42693900000.0,40800500000.0,49631700000.0,51408400000.0,45033100000.0,44075000000.0,51742000000.0,57066300000.0,55831000000.0,47318000000.0,54499000000.0
retained_earnings,,450300000.0,,456300000.0,468400000.0,488300000.0,466800000.0,471300000.0,480400000.0,482900000.0,470500000.0,500700000.0,519700000.0,510400000.0,506400000.0,554900000.0,583200000.0,596400000.0,596900000.0,648400000.0,683700000.0,676000000.0,636000000.0,710800000.0,778400000.0,774500000.0,753400000.0,835200000.0,889800000.0,916400000.0,901800000.0,1002900000.0,1062100000.0,1221800000.0,1426700000.0,1466000000.0,1517600000.0,1558600000.0,1810200000.0,1839300000.0,1884200000.0,1901300000.0,2161400000.0,2228300000.0,2317300000.0,2371700000.0,2658900000.0,2749100000.0,2873800000.0,2882300000.0,3213000000.0,3388700000.0,3536200000.0,3562200000.0,3930200000.0,4045100000.0,4205700000.0,4052900000.0,4529300000.0,4681200000.0,4860600000.0,4986000000.0,5522900000.0,5720700000.0,5824700000.0,5806000000.0,6446000000.0
treasury_stock,,,,,,,,,,,,,,,,,,,,,,,,,,,,,,,,,,,,,,,,,,,,,,,,,,,,,,,,,,,,,,,,,,,
accumulated_other_comprehensive_income,,-9000000.0,,-13300000.0,-2600000.0,2200000.0,6500000.0,3700000.0,-12100000.0,-47200000.0,-36000000.0,-48100000.0,-25800000.0,-32800000.0,-55000000.0,-72600000.0,-41800000.0,-2600000.0,6900000.0,54200000.0,-83700000.0,-260600000.0,-380200000.0,-338700000.0,-496300000.0,-522500000.0,-535400000.0,-603500000.0,-620500000.0,-763600000.0,-699100000.0,-661900000.0,-498900000.0,-555400000.0,-499500000.0,-651400000.0,-673400000.0,-785600000.0,-721500000.0,-802500000.0,-925100000.0,-759600000.0,-1231100000.0,-982200000.0,-870400000.0,-643600000.0,-527800000.0,-530500000.0,-623200000.0,-726100000.0,-665700000.0,-1057300000.0,-1478700000.0,-1140400000.0,-1101400000.0,-882900000.0,-1064500000.0,-792100000.0,-949000000.0,-939200000.0,-593400000.0,-1151000000.0,-934000000.0,-500300000.0,-581300000.0,-525000000.0,-566000000.0
total_equity,738500000.0,892900000.0,,965400000.0,1011400000.0,1106700000.0,1147100000.0,1202800000.0,1219300000.0,1243600000.0,1356600000.0,1472900000.0,1636200000.0,1672800000.0,1664700000.0,1702000000.0,1932200000.0,2114800000.0,2144200000.0,3249600000.0,3256000000.0,3305100000.0,3145200000.0,3638500000.0,3652400000.0,3688200000.0,3597100000.0,3599900000.0,3686500000.0,3775500000.0,3662500000.0,3844700000.0,4110000000.0,4299700000.0,4584500000.0,4513100000.0,4612700000.0,4569700000.0,4958200000.0,4947800000.0,4912000000.0,5215500000.0,5070100000.0,5534500000.0,5818200000.0,6232700000.0,6779500000.0,8354000000.0,8470100000.0,8560100000.0,9043100000.0,8861800000.0,8629100000.0,9190000000.0,9858300000.0,10440000000.0,10510000000.0,10815000000.0,11344200000.0,11599300000.0,12209600000.0,20180000000.0,22354000000.0,23056300000.0,23205800000.0,23321000000.0,23775000000.0
cash_flow_from_operations,160600000.0,211500000.0,3500000.0,,,229500000.0,-8400000.0,,,284000000.0,-49600000.0,,,343000000.0,51200000.0,,,372500000.0,84100000.0,,,436600000.0,113300000.0,,,686100000.0,100000000.0,,,649600000.0,15500000.0,,,854200000.0,-217600000.0,,,765100000.0,-96200000.0,,,1191100000.0,108600000.0,,,1807100000.0,218700000.0,,,1392400000.0,216600000.0,,,1390000000.0,428500000.0,,,2032000000.0,789300000.0,,,2583000000.0,872000000.0,,,1930000000.0,957000000.0
stock_based_compensation,11400000.0,9900000.0,1000000.0,,,9000000.0,800000.0,,,14300000.0,1000000.0,,,7500000.0,900000.0,,,7700000.0,2400000.0,,,10600000.0,2200000.0,,,11200000.0,3300000.0,,,14700000.0,4100000.0,,,17300000.0,4800000.0,,,13700000.0,3600000.0,,,14000000.0,3300000.0,,,13600000.0,3700000.0,,,13400000.0,2400000.0,,,24400000.0,3800000.0,,,31000000.0,11100000.0,,,42000000.0,14000000.0,,,49000000.0,17000000.0
depreciation_amortization_cf,,,,,,,,,,,,,,,,,,,,,,,,,,,,,,,,,,,,,,,,,,,,,,,,,,,,,,,,,,,,,,,,,,,
capital_expenditure,32000000.0,23500000.0,6000000.0,,,25100000.0,8300000.0,,,45900000.0,13000000.0,,,51000000.0,9300000.0,,,93600000.0,19800000.0,,,81500000.0,17800000.0,,,99000000.0,61900000.0,,,217800000.0,29300000.0,,,,,,,,,,,,,,,,,,,,,,,,,,,,,,,,,,,,
cash_flow_from_investing,-262100000.0,-94600000.0,2600000.0,,,-92600000.0,-26200000.0,,,-311200000.0,-12300000.0,,,-382200000.0,-32800000.0,,,-851700000.0,-44500000.0,,,-2011700000.0,-40300000.0,,,-368900000.0,-111200000.0,,,-485300000.0,-170200000.0,,,-511000000.0,-86900000.0,,,-910300000.0,-141300000.0,,,-1448500000.0,-105000000.0,,,-471400000.0,-350300000.0,,,-3431700000.0,-94300000.0,,,-1004800000.0,-256600000.0,,,-3293000000.0,-191900000.0,,,-1587000000.0,-275000000.0,,,-15876000000.0,-238000000.0
cash_flow_from_financing,40000000.0,-105400000.0,15100000.0,,,-96200000.0,118000000.0,,,65600000.0,69700000.0,,,45900000.0,-92200000.0,,,480000000.0,401500000.0,,,1563500000.0,-104400000.0,,,-31700000.0,-41900000.0,,,-11600000.0,19900000.0,,,-47800000.0,69500000.0,,,162000000.0,507400000.0,,,638400000.0,147900000.0,,,-505100000.0,-118100000.0,,,2995800000.0,17700000.0,,,212600000.0,958100000.0,,,2874000000.0,-5400000.0,,,13052000000.0,1107000000.0,,,1713000000.0,-723000000.0
dividends_paid,118500000.0,127900000.0,32800000.0,,,133500000.0,34700000.0,,,145800000.0,38800000.0,,,204400000.0,44200000.0,,,182600000.0,49300000.0,,,223100000.0,62700000.0,,,257500000.0,68900000.0,,,272200000.0,71400000.0,,,282700000.0,76100000.0,,,301800000.0,79600000.0,,,321100000.0,87400000.0,,,347400000.0,97400000.0,,,392000000.0,106700000.0,,,429500000.0,117400000.0,,,474000000.0,130700000.0,,,525000000.0,166000000.0,,,667000000.0,180000000.0
share_repurchase,1300000.0,1000000.0,200000.0,,,800000.0,300000.0,,,1200000.0,,,,1500000.0,,,,,,,,,,,,,30400000.0,,,101000000.0,,,,17700000.0,11300000.0,,,11300000.0,,,,,,,,,,,,,,,,,,,,,,,,,0.0,,,,310000000.0
shares_outstanding_basic,,100500000.0,,104400000.0,105500000.0,104800000.0,109300000.0,111000000.0,112600000.0,111700000.0,116400000.0,119700000.0,123100000.0,121000000.0,126100000.0,127300000.0,129800000.0,128900000.0,134200000.0,154300000.0,160200000.0,152900000.0,165600000.0,170600000.0,176000000.0,172200000.0,177000000.0,177400000.0,177600000.0,177600000.0,178900000.0,179900000.0,180500000.0,180100000.0,181500000.0,182400000.0,183300000.0,182700000.0,184500000.0,185800000.0,186300000.0,186000000.0,188700000.0,190500000.0,191900000.0,191000000.0,194600000.0,201300000.0,207000000.0,202700000.0,209000000.0,210200000.0,210700000.0,210300000.0,212800000.0,214900000.0,215700000.0,214900000.0,217500000.0,218800000.0,219300000.0,250000000.0,254800000.0,256400000.0,256800000.0,257000000.0,256900000.0
shares_outstanding_diluted,,,,,,,,,,,,,,,,,,,,,,,,,,,,,,,,,,,,,,,,,,,,,,,,,,,,,,,,,,,,,,,,,,,
total_debt,,,,,,,,710000000.0,,685000000.0,767000000.0,723000000.0,,854000000.0,775000000.0,,1060500000.0,1455500000.0,1892400000.0,2378000000.0,2272000000.0,2265000000.0,2240000000.0,2280000000.0,2278000000.0,2316700000.0,2426800000.0,2629400000.0,2652600000.0,2722600000.0,2839700000.0,3012800000.0,2866700000.0,2981900000.0,3152100000.0,3376000000.0,3371200000.0,3456400000.0,4050300000.0,4240600000.0,4305800000.0,4436100000.0,4770100000.0,4540400000.0,4390700000.0,4341000000.0,,5912200000.0,5272400000.0,6055200000.0,6010900000.0,6271500000.0,6002200000.0,5872800000.0,6697100000.0,6942900000.0,6448600000.0,7676000000.0,8097800000.0,8070900000.0,7991900000.0,12932000000.0,12934800000.0,12737900000.0,12870900000.0,12744000000.0,12717000000.0
current_stock_price,16.32,15.05,16.63,16.72,18.3,20.41,21.57,20.49,19.11,24.54,26.48,26.24,27.05,26.42,31.78,33.88,34.13,36.97,37.78,37.29,36.58,38.25,38.29,39.04,34.37,34.38,37.7,40.67,43.8,45.07,49.38,50.34,54.49,56.35,61.57,58.84,67.47,67.16,71.56,80.65,82.87,88.51,76.08,91.42,99.42,116.95,118.42,133.38,142.01,162.58,167.84,157.23,165.58,182.8,186.03,214.1,222.78,220.29,245.54,255.25,277.53,280.53,341.85,317.61,307.98,258.0,216.58
market_cap,,1512460995.197296,,1745222641.7541504,1930951958.656311,2138580796.8139648,2357846756.55365,2274152429.5806885,2152017373.275757,2741129820.06073,3082036166.381836,3140952858.352661,3330152156.0668945,3196320350.6469727,4007565838.050842,4312463776.779175,4429958274.078369,4765654920.578003,5070038465.118408,5754338040.161133,5860214071.655273,5849148251.342773,6340501977.539063,6659745176.696777,6048984863.28125,5919574694.824219,6673141181.945801,7214082822.418213,7778024194.3359375,8004032226.5625,8833794197.46399,9056722587.58545,9835529994.9646,10149165797.042849,11175252662.658691,10732621289.0625,12367957450.10376,12271031728.363035,13202249462.127686,14984213189.697266,15437911136.627195,16463481948.85254,14356931238.555908,17415413726.80664,19079182259.368896,22336910247.80273,23043581448.364258,26849778932.18994,29396912200.92773,32954239526.367188,35078438049.31641,33049029852.29492,34887709600.83008,38442349676.51367,39586800585.9375,46009179718.01758,48053247486.87744,47340660585.02197,53404600067.13867,55848720031.73828,60861913796.99707,70132186889.64844,87104454626.46484,81435145471.1914,79088741748.04688,66306305877.68555,55639402470.39795
enterprise_value,,1306560995.197296,,1515222641.7541504,1634651958.656311,1888780796.8139648,2024646756.55365,2720952429.5806885,1910617373.2757568,3134929820.06073,3547236166.381836,3581852858.352661,3024952156.0668945,3748220350.6469727,4558565838.050842,4072463776.779175,5203558274.078369,5923054920.578003,6223238465.118408,7158838040.161133,7841714071.655273,6432148251.342773,8303701977.5390625,8618045176.696777,7957284863.28125,6343774694.824219,8674541181.9458,9432382822.418213,9898824194.335938,8789032226.5625,11109494197.46399,11481722587.58545,12137329994.9646,12449865797.042849,13629452662.658691,13456421289.0625,15134157450.10376,15120231728.363035,16381049462.127686,18712513189.697266,19164811136.6272,20294781948.85254,18774231238.55591,21606113726.80664,22839982259.368896,26013310247.80273,22517281448.364258,29557878932.18994,31934212200.92773,38141739526.36719,40354938049.31641,38767629852.29492,40260109600.83008,43576749676.51367,44734000585.9375,51999779718.01758,53474347486.87744,54045660585.02197,59739800067.13867,62504320031.73828,66831413796.99707,68077186889.64844,83347254626.46484,79873545471.1914,90560341748.04688,77654305877.68555,66943402470.39795
beta_3y,0.4344,0.4931,0.4852,0.5019,0.5106,0.5129,0.5081,0.5023,0.5214,0.7585,0.8154,0.7938,0.8088,0.7921,0.8253,0.8326,0.8319,0.8341,0.8489,0.8507,0.819,0.7825,0.7885,0.7981,0.7956,0.7926,0.8116,0.8396,0.8327,0.8397,0.828,0.8328,0.8266,0.8347,0.8389,0.8502,0.8682,0.8266,0.8048,0.7614,0.7742,0.7688,0.8916,0.9224,0.9084,0.8988,0.8972,0.8978,0.9025,0.9254,0.9356,0.9345,0.9172,0.9025,0.8547,0.7906,0.7904,0.7924,0.7799,0.7668,0.7115,0.7056,0.6186,0.5125,0.4818,0.3913,0.3196
risk_free_rate,0.0224399995803833,0.0384299993515014,0.0383299994468689,0.0295099997520446,0.0251699995994567,0.033050000667572,0.034539999961853,0.031579999923706,0.0192400002479553,0.0187100005149841,0.0221600008010864,0.0165900003910064,0.0163699996471405,0.0175600004196166,0.0185199999809265,0.024779999256134,0.0261500000953674,0.0302600002288818,0.0272300004959106,0.0251600003242492,0.0250799989700317,0.0217000007629394,0.0193400001525878,0.0233500003814697,0.0205999994277954,0.0226900005340576,0.0178600001335144,0.0148800003528594,0.0160800004005432,0.0244600009918212,0.0239599990844726,0.0230200004577636,0.0232599997520446,0.0240499997138977,0.0274099993705749,0.0284899997711181,0.0305599999427795,0.0268600010871887,0.0241400003433227,0.02,0.0167499995231628,0.019190000295639,0.0069800001382827,0.0065299999713897,0.0067699998617172,0.0091699999570846,0.0174600005149841,0.01442999958992,0.0152900004386901,0.0151199996471405,0.0232699990272521,0.0297199988365173,0.0380399990081787,0.0387899994850158,0.0349399995803833,0.0381900000572204,0.0457299995422363,0.0386599993705749,0.042059998512268,0.0434299993515014,0.0380200004577636,0.0457299995422363,0.0424599981307983,0.0423000001907348,0.0414799976348876,0.0416300010681152,0.0431099987030029
wacc,,,,,,,,0.05,,0.0566,0.0575,0.0514,,0.0567,0.0564,,0.0624,0.0662,0.0597,0.0567,0.0561,0.0553,0.0503,0.0548,0.0512,0.0575,0.0496,0.0479,0.0494,0.0608,0.0572,0.0562,0.0574,0.0615,0.0621,0.0626,0.0667,0.0634,0.0568,0.0517,0.0493,0.0552,0.0447,0.0476,0.0479,0.0563,,0.0547,0.0569,0.0614,0.0666,0.072,0.08,0.0816,0.0741,0.0749,0.0829,0.0752,0.0782,0.0791,0.0716,0.077,0.071,0.0654,0.063,0.0595,0.0557
ebitda,,,344900000.0,,,1477900000.0,,435300000.0,461000000.0,1719600000.0,430500000.0,507400000.0,511800000.0,1966900000.0,493000000.0,578200000.0,570100000.0,2259800000.0,610000000.0,746200000.0,781900000.0,2893900000.0,740000000.0,,,,,,,3599200000.0,,,,3905100000.0,1221000000.0,1026600000.0,1075400000.0,4342100000.0,-26700000.0,-151200000.0,-247500000.0,4914100000.0,1460600000.0,1242400000.0,1363200000.0,5360100000.0,1660900000.0,1448500000.0,1544900000.0,6115000000.0,2130300000.0,,,7341500000.0,,,,,,,,,,,,,
free_cash_flow,128600000.0,188000000.0,-2500000.0,,,204400000.0,-16700000.0,,,238100000.0,-62600000.0,,,292000000.0,41900000.0,,,278900000.0,64300000.0,,,355100000.0,95500000.0,,,587100000.0,38100000.0,,,431800000.0,-13800000.0,,,,,,,,,,,,,,,,,,,,,,,,,,,,,,,,,,,,
