Financials,2009-01-31,2009-08-01,2009-10-31,2010-01-30,2010-05-01,2010-07-31,2010-10-30,2011-01-29,2011-04-30,2011-07-30,2011-10-29,2012-01-28,2012-04-28,2012-07-28,2012-10-27,2013-02-02,2013-05-04,2013-08-03,2013-11-02,2014-02-01,2014-05-03,2014-08-02,2014-11-01,2015-01-31,2015-05-02,2015-08-01,2015-10-31,2016-01-30,2016-04-30,2016-07-30,2016-10-29,2017-01-28,2017-04-29,2017-07-29,2017-10-28,2018-02-03,2018-05-05,2018-08-04,2018-11-03,2019-02-02,2019-05-04,2019-08-03,2019-11-02,2020-02-01,2020-05-02,2020-08-01,2020-10-31,2021-01-30,2021-05-01,2021-07-31,2021-10-30,2022-01-29,2022-04-30,2022-07-30,2022-10-29,2023-01-28,2023-04-29,2023-07-29,2023-10-28,2024-02-03,2024-05-04,2024-08-03,2024-11-02,2025-02-01,2025-05-03,2025-08-02,2025-11-01,2026-01-31
revenue,4130128000.0,1126767000.0,989816000.0,4412835000.0,1047531000.0,1226063000.0,1078984000.0,4871492000.0,1113849000.0,1306695000.0,1179702000.0,5211802000.0,1281704000.0,1437041000.0,1312072000.0,5836119000.0,1333701000.0,1531431000.0,1400623000.0,6213173000.0,1438908000.0,1688890000.0,1526675000.0,6814479000.0,1565308000.0,1822979000.0,1642627000.0,7270965000.0,1660343000.0,1967857000.0,1810347000.0,7921981000.0,1825252000.0,2156911000.0,1944187000.0,8590472000.0,1909719000.0,2177488000.0,1857273000.0,8436570000.0,1920677000.0,2259212000.0,1962204000.0,8750743000.0,1333228000.0,2713372000.0,2412112000.0,9584019000.0,2918719000.0,3274842000.0,2747647000.0,12293368000.0,2700205000.0,3112419000.0,2958861000.0,12368198000.0,2842181000.0,3223643000.0,3042405000.0,12984399000.0,3018383000.0,3473635000.0,3057181000.0,13442849000.0,3174677000.0,3646616000.0,4167773000.0,17215120000.0
cost_of_goods_sold,2946079000.0,816866000.0,722985000.0,3195899000.0,745311000.0,865918000.0,771913000.0,3422462000.0,783406000.0,905620000.0,829111000.0,3616921000.0,887097000.0,989261000.0,905948000.0,3998956000.0,922047000.0,1052101000.0,975724000.0,4269223000.0,998025000.0,1186334000.0,1074703000.0,4727813000.0,1096320000.0,1269421000.0,1154251000.0,5088078000.0,1164546000.0,1370479000.0,1257504000.0,5556198000.0,1283387000.0,1519689000.0,1410067000.0,6101412000.0,1349350000.0,1518207000.0,1333719000.0,5998788000.0,1356868000.0,1582141000.0,1381562000.0,6196185000.0,1113900000.0,1776497000.0,1569938000.0,6533312000.0,1830092000.0,1967765000.0,1691071000.0,7581482000.0,1715491000.0,1991037000.0,1946438000.0,8083640000.0,1813564000.0,2114167000.0,1980942000.0,8450664000.0,1923090000.0,2197935000.0,1963737000.0,8617153000.0,2009591000.0,2295344000.0,2786913000.0,11547858000.0
gross_profit,1184049000.0,309901000.0,266831000.0,1216936000.0,302220000.0,360145000.0,307071000.0,1449030000.0,330443000.0,401075000.0,350591000.0,1594881000.0,394607000.0,447780000.0,406124000.0,1837163000.0,411654000.0,479330000.0,424899000.0,1943950000.0,440883000.0,502556000.0,451972000.0,2086666000.0,468988000.0,553558000.0,488376000.0,2182887000.0,495797000.0,597378000.0,552843000.0,2365783000.0,541865000.0,637222000.0,534120000.0,2489060000.0,560369000.0,659281000.0,523554000.0,2437782000.0,563809000.0,677071000.0,580642000.0,2554558000.0,219328000.0,936875000.0,842174000.0,3050707000.0,1088627000.0,1307077000.0,1056576000.0,4711886000.0,984714000.0,1121382000.0,1012423000.0,4284558000.0,1028617000.0,1109476000.0,1061463000.0,4533735000.0,1095293000.0,1275700000.0,1093444000.0,4825696000.0,1165086000.0,1351272000.0,1380860000.0,5667262000.0
research_and_development,225499000.0,7329000.0,4645000.0,19340000.0,2079000.0,715000.0,6396000.0,10488000.0,2266000.0,3655000.0,6796000.0,14593000.0,2741000.0,2276000.0,9294000.0,16076000.0,1329000.0,5285000.0,12122000.0,20823000.0,6206000.0,7940000.0,14334000.0,30518000.0,6340000.0,9216000.0,16280000.0,34620000.0,6518000.0,8487000.0,19304000.0,40286000.0,12456000.0,7765000.0,8220000.0,29123000.0,2709000.0,1429000.0,1997000.0,6473000.0,578000.0,996000.0,3313000.0,5268000.0,2280000.0,2485000.0,4964000.0,10696000.0,4524000.0,3256000.0,4765000.0,13300000.0,2900000.0,3836000.0,7212000.0,21686000.0,9149000.0,32929000.0,20331000.0,67840000.0,21095000.0,8931000.0,16779000.0,57492000.0,13442000.0,20350000.0,169163000.0,233191000.0
selling_general_and_admin,928170000.0,238745000.0,230430000.0,972025000.0,253149000.0,271372000.0,272467000.0,1129293000.0,263735000.0,285729000.0,272233000.0,1148268000.0,296131000.0,310864000.0,314637000.0,1297413000.0,312708000.0,336950000.0,333724000.0,1386315000.0,322589000.0,383054000.0,357708000.0,1502089000.0,360736000.0,395935000.0,395015000.0,1613075000.0,398568000.0,441721000.0,459782000.0,1875643000.0,439341000.0,470267000.0,475899000.0,1982363000.0,470328000.0,495325000.0,468691000.0,1986576000.0,487158000.0,521072000.0,531704000.0,2173677000.0,403221000.0,543033000.0,591117000.0,2298534000.0,608294000.0,640268000.0,631943000.0,2664083000.0,615293000.0,657368000.0,679747000.0,2799853000.0,693845000.0,764788000.0,768188000.0,3183530000.0,743399000.0,796673000.0,790621000.0,3294272000.0,785528000.0,878737000.0,1118600000.0,4338162000.0
operating_expenses,1153669000.0,246074000.0,235075000.0,991365000.0,255228000.0,272087000.0,278863000.0,1139781000.0,266001000.0,289384000.0,279029000.0,1162861000.0,298872000.0,313140000.0,323931000.0,1313489000.0,314037000.0,342235000.0,345846000.0,1407138000.0,328795000.0,390994000.0,372042000.0,1532607000.0,367076000.0,405151000.0,411295000.0,1647695000.0,405086000.0,450208000.0,479086000.0,1915929000.0,451797000.0,478032000.0,484119000.0,2011486000.0,473037000.0,496754000.0,470688000.0,1993049000.0,487736000.0,522068000.0,535017000.0,2178945000.0,405501000.0,545518000.0,596081000.0,2309230000.0,612818000.0,643524000.0,636708000.0,2677383000.0,618193000.0,661204000.0,686959000.0,2821539000.0,702994000.0,797717000.0,788519000.0,3251370000.0,764494000.0,805604000.0,807400000.0,3351764000.0,798970000.0,899087000.0,1287763000.0,4571353000.0
operating_income_ebit,30380000.0,63827000.0,31756000.0,225571000.0,46992000.0,88058000.0,28208000.0,309249000.0,64442000.0,111691000.0,71562000.0,432020000.0,95735000.0,134640000.0,82193000.0,523674000.0,97617000.0,137095000.0,79053000.0,536812000.0,112088000.0,111562000.0,79930000.0,554059000.0,101912000.0,148407000.0,77081000.0,535192000.0,90711000.0,147170000.0,73757000.0,449854000.0,90068000.0,159190000.0,50001000.0,477574000.0,87332000.0,162527000.0,52866000.0,444733000.0,76073000.0,155003000.0,45625000.0,375613000.0,-186173000.0,391357000.0,246093000.0,741477000.0,475809000.0,663553000.0,419868000.0,2034503000.0,366521000.0,460178000.0,325464000.0,1463019000.0,325623000.0,311759000.0,272944000.0,1282365000.0,330799000.0,470096000.0,286044000.0,1473932000.0,366116000.0,452185000.0,93097000.0,1095909000.0
depreciation_and_amortization_expense,90732000.0,,,100948000.0,25866000.0,,,110394000.0,27436000.0,,,116581000.0,27656000.0,,,125096000.0,32808000.0,,,154928000.0,36859000.0,,,179431000.0,42576000.0,,,193594000.0,47990000.0,,,233834000.0,53044000.0,,,273700000.0,56433000.0,,,285800000.0,,,,307200000.0,,,,326014000.0,78366000.0,,,322551000.0,79673000.0,,,365475000.0,82348000.0,,,393933000.0,91477000.0,,101141000.0,400409000.0,97860000.0,,128021000.0,488630000.0
interest_income,,,,,,,,,,,,,,,,,,,,,,,,,,,,,,,,,,,,,,,,,,,,,,,,,,,,,,,,,,,,,,,,,,,,
interest_expense,17430000.0,1051000.0,878000.0,4543000.0,3508000.0,3502000.0,3518000.0,14016000.0,3484000.0,3480000.0,3540000.0,13868000.0,3449000.0,1000000.0,860000.0,6034000.0,669000.0,716000.0,696000.0,2929000.0,610000.0,763000.0,858000.0,3215000.0,634000.0,840000.0,1076000.0,4012000.0,1131000.0,1618000.0,1265000.0,5856000.0,1264000.0,2216000.0,2839000.0,8047000.0,2656000.0,3050000.0,2606000.0,10248000.0,3081000.0,5550000.0,4278000.0,17012000.0,8045000.0,14682000.0,12769000.0,48812000.0,13381000.0,13801000.0,13789000.0,57839000.0,25642000.0,25494000.0,26131000.0,95220000.0,15043000.0,14384000.0,14382000.0,58023000.0,13835000.0,13521000.0,12947000.0,52987000.0,12138000.0,16118000.0,18339000.0,64263000.0
tax_expense,53686000.0,24812000.0,12729000.0,78666000.0,17963000.0,32394000.0,9004000.0,97429000.0,5141000.0,47746000.0,24970000.0,168120000.0,-5123000.0,47553000.0,32307000.0,199116000.0,38331000.0,53951000.0,31115000.0,208509000.0,43858000.0,43345000.0,30347000.0,211816000.0,40083000.0,56575000.0,27605000.0,200484000.0,34770000.0,56065000.0,27356000.0,171026000.0,33488000.0,59059000.0,21017000.0,177892000.0,23705000.0,42267000.0,12365000.0,112056000.0,22205000.0,38501000.0,19562000.0,110242000.0,-64318000.0,114340000.0,59854000.0,181484000.0,108022000.0,161038000.0,91314000.0,474567000.0,71298000.0,108819000.0,75703000.0,340610000.0,23638000.0,81543000.0,67540000.0,271632000.0,67061000.0,120101000.0,69260000.0,353725000.0,83434000.0,128414000.0,29195000.0,292734000.0
net_income,-39865000.0,38925000.0,18854000.0,135359000.0,26209000.0,51516000.0,16863000.0,182077000.0,37498000.0,73848000.0,41484000.0,263906000.0,57157000.0,53663000.0,50139000.0,290709000.0,64821000.0,84163000.0,49977000.0,337598000.0,69984000.0,69467000.0,49211000.0,344198000.0,63345000.0,90839000.0,47215000.0,330391000.0,56877000.0,91417000.0,48914000.0,287396000.0,58195000.0,112385000.0,36913000.0,323445000.0,60085000.0,119397000.0,37827000.0,319864000.0,57525000.0,112534000.0,57584000.0,297462000.0,-143422000.0,276843000.0,177216000.0,530251000.0,361756000.0,495509000.0,316513000.0,1519871000.0,260559000.0,318502000.0,228456000.0,1043138000.0,304649000.0,244331000.0,201106000.0,1046519000.0,275295000.0,362230000.0,227813000.0,1165308000.0,264288000.0,381402000.0,75212000.0,849239000.0
basic_eps,-0.36,0.35,0.17,1.2,0.23,0.44,0.15,1.57,0.31,0.61,0.34,2.19,0.47,0.45,0.41,2.39,0.53,0.68,0.41,2.75,0.58,0.58,0.42,2.89,0.54,0.78,0.41,2.87,0.51,0.82,0.44,2.59,0.53,1.04,0.35,3.02,0.59,1.21,0.39,3.27,0.62,1.28,0.68,3.4,-1.71,3.29,2.1,6.29,4.27,5.86,3.79,18.27,3.42,4.21,2.94,13.43,3.67,2.9,2.46,12.72,3.42,4.5,2.83,14.48,3.33,4.82,0.88,10.22
diluted_eps,-0.36,0.33,0.16,1.15,0.22,0.43,0.14,1.5,0.3,0.59,0.33,2.1,0.45,0.43,0.4,2.31,0.52,0.67,0.4,2.69,0.57,0.57,0.41,2.84,0.53,0.77,0.41,2.83,0.5,0.82,0.44,2.56,0.52,1.03,0.35,3.01,0.59,1.2,0.39,3.24,0.61,1.26,0.66,3.34,-1.71,3.12,1.84,5.72,3.41,4.53,2.78,13.87,2.47,3.25,2.45,10.78,3.4,2.82,2.39,12.18,3.3,4.37,2.75,14.05,3.24,4.71,0.86,9.97
cash_and_cash_equivalents,74837000.0,51315000.0,39694000.0,225611000.0,206958000.0,278169000.0,159446000.0,546052000.0,532525000.0,626415000.0,483372000.0,734402000.0,520967000.0,350404000.0,294493000.0,345214000.0,113889000.0,134765000.0,65647000.0,181731000.0,139372000.0,100132000.0,77933000.0,221679000.0,81409000.0,123220000.0,73799000.0,118936000.0,92493000.0,112325000.0,85408000.0,164777000.0,108400000.0,131615000.0,111815000.0,101253000.0,104599000.0,124270000.0,92103000.0,113653000.0,92423000.0,116733000.0,87622000.0,69334000.0,1484004000.0,1061141000.0,1059994000.0,1658067000.0,1858737000.0,2236733000.0,1372892000.0,2643205000.0,2251338000.0,1895521000.0,1437997000.0,1924386000.0,1642680000.0,1901903000.0,1406214000.0,1801220000.0,1649077000.0,1691899000.0,1458655000.0,1689940000.0,1035889000.0,1231022000.0,821331000.0,1353226000.0
marketable_securities,,,,,,,,,,,,,,,,,,,,,,,,,,,,,,,,,,,,,,,,,,,,,,,,,,,,,,,,,,,,,,,,,,,,
accounts_receivable,,,,35435000.0,,45462000.0,66321000.0,34978000.0,43474000.0,55587000.0,63568000.0,38338000.0,42025000.0,53704000.0,57212000.0,34625000.0,46064000.0,84956000.0,81389000.0,60779000.0,66479000.0,102248000.0,87944000.0,80292000.0,63871000.0,106753000.0,96406000.0,61395000.0,111973000.0,144458000.0,121189000.0,75199000.0,85918000.0,86355000.0,88979000.0,60107000.0,67225000.0,63977000.0,57559000.0,37970000.0,52382000.0,64096000.0,70463000.0,53173000.0,100895000.0,74790000.0,77212000.0,,,,,,,,,,,,,,,,,,,,,
inventory,,,,895776000.0,,985799000.0,1162152000.0,896895000.0,1054871000.0,1026861000.0,1243152000.0,1014997000.0,1201753000.0,1134594000.0,1382684000.0,1096186000.0,1312737000.0,1275215000.0,1570034000.0,1232065000.0,1480724000.0,1418660000.0,1765119000.0,1390767000.0,1623753000.0,1615722000.0,1997105000.0,1527187000.0,1742948000.0,1715530000.0,2092402000.0,1638632000.0,1916508000.0,1917912000.0,2178495000.0,1711103000.0,1842897000.0,1795794000.0,2196777000.0,1824696000.0,2142022000.0,2136797000.0,2573250000.0,2202275000.0,2096964000.0,1875152000.0,2319992000.0,1953568000.0,2012054000.0,2011020000.0,2490438000.0,2297609000.0,2824832000.0,2995963000.0,3361057000.0,2830917000.0,3034202000.0,2851366000.0,3282911000.0,2848797000.0,3201148000.0,3178024000.0,3725912000.0,3349830000.0,3569353000.0,3403914000.0,5640833000.0,4907823000.0
prepaid_expenses,,,,,,,,,,,,,,,,,,,,,,,,,,,,,,,,,,,,,,,,,,,,,,,,,,,,,,,,,,,,,,,,,,,,
total_current_assets,,,,1222361000.0,,1385000000.0,1488480000.0,1564330000.0,1721395000.0,1787325000.0,1902842000.0,1868393000.0,1856500000.0,1641307000.0,1799290000.0,1595889000.0,1602922000.0,1652675000.0,1904925000.0,1620071000.0,1820902000.0,1757160000.0,2075865000.0,1798798000.0,1883554000.0,1950229000.0,2283784000.0,1812690000.0,2070678000.0,2084769000.0,2444105000.0,1995678000.0,2254616000.0,2277284000.0,2582076000.0,2006085000.0,2163566000.0,2124942000.0,2495329000.0,2122398000.0,2439704000.0,2466017000.0,2876915000.0,2410016000.0,3840403000.0,3093252000.0,3545299000.0,3759650000.0,4041325000.0,4418936000.0,4046165000.0,5106656000.0,5256665000.0,5076673000.0,4986462000.0,4963186000.0,4942989000.0,5022044000.0,4943997000.0,4890049000.0,5161766000.0,5180535000.0,5535959000.0,5417707000.0,5030826000.0,5054047000.0,7351397000.0,7104791000.0
property_plant_equipment,,,,662304000.0,,677779000.0,693003000.0,684886000.0,712812000.0,737484000.0,745129000.0,775896000.0,779191000.0,817427000.0,851302000.0,840135000.0,876734000.0,937310000.0,1059865000.0,1084529000.0,1077254000.0,1138182000.0,1195274000.0,1203382000.0,1220471000.0,1297302000.0,1341166000.0,1347885000.0,1406471000.0,1475797000.0,1492274000.0,1522574000.0,1568523000.0,1611834000.0,1679872000.0,1677340000.0,1644388000.0,1611532000.0,1578313000.0,1565271000.0,1478910000.0,1479855000.0,1436975000.0,1415728000.0,1369873000.0,1348059000.0,1336676000.0,1300265000.0,1319774000.0,1323174000.0,1314567000.0,1319681000.0,1305137000.0,1321737000.0,1342786000.0,1312988000.0,1372776000.0,1520678000.0,1569703000.0,1638161000.0,1750634000.0,1862206000.0,1958017000.0,2069914000.0,2268866000.0,2431782000.0,3336701000.0,3512776000.0
operating_lease_rou_assets,,,,,,,,,,,,,,,,,,,,,,,,,,,,,,,,,,,,,0.0,0.0,0.0,0.0,2484660000.0,2454929000.0,2378399000.0,244153000.0,2260189000.0,2213158000.0,2177006000.0,299619000.0,2150664000.0,2083010000.0,2070135000.0,368515000.0,2048151000.0,2071084000.0,2025149000.0,558779000.0,2207631000.0,2269101000.0,2243025000.0,697499000.0,2262793000.0,2346020000.0,2382697000.0,2367317000.0,2396687000.0,2424625000.0,4658820000.0,4594670000.0
goodwill,,,,200594000.0,,200594000.0,200594000.0,200594000.0,200594000.0,200594000.0,200594000.0,200594000.0,200594000.0,200594000.0,200594000.0,200594000.0,200594000.0,200594000.0,200594000.0,200594000.0,200594000.0,200594000.0,200594000.0,200594000.0,200594000.0,200594000.0,200594000.0,200594000.0,200594000.0,200594000.0,200594000.0,245059000.0,245059000.0,245126000.0,245126000.0,250476000.0,250476000.0,250476000.0,250476000.0,250476000.0,250476000.0,250476000.0,245857000.0,245857000.0,245857000.0,245857000.0,245857000.0,245857000.0,245857000.0,245857000.0,245857000.0,245857000.0,245857000.0,245857000.0,245857000.0,245857000.0,250398000.0,250503000.0,245857000.0,245857000.0,245857000.0,245857000.0,245857000.0,245857000.0,245857000.0,245857000.0,699352000.0,864047000.0
intangible_assets,,,,47557000.0,,47585000.0,47308000.0,51070000.0,51446000.0,51098000.0,50755000.0,50490000.0,70300000.0,75061000.0,99033000.0,98903000.0,98380000.0,97858000.0,98792000.0,98255000.0,97795000.0,84901000.0,111195000.0,110162000.0,110179000.0,108240000.0,109827000.0,109440000.0,109053000.0,130062000.0,137155000.0,140835000.0,139447000.0,137920000.0,144896000.0,136587000.0,134979000.0,133373000.0,131763000.0,130166000.0,128563000.0,127079000.0,123855000.0,94768000.0,93676000.0,92584000.0,91585000.0,90051000.0,89119000.0,88157000.0,87195000.0,86767000.0,86160000.0,85553000.0,84946000.0,60364000.0,63600000.0,62993000.0,56754000.0,56663000.0,56591000.0,56520000.0,56472000.0,58598000.0,58598000.0,58598000.0,796715000.0,768575000.0
total_assets,,,,2245333000.0,,2434604000.0,2551856000.0,2597536000.0,2774210000.0,2863383000.0,2974632000.0,2996452000.0,3055146000.0,2862940000.0,3069581000.0,2887807000.0,2937875000.0,3019471000.0,3347895000.0,3071487000.0,3269437000.0,3255483000.0,3655532000.0,3391704000.0,3494109000.0,3639091000.0,4029349000.0,3559336000.0,3878367000.0,3987666000.0,4382206000.0,4058296000.0,4332724000.0,4395311000.0,4784914000.0,4203939000.0,4319414000.0,4245158000.0,4583758000.0,4187149000.0,6911994000.0,6915215000.0,7206999000.0,6628560000.0,7952550000.0,7152569000.0,7565490000.0,7752859000.0,8066580000.0,8386164000.0,7999279000.0,9041676000.0,9219800000.0,9065275000.0,8956600000.0,8992196000.0,9107812000.0,9357364000.0,9282326000.0,9311752000.0,9704995000.0,9935959000.0,10451811000.0,10458694000.0,10434582000.0,10690771000.0,17427088000.0,17411499000.0
accounts_payable,,,,431366000.0,,532007000.0,609099000.0,446511000.0,602280000.0,553108000.0,663091000.0,510398000.0,654596000.0,561161000.0,665608000.0,507247000.0,658626000.0,598263000.0,738196000.0,562439000.0,701005000.0,688442000.0,826945000.0,614511000.0,777800000.0,783722000.0,941973000.0,677864000.0,778977000.0,790217000.0,1031587000.0,755537000.0,930291000.0,968396000.0,1061776000.0,843075000.0,791646000.0,835098000.0,1028234000.0,889908000.0,932055000.0,906721000.0,1097564000.0,1001589000.0,844991000.0,1094258000.0,1394904000.0,1258093000.0,1239503000.0,1213449000.0,1399716000.0,1281322000.0,1491931000.0,1489321000.0,1473424000.0,1206066000.0,1220003000.0,1320662000.0,1630402000.0,1288728000.0,1476444000.0,1426650000.0,1699957000.0,1497743000.0,1542749000.0,1401800000.0,2134710000.0,1986990000.0
accrued_liabilities,,,,246414000.0,,252814000.0,252203000.0,279284000.0,243814000.0,284457000.0,266162000.0,264073000.0,230230000.0,275158000.0,296232000.0,269900000.0,246652000.0,295010000.0,316421000.0,265040000.0,273761000.0,305937000.0,307708000.0,283828000.0,275561000.0,336597000.0,345052000.0,289001000.0,328177000.0,359607000.0,375553000.0,384210000.0,356478000.0,365680000.0,378477000.0,354181000.0,302985000.0,349701000.0,350737000.0,364342000.0,320603000.0,391555000.0,379774000.0,415501000.0,317026000.0,462284000.0,449304000.0,518134000.0,499071000.0,564400000.0,522010000.0,620143000.0,462085000.0,503759000.0,500246000.0,508573000.0,495743000.0,597740000.0,550006000.0,551369000.0,616947000.0,604372000.0,665678000.0,653324000.0,629484000.0,666451000.0,1082852000.0,1115306000.0
deferred_revenue_current,,,,,,,,,,,,,,,,,,,,,,,,,,,,,,,,,,,,,,,,,,,,,,,,,,,,,,,,,,,,,,,,,,,,
short_term_debt,,,,,,,,,,,,,,,,,,,,,,,,,,,,,,,,,,,,,,,,4523000.0,,,,0.0,,,,,,,,,,,,,,,,,,,,,,,,
operating_lease_liabilities_current,,,,,,,,,,,,,,,,,,,,,,,,,,,,,,,,,,,,,0.0,0.0,0.0,0.0,367768000.0,410477000.0,417912000.0,422970000.0,505678000.0,474769000.0,474803000.0,472670000.0,468318000.0,468667000.0,478674000.0,480318000.0,476343000.0,482195000.0,487119000.0,546755000.0,466911000.0,499189000.0,485033000.0,492856000.0,485854000.0,489511000.0,517968000.0,503236000.0,496129000.0,504975000.0,995456000.0,1004909000.0
total_current_liabilities,,,,795675000.0,,876871000.0,941454000.0,848543000.0,946749000.0,955070000.0,1016534000.0,940146000.0,1158761000.0,946335000.0,1066657000.0,1000768000.0,1052921000.0,1025451000.0,1169004000.0,1002587000.0,1144545000.0,1132882000.0,1258779000.0,1118833000.0,1229050000.0,1282093000.0,1421193000.0,1191675000.0,1283310000.0,1315611000.0,1554340000.0,1397415000.0,1514483000.0,1509500000.0,1607109000.0,1425014000.0,1312555000.0,1388731000.0,1554081000.0,1504639000.0,1855388000.0,1925391000.0,2081645000.0,2076474000.0,1886980000.0,2283377000.0,2537772000.0,2550198000.0,2587511000.0,2567304000.0,2668302000.0,2712680000.0,2802839000.0,2781951000.0,2762130000.0,2641446000.0,2525155000.0,2775679000.0,2989394000.0,2752394000.0,3022173000.0,2921006000.0,3217732000.0,3080062000.0,3112419000.0,2979517000.0,4676913000.0,4643558000.0
long_term_debt,,,,141265000.0,,140807000.0,145949000.0,140841000.0,139605000.0,139359000.0,139108000.0,151596000.0,14446000.0,14407000.0,14157000.0,7762000.0,7137000.0,6360000.0,6596000.0,6476000.0,6356000.0,6232000.0,6108000.0,5913000.0,5781000.0,5627000.0,5477000.0,5324000.0,5180000.0,5013000.0,4861000.0,4679000.0,4520000.0,4343000.0,61413000.0,60084000.0,58769000.0,57424000.0,56111000.0,51562000.0,,,,0.0,,,,,,,,,,,,,,,,,,,,,,,,
operating_lease_liabilities_noncurrent,,,,,,,,,,,,,,,,,,,,,,,,,,,,,,,,,,,,,0.0,0.0,0.0,0.0,2683561000.0,2604897000.0,2509866000.0,2453346000.0,2428133000.0,2373173000.0,2310318000.0,2259308000.0,2253883000.0,2173897000.0,2135515000.0,2099146000.0,2095314000.0,2096410000.0,2026774000.0,2117773000.0,2256068000.0,2276037000.0,2264941000.0,2287714000.0,2336845000.0,2423264000.0,2487303000.0,2500307000.0,2587597000.0,2619090000.0,4798817000.0,4836435000.0
deferred_tax_liabilities,,,,,,,,,,,,0.0,0.0,0.0,0.0,7413000.0,5788000.0,8449000.0,29160000.0,38617000.0,25965000.0,18473000.0,23584000.0,0.0,1983000.0,0.0,0.0,6454000.0,15390000.0,14486000.0,8252000.0,0.0,4544000.0,3531000.0,23710000.0,10232000.0,17190000.0,19102000.0,14951000.0,11776000.0,8073000.0,5926000.0,8530000.0,885746000.0,4362000.0,,,812463000.0,,,,797146000.0,,,,807835000.0,,,,853032000.0,,,,911367000.0,,,,1928688000.0
total_liabilities,,,,1162106000.0,,1245877000.0,1329635000.0,1233955000.0,1342040000.0,1353233000.0,1412286000.0,1363707000.0,1458978000.0,1250876000.0,1364649000.0,1300483000.0,1361333000.0,1355016000.0,1649872000.0,1379308000.0,1534225000.0,1558608000.0,1991378000.0,1559479000.0,1750988000.0,1805593000.0,2306043000.0,1770149000.0,2074234000.0,2158066000.0,2512341000.0,2128807000.0,2371900000.0,2474051000.0,2911928000.0,2262438000.0,2421204000.0,2313932000.0,2736716000.0,2282988000.0,5085959000.0,5150129000.0,5498097000.0,4896962000.0,6280525000.0,5222273000.0,5443851000.0,5413325000.0,5467856000.0,5380789000.0,5468462000.0,6940090000.0,7025194000.0,6891766000.0,6579428000.0,6467573000.0,6433642000.0,6713003000.0,6897622000.0,6694471000.0,7017729000.0,7011074000.0,7388426000.0,7260430000.0,7382188000.0,7335685000.0,11906683000.0,11871379000.0
retained_earnings,,,,548391000.0,,626116000.0,642979000.0,730468000.0,767966000.0,841814000.0,883298000.0,932871000.0,974587000.0,1013087000.0,1047668000.0,911704000.0,961517000.0,1030108000.0,1064511000.0,1187514000.0,1242140000.0,1296434000.0,1330542000.0,1471182000.0,1518237000.0,1592803000.0,1623962000.0,1737214000.0,1776782000.0,1851064000.0,1882934000.0,1956066000.0,1993426000.0,2087318000.0,2106086000.0,2205651000.0,2262552000.0,2359024000.0,2374336000.0,2455192000.0,2478129000.0,2565700000.0,2599495000.0,2645281000.0,2475065000.0,2724424000.0,2873263000.0,3064702000.0,3394067000.0,3857257000.0,3647621000.0,3956600000.0,4212451000.0,4493516000.0,4682663000.0,4878404000.0,5096789000.0,5255787000.0,5374573000.0,5588914000.0,5773338000.0,6045601000.0,6183406000.0,6392513000.0,6559483000.0,6843448000.0,6809355000.0,6827900000.0
treasury_stock,,,,,,,,0.0,,,,1224000.0,105060000.0,199958000.0,199958000.0,199958000.0,280544000.0,280544000.0,305539000.0,455512000.0,480508000.0,580485000.0,655469000.0,655469000.0,805443000.0,805443000.0,955411000.0,1012671000.0,1062661000.0,1119650000.0,1128651000.0,1158378000.0,1181570000.0,1324532000.0,1400429000.0,1442880000.0,1550764000.0,1624530000.0,1732417000.0,1766136000.0,1873411000.0,2032685000.0,2132181000.0,2168266000.0,2168266000.0,2168266000.0,2168266000.0,2168266000.0,2245097000.0,2320935000.0,2594337000.0,3344524000.0,3386747000.0,3705629000.0,3705629000.0,3771197000.0,3828894000.0,4031615000.0,4421013000.0,4420963000.0,4534587000.0,4584553000.0,4591253000.0,4689626000.0,4990912000.0,4990912000.0,4987629000.0,5031318000.0
accumulated_other_comprehensive_income,,,,6973000.0,,6712000.0,7303000.0,6741000.0,8777000.0,151000.0,125000.0,118000.0,3739000.0,106000.0,114000.0,112000.0,106000.0,81000.0,78000.0,24000.0,31000.0,40000.0,15000.0,-73000.0,-42000.0,-109000.0,-125000.0,-179000.0,-87000.0,-125000.0,-147000.0,-132000.0,-159000.0,-78000.0,-85000.0,-78000.0,-100000.0,-120000.0,-118000.0,-120000.0,-139000.0,-122000.0,-116000.0,-120000.0,-183000.0,-130000.0,-114000.0,-49000.0,15000.0,-6000.0,9000.0,-82000.0,-89000.0,-85000.0,-362000.0,-252000.0,-345000.0,-277000.0,-462000.0,-329000.0,-389000.0,-465000.0,-519000.0,-755000.0,-430000.0,-426000.0,-6577000.0,17813000.0
total_equity,893577000.0,,,1083227000.0,,1188727000.0,1222221000.0,1363581000.0,1432170000.0,1510150000.0,1562346000.0,1632745000.0,1596168000.0,1612064000.0,1704932000.0,1587324000.0,1576542000.0,1664455000.0,1698023000.0,1692179000.0,1735212000.0,1696875000.0,1664154000.0,1832225000.0,1743121000.0,1833498000.0,1723306000.0,1789187000.0,1804133000.0,1829600000.0,1869865000.0,1929489000.0,1960824000.0,1921260000.0,1872986000.0,1941501000.0,1898210000.0,1931226000.0,1847042000.0,1904161000.0,1826035000.0,1765086000.0,1708902000.0,1731598000.0,1672025000.0,1930296000.0,2121639000.0,2339534000.0,2598724000.0,3005375000.0,2530817000.0,2101586000.0,2194606000.0,2173509000.0,2377172000.0,2524623000.0,2674170000.0,2644361000.0,2384704000.0,2617281000.0,2687266000.0,2924885000.0,3063385000.0,3198264000.0,3052394000.0,3355086000.0,5520405000.0,5540120000.0
cash_flow_from_operations,159811000.0,,,401329000.0,-13653000.0,,,389967000.0,-14455000.0,,,410421000.0,-17770000.0,,,438284000.0,-75352000.0,,,403870000.0,13924000.0,,,605978000.0,35508000.0,,,650340000.0,7539000.0,,,768994000.0,36472000.0,,,746310000.0,-19099000.0,,,712755000.0,-222152000.0,,,404612000.0,-214853000.0,,,1552769000.0,447351000.0,,,1616872000.0,-60301000.0,,,921881000.0,-48380000.0,,,1527335000.0,231719000.0,,,1311835000.0,178046000.0,,,1537343000.0
stock_based_compensation,25600000.0,,,21314000.0,5999000.0,,,24828000.0,6504000.0,,,23919000.0,7092000.0,,,32181000.0,7085000.0,,,27119000.0,6705000.0,,,26275000.0,7008000.0,,,29288000.0,8247000.0,,,33602000.0,9147000.0,,,36239000.0,11666000.0,,,41941000.0,11907000.0,,,43493000.0,9235000.0,,,50177000.0,12870000.0,,,52800000.0,15177000.0,,,50603000.0,12809000.0,,,57285000.0,17257000.0,,,71001000.0,19180000.0,,,123667000.0
depreciation_amortization_cf,90732000.0,,,100948000.0,25866000.0,,,110394000.0,27436000.0,,,116581000.0,27656000.0,,,125096000.0,32808000.0,,,154928000.0,36859000.0,,,179431000.0,42576000.0,,,193594000.0,47990000.0,,,233834000.0,53044000.0,,,237651000.0,56433000.0,,,243830000.0,,,,,,,,326014000.0,78366000.0,,,322551000.0,79673000.0,,,365475000.0,82348000.0,,,393933000.0,91477000.0,,101141000.0,400409000.0,97860000.0,,128021000.0,488630000.0
capital_expenditure,191423000.0,,,140269000.0,24300000.0,,,159067000.0,32584000.0,,,201807000.0,41251000.0,,,219026000.0,33954000.0,,,285668000.0,63918000.0,,,349007000.0,65724000.0,,,370028000.0,88834000.0,,,421920000.0,113892000.0,,,474347000.0,49349000.0,,,198219000.0,46882000.0,,,217461000.0,59591000.0,,,224027000.0,71097000.0,,,308261000.0,73783000.0,,,364075000.0,84507000.0,,,587426000.0,157525000.0,,,802565000.0,264725000.0,,,1137176000.0
cash_flow_from_investing,-144194000.0,,,-108629000.0,-24300000.0,,,-161135000.0,-34604000.0,,,-199616000.0,-98447000.0,,,-324354000.0,-68628000.0,,,-339175000.0,9470000.0,,,-305020000.0,-66130000.0,,,-372434000.0,-88842000.0,,,-550324000.0,-116236000.0,,,-485648000.0,-49349000.0,,,-198219000.0,-46882000.0,,,-129271000.0,-59591000.0,,,-224164000.0,-73435000.0,,,-343979000.0,-70302000.0,,,-392894000.0,-88367000.0,,,-614676000.0,-157999000.0,,,-796558000.0,-385693000.0,,,-1054489000.0
cash_flow_from_financing,9048000.0,,,-142034000.0,19279000.0,,,91591000.0,35510000.0,,,-22451000.0,-97225000.0,,,-503112000.0,-87339000.0,,,-228090000.0,-65760000.0,,,-260913000.0,-109679000.0,,,-380543000.0,54768000.0,,,-172876000.0,23414000.0,,,-324240000.0,71816000.0,,,-502094000.0,247823000.0,,,-319660000.0,1689177000.0,,,260057000.0,-173310000.0,,,-287722000.0,-261257000.0,,,-1247636000.0,-144866000.0,,,-1035748000.0,-225803000.0,,,-626131000.0,-446729000.0,,,-821306000.0
dividends_paid,,,,0.0,,,,0.0,0.0,,,60460000.0,15418000.0,,,306972000.0,18168000.0,,,64432000.0,16619000.0,,,61262000.0,17413000.0,,,64715000.0,17613000.0,,,67972000.0,19287000.0,,,73099000.0,23728000.0,,,89273000.0,27012000.0,,,98312000.0,28070000.0,,,107404000.0,33334000.0,,,602964000.0,46081000.0,,,163081000.0,104783000.0,,,351201000.0,94395000.0,,,361727000.0,99921000.0,,,413853000.0
share_repurchase,386000.0,,,0.0,0.0,,,0.0,0.0,,,1224000.0,103857000.0,,,198774000.0,80603000.0,,,255602000.0,25000000.0,,,200000000.0,150000000.0,,,357276000.0,50000000.0,,,145738000.0,23197000.0,,,284583000.0,107917000.0,,,323352000.0,107305000.0,,,402240000.0,0.0,,,0.0,76841000.0,,,1144633000.0,67909000.0,,,458456000.0,57701000.0,,,648554000.0,108629000.0,,,263021000.0,303671000.0,,,347132000.0
shares_outstanding_basic,111662000.0,112473000.0,113266000.0,113184000.0,115155000.0,115815000.0,116024000.0,116236000.0,119361000.0,120207000.0,120432000.0,120232000.0,121514000.0,119928000.0,122103000.0,121629000.0,122702000.0,122901000.0,123221000.0,122878000.0,121138000.0,119950000.0,118142000.0,119244000.0,117044000.0,116281000.0,114978000.0,115230000.0,112105000.0,111272000.0,110607000.0,111095000.0,110441000.0,108175000.0,105466000.0,106977000.0,101384000.0,98716000.0,96677000.0,97743000.0,92887000.0,88080000.0,85048000.0,87502000.0,83734000.0,84130000.0,84422000.0,84258000.0,84750000.0,84512000.0,83537000.0,83183000.0,76181000.0,75610000.0,77789000.0,77672000.0,83071000.0,84142000.0,81772000.0,82302000.0,80582000.0,80432000.0,80404000.0,80468000.0,79341000.0,79147000.0,85070000.0,83135000.0
shares_outstanding_diluted,111662000.0,117230000.0,118704000.0,117955000.0,120387000.0,121039000.0,121408000.0,121724000.0,125367000.0,125836000.0,125552000.0,125768000.0,127003000.0,124533000.0,125938000.0,125995000.0,125862000.0,125593000.0,125842000.0,125628000.0,123360000.0,121840000.0,120002000.0,121238000.0,118906000.0,117805000.0,116506000.0,116794000.0,113276000.0,112118000.0,111826000.0,112216000.0,111406000.0,108679000.0,105814000.0,107586000.0,102153000.0,99591000.0,97890000.0,98781000.0,94388000.0,89400000.0,86601000.0,89066000.0,83734000.0,88826000.0,96571000.0,92639000.0,106010000.0,109271000.0,113664000.0,109578000.0,108629000.0,100389000.0,96681000.0,99274000.0,89664000.0,86783000.0,84291000.0,85925000.0,83346000.0,82814000.0,82776000.0,82929000.0,81478000.0,81041000.0,87115000.0,85144000.0
total_debt,,,,,,,,,,,,,,,,,,,,,,,,,,,,,,,,,,,,,,,,56085000.0,,,,0.0,,,,,,,,,,,,,,,,,,,,,,,,
current_stock_price,7.88,14.2,16.23,16.0,20.82,18.82,20.62,25.61,29.28,26.47,28.37,29.82,37.21,36.22,36.72,35.06,36.52,39.13,39.5,38.81,38.54,31.3,33.8,38.58,41.39,38.27,33.54,29.52,35.13,39.02,42.26,39.23,38.79,28.26,20.78,24.56,24.85,26.49,29.01,28.2,29.4,27.46,31.63,36.41,22.82,38.55,48.14,57.28,70.91,89.76,112.01,102.48,87.68,85.62,106.81,116.47,134.72,126.61,95.41,148.35,193.83,191.21,187.07,233.0,189.18,203.2,218.78,200.69
market_cap,879466782.4420929,1664661170.2728271,1926754465.118408,1887594973.8311768,2506965452.27623,2278099156.2480927,2503039860.473633,3117351714.2944336,3670721455.98793,3330683222.9003906,3562072946.472168,3750282979.324341,4725791203.285217,4510077577.480316,4624999834.701538,4417887134.284973,4595867177.444458,4914799654.724121,4971098874.786377,4875411031.63147,4753730286.254883,3813089012.145996,4056526195.289612,4677568993.354797,4922053596.908569,4508783879.680634,3907144689.7888174,3448306494.445801,3979228711.6241455,4374667772.781372,4725753774.833679,4402207088.2873535,4320975613.616943,3071117865.9591675,2199028522.6478577,2642040617.6376343,2538548266.376496,2638620318.89534,2840011294.441223,2785383864.452362,2774936771.9421387,2454839853.286743,2739362499.0005493,3242592019.203186,1910853455.257416,3424670870.2697754,4649303637.969971,5306137051.040649,7517536679.840088,9807696670.005798,12731119851.5625,11229136636.96289,9524460635.71167,8595769829.63562,10326090946.723938,11562901885.894775,12079673742.1875,10987634746.97113,8042502369.026184,12747316474.53308,16154805265.045166,15834607713.165283,15484876612.792969,19322802453.14026,15414380419.921877,16467796819.000244,19058951800.91858,17087311815.307615
enterprise_value,804629782.4420929,1613346170.2728271,1887060465.118408,1661983973.8311768,2300007452.27623,1999930156.248093,2343593860.473633,2571299714.2944336,3138196455.9879303,2704268222.9003906,3078700946.472168,3015880979.324341,4204824203.285217,4159673577.480316,4330506834.701538,4072673134.284973,4481978177.444458,4780034654.724121,4905451874.786377,4693680031.63147,4614358286.254883,3712957012.145996,3978593195.289612,4455889993.354797,4840644596.908569,4385563879.680634,3833345689.7888174,3329370494.445801,3886735711.6241455,4262342772.781372,4640345774.833679,4237430088.2873535,4212575613.616944,2939502865.9591675,2087213522.6478577,2540787617.6376343,2433949266.376496,2514350318.89534,2747908294.441223,2727815864.452362,2682513771.9421387,2338106853.286743,2651740499.0005493,3173258019.203186,426849455.2574158,2363529870.2697754,3589309637.9699707,3648070051.0406494,5658799679.840088,7570963670.005798,11358227851.5625,8585931636.962891,7273122635.71167,6700248829.63562,8888093946.723938,9638515885.894775,10436993742.1875,9085731746.97113,6636288369.026184,10946096474.53308,14505728265.045166,14142708713.165283,14026221612.792969,17632862453.14026,14378491419.921877,15236774819.000244,18237620800.91858,15734085815.307615
beta_3y,0.9869,1.0829,1.0937,1.1024,1.1063,1.1184,1.123,1.1058,1.1095,1.0928,1.3436,1.3091,1.2135,1.2099,1.1856,1.1468,1.135,1.0972,1.0899,1.1354,1.1245,1.1156,1.012,1.0326,1.0499,0.9862,0.9527,0.9245,0.9435,0.97,0.9786,0.9815,0.9896,0.9602,0.9624,0.9637,0.9587,1.0164,0.9508,0.9475,0.9518,0.9332,0.9267,0.8966,1.1396,1.1721,1.145,1.106,1.1243,1.1268,1.1606,1.1807,1.2258,1.2614,1.2558,1.2635,1.2266,1.1561,1.1728,1.2469,1.2504,1.2104,1.2142,1.2312,1.1996,1.1802,1.2133,1.2184
risk_free_rate,0.0284400010108947,0.0350099992752075,0.0339199995994567,0.0360899996757507,0.0366300010681152,0.0290700006484985,0.026119999885559,0.033289999961853,0.0329600000381469,0.028050000667572,0.0230599999427795,0.0189800000190734,0.0193299996852874,0.0155499994754791,0.0175,0.0200999999046325,0.0175199997425079,0.0260199999809265,0.0261999988555908,0.0266799998283386,0.0259100008010864,0.0250500011444091,0.0233500003814697,0.0167499995231628,0.0211700010299682,0.0220499992370605,0.0215100002288818,0.0193099999427795,0.0181900000572204,0.0145799994468688,0.0184500002861022,0.0248099994659423,0.0228200006484985,0.0228900003433227,0.0242799997329711,0.0285400009155273,0.0294400000572204,0.0295300006866455,0.0321399998664855,0.0269099998474121,0.0253099989891052,0.0185500001907348,0.0172800004482269,0.0151999998092651,0.0064200001955032,0.0053600001335144,0.0086000001430511,0.0109300005435943,0.0163100004196167,0.012389999628067,0.0155700004100799,0.0178199994564056,0.0288700008392333,0.0264199995994567,0.0401000022888183,0.0351799988746643,0.0345199990272521,0.0396900010108947,0.0484499979019165,0.040329999923706,0.045,0.0379200005531311,0.0436100006103515,0.0456899976730346,0.0432200002670288,0.0421999979019165,0.0410099983215332,0.0424100017547607
wacc,,,,,,,,,,,,,,,,,,,,,,,,,,,,,,,,,,,,,,,,0.0797,,,,0.0645,,,,,,,,,,,,,,,,,,,,,,,,
ebitda,121112000.0,,,326519000.0,72858000.0,,,419643000.0,91878000.0,,,548601000.0,123391000.0,,,648770000.0,130425000.0,,,691740000.0,148947000.0,,,733490000.0,144488000.0,,,728786000.0,138701000.0,,,683688000.0,143112000.0,,,751274000.0,143765000.0,,,730533000.0,,,,682813000.0,,,,1067491000.0,554175000.0,,,2357054000.0,446194000.0,,,1828494000.0,407971000.0,,,1676298000.0,422276000.0,,387185000.0,1874341000.0,463976000.0,,221118000.0,1584539000.0
free_cash_flow,-31612000.0,,,261060000.0,-37953000.0,,,230900000.0,-47039000.0,,,208614000.0,-59021000.0,,,219258000.0,-109306000.0,,,118202000.0,-49994000.0,,,256971000.0,-30216000.0,,,280312000.0,-81295000.0,,,347074000.0,-77420000.0,,,271963000.0,-68448000.0,,,514536000.0,-269034000.0,,,187151000.0,-274444000.0,,,1328742000.0,376254000.0,,,1308611000.0,-134084000.0,,,557806000.0,-132887000.0,,,939909000.0,74194000.0,,,509270000.0,-86679000.0,,,400167000.0
