Financials,2009-12-26,2010-06-26,2010-09-25,2010-12-25,2011-03-26,2011-06-25,2011-09-24,2011-12-31,2012-03-31,2012-06-30,2012-09-29,2012-12-29,2013-03-30,2013-06-29,2013-09-28,2013-12-28,2014-03-29,2014-06-28,2014-09-27,2014-12-27,2015-03-28,2015-06-27,2015-09-26,2015-12-26,2016-03-26,2016-06-25,2016-09-24,2016-12-31,2017-04-01,2017-07-01,2017-09-30,2017-12-30,2018-03-31,2018-06-30,2018-09-29,2018-12-29,2019-03-30,2019-06-29,2019-09-28,2019-12-28,2020-03-28,2020-06-27,2020-09-26,2020-12-26,2021-03-27,2021-06-26,2021-09-25,2021-12-25,2022-03-26,2022-06-25,2022-09-24,2022-12-31,2023-04-01,2023-07-01,2023-09-30,2023-12-30,2024-03-30,2024-06-29,2024-09-28,2024-12-28,2025-03-29,2025-06-28,2025-09-27,2025-12-27,2026-03-28
revenue,114654757.0,30189157.0,31602131.0,58141632.0,17374000.0,15424000.0,14063000.0,64658603.0,10866000.0,7012000.0,8190000.0,34641860.0,4695000.0,6943000.0,9532000.0,22897709.0,8585000.0,10857000.0,9532023.0,31807465.0,8585000.0,10857000.0,8000926.0,32054419.0,6119000.0,4355000.0,5795000.0,22642566.0,4378000.0,5927000.0,6139000.0,27841490.0,5654000.0,5944000.0,5126000.0,24465000.0,5543000.0,9110000.0,6139000.0,29519000.0,7878000.0,8815000.0,9513000.0,40128000.0,11676000.0,9905000.0,10887000.0,4419443.0,624216.0,157730.0,437825.0,1665282.0,624216.0,798901.0,485338.0,1887654.0,207310.0,234323.0,205984.0,1009987.0,519847.0,300200.0,70124.0,1530311.0,411378.0
cost_of_goods_sold,75982694.0,21854777.0,21115832.0,35597031.0,21946612.0,19115190.0,19753495.0,34659020.0,7148508.0,4960588.0,4859383.0,22041953.0,5964409.0,6203960.0,4622252.0,20655216.0,4225449.0,4153739.0,5204125.0,19592149.0,5283733.0,6359780.0,5357217.0,21524826.0,4636041.0,4646846.0,4573581.0,17814271.0,3117357.0,4117226.0,4144884.0,18118418.0,4062191.0,4970000.0,5142000.0,15831441.0,5877077.0,5242514.0,4689944.0,20901538.0,5647847.0,4779577.0,4825032.0,21398381.0,-369.0,-256.0,-173.0,-41246674.0,-10954206.0,-11751302.0,-11291554.0,-45735908.0,-10133975.0,-9660955.0,-10113159.0,-38506523.0,-9825331.0,-12102100.0,-13113624.0,-49325180.0,-10018645.0,-8154683.0,-11892301.0,-37793420.0,-10139992.0
gross_profit,38672063.0,8334380.0,10486299.0,22544601.0,6211000.0,5957000.0,5024000.0,7714000.0,3253000.0,1127000.0,2451000.0,2425000.0,2000.0,753000.0,3861000.0,2701000.0,1845000.0,3127000.0,3861000.0,2701000.0,1857000.0,3148000.0,1762000.0,-118000.0,1342000.0,-550000.0,949000.0,1560000.0,816000.0,862000.0,1444000.0,3654000.0,983000.0,974000.0,-16000.0,1439000.0,-1263000.0,-808000.0,265000.0,1188000.0,271000.0,1891000.0,1662000.0,3295000.0,11676369.0,9905256.0,10887173.0,45666117.0,11578422.0,11909032.0,11729379.0,47401190.0,10758191.0,10459856.0,10598497.0,40394177.0,10032641.0,12336423.0,13319608.0,50335167.0,10538492.0,8454883.0,11962425.0,39323731.0,10551370.0
research_and_development,90129728.0,4858868.0,4762893.0,10972030.0,6384749.0,7139559.0,6381089.0,13218018.0,3002215.0,2927695.0,4739956.0,12121689.0,4247556.0,3657952.0,5586745.0,15983147.0,5086284.0,5137033.0,4832469.0,15499230.0,4860192.0,4884010.0,4008391.0,14625061.0,4039951.0,4119401.0,4123268.0,15252794.0,4281870.0,4678221.0,5253860.0,15515057.0,4451653.0,4526156.0,4599266.0,12553237.0,4966716.0,3330202.0,2389573.0,9132969.0,2339748.0,2221154.0,2715868.0,3924241.0,3563300.0,3740253.0,3751729.0,6312148.0,5408613.0,5145375.0,3441405.0,8387898.0,2312217.0,3132259.0,3089935.0,3600066.0,2100753.0,1839663.0,2596649.0,5832782.0,1477202.0,1945436.0,2502988.0,6692001.0,1105336.0
selling_general_and_admin,14136482.0,4215001.0,3886065.0,12321609.0,4445146.0,4697648.0,4351794.0,15990881.0,4209389.0,4118056.0,4694829.0,17165870.0,5749113.0,4852533.0,5049936.0,19124750.0,4996802.0,4921194.0,5015367.0,19908020.0,4386215.0,5108229.0,4558609.0,18134580.0,3760849.0,4282264.0,3980605.0,16961773.0,5641684.0,5200261.0,5344999.0,20541244.0,6931410.0,6913503.0,7166137.0,27210849.0,6282803.0,5375671.0,5130019.0,21316459.0,3432092.0,2909366.0,3079567.0,11822703.0,5905706.0,4040979.0,4035998.0,18100519.0,4464548.0,4327468.0,4320117.0,17965097.0,4648130.0,6466120.0,4798598.0,21842157.0,7231865.0,7267868.0,5206880.0,22844719.0,4701061.0,4899313.0,1629175.0,16299180.0,6017411.0
operating_expenses,104266210.0,30928646.0,29764790.0,61066151.0,32776507.0,30952397.0,30486378.0,72208506.0,14360112.0,13711109.0,14294168.0,55212754.0,15961078.0,14714445.0,15258933.0,58825400.0,14308535.0,14211966.0,15051961.0,60236190.0,14530140.0,16352019.0,13924217.0,57290819.0,12436841.0,5347989.0,12677454.0,43115183.0,13040911.0,13995708.0,14743743.0,58139463.0,15445254.0,14937409.0,15425203.0,64431732.0,17126596.0,13948387.0,12540880.0,55898471.0,11419687.0,9910097.0,10620467.0,44891087.0,15865677.0,13825775.0,12932902.0,59441153.0,17656040.0,17379093.0,15748676.0,69191403.0,13584448.0,15295442.0,13326486.0,57571681.0,42674192.0,17792859.0,16120433.0,93443993.0,14446449.0,13916266.0,7429298.0,49177866.0,16538233.0
operating_income_ebit,10388547.0,-739489.0,1837341.0,-2924519.0,2157985.0,478560.0,-919928.0,-7549903.0,-3494082.0,-6699531.0,-6104398.0,-20570894.0,-9641994.0,-8635800.0,-10308885.0,35900000.0,-9613765.0,-7268679.0,-5519938.0,-28428725.0,-5945149.0,-5495413.0,-5923291.0,-25236400.0,-6317703.0,-992714.0,-6882648.0,-20472617.0,-8662784.0,-8068239.0,-8604576.0,-30297973.0,-9791634.0,-8993511.0,-10298873.0,-39966727.0,-11583671.0,-4838254.0,-6401548.0,-26379662.0,-3541082.0,-1095451.0,-1107715.0,-4763418.0,-4189308.0,-3920519.0,-2045729.0,-13775036.0,-6077618.0,-5470061.0,-4019297.0,-21790213.0,-2826257.0,-4835586.0,-2727989.0,-17177504.0,-32641551.0,-5456436.0,-2800825.0,-43108826.0,-3907957.0,-5461383.0,4533127.0,-9854135.0,-5986863.0
depreciation_and_amortization_expense,5990951.0,,,3300000.0,1927031.0,,,3800000.0,2526918.0,100000.0,100000.0,3500000.0,1095202.0,,,2400000.0,932974.0,,,2600000.0,681899.0,,,1500000.0,335478.0,,,1000000.0,443174.0,,200000.0,900000.0,554967.0,200000.0,500000.0,1958680.0,264389.0,,,792221.0,170805.0,,,651083.0,205023.0,,,668691.0,267590.0,,,722024.0,224574.0,,,608222.0,195399.0,,,636580.0,219501.0,,,829554.0,247023.0
interest_income,2180678.0,426701.0,392052.0,1977691.0,263692.0,365611.0,357581.0,1291591.0,232363.0,290253.0,295347.0,1126344.0,310437.0,285227.0,326684.0,1118617.0,238172.0,193305.0,237957.0,966403.0,209664.0,198898.0,175803.0,758153.0,164948.0,175765.0,191472.0,658384.0,233777.0,186142.0,191613.0,775626.0,159851.0,165513.0,160875.0,640059.0,163361.0,154310.0,120645.0,543759.0,,,,,,,,,,,,,,,,,,,,,,,,,
interest_expense,,,,,,,,,,,,,,,,,,,,,,,,,,,,,,,,,,,,,,,,,,,,,,,,,,,,,,,,,,,,,,,,,
tax_expense,690200.0,180000.0,180000.0,-54000.0,98000.0,97500.0,97500.0,0.0,97400.0,-85500.0,10000.0,1099000.0,143000.0,194000.0,-33000.0,-12933000.0,-143000.0,37000.0,44000.0,-180000.0,12500.0,12500.0,-62500.0,-25000.0,141000.0,1963000.0,114000.0,-3130000.0,-1146000.0,0.0,4500.0,2963000.0,0.0,201000.0,-316000.0,30000.0,26000.0,26000.0,26000.0,108000.0,29000.0,42000.0,29000.0,129000.0,33000.0,32000.0,32000.0,129000.0,36000.0,36000.0,36000.0,144000.0,39000.0,39000.0,39000.0,156000.0,0.0,0.0,125000.0,170000.0,52000.0,52000.0,52000.0,208000.0,57020.0
net_income,19443370.0,1860777.0,1360712.0,8829321.0,2066000.0,802000.0,160000.0,3079364.0,-2578000.0,-5199000.0,-6724000.0,-18361930.0,-9134000.0,-8806000.0,-4469000.0,35900000.0,-3838000.0,781000.0,-4969440.0,-28212044.0,-3885000.0,683000.0,-4675340.0,-14693416.0,-6932000.0,-3194000.0,-8117000.0,-23568717.0,-7858000.0,-7332000.0,-8247000.0,-25240482.0,-5536000.0,-9241000.0,-9791000.0,-34533542.0,-11331000.0,-4260000.0,-6625000.0,-29506252.0,-3656991.0,-1143183.0,-957440.0,-4411112.0,-4185723.0,-3848883.0,-2128790.0,-13432873.0,-1372664.0,-5647189.0,-6149174.0,-19325917.0,-2628555.0,-8180379.0,-2450313.0,-19748219.0,-32548215.0,-5921998.0,-3460342.0,-43877896.0,-3113533.0,-5166633.0,4080604.0,2606549.0,-3752038.0
basic_eps,0.29,0.03,0.02,0.14,0.03,0.01,0.0,0.05,-0.04,-0.08,-0.11,-0.29,-0.15,-0.14,-0.08,-0.08,-0.06,0.01,-0.08,-0.45,-0.06,0.01,-0.07,-0.23,-0.11,-0.05,-0.13,-0.37,-0.12,,,,,,,,,,,,-0.04,-0.01,-0.01,-0.05,-0.05,-0.04,-0.02,-0.15,-0.02,-0.06,-0.07,-0.21,-0.03,-0.07,-0.02,-0.18,-0.27,-0.05,-0.03,-0.33,-0.02,-0.03,0.02,0.01,-0.02
diluted_eps,0.29,0.03,0.02,0.13,0.03,0.01,0.0,0.05,-0.04,-0.08,-0.11,-0.29,-0.15,-0.14,-0.08,-0.08,-0.06,0.01,-0.08,-0.45,-0.06,0.01,-0.07,-0.23,-0.11,-0.05,-0.13,-0.37,-0.12,,,,,,,,,,,,-0.04,-0.01,-0.01,0.02,,,,-0.15,,-0.06,-0.07,-0.21,-0.03,-0.07,-0.02,-0.18,-0.27,-0.05,-0.03,-0.33,-0.02,-0.03,0.02,0.01,-0.02
cash_and_cash_equivalents,49834547.0,43171214.0,47334222.0,49834547.0,37993639.0,33170411.0,40163342.0,27135387.0,43391619.0,31160196.0,25263239.0,16756666.0,32799552.0,32799552.0,14811610.0,14635801.0,14811610.0,17049083.0,17049083.0,14635801.0,14977483.0,16477501.0,14977483.0,19767889.0,27619331.0,25726430.0,20998402.0,15822495.0,18393066.0,30541293.0,25882554.0,24848227.0,24167900.0,22742575.0,19367048.0,14326347.0,16583525.0,12134526.0,8757699.0,6029247.0,8333603.0,8776820.0,10624506.0,17112869.0,32203311.0,27359688.0,28349798.0,26787931.0,21867492.0,13630219.0,9625414.0,8258878.0,8583146.0,10106668.0,9599675.0,5710685.0,14118762.0,10042847.0,14530593.0,14160120.0,15331914.0,24369310.0,26508140.0,36350083.0,34100000.0
marketable_securities,,,,61112843.0,,66156933.0,63096164.0,62323387.0,58568406.0,65166873.0,69273996.0,65349962.0,98612717.0,97584160.0,97457410.0,95972535.0,91334212.0,85593516.0,76955910.0,76223135.0,74685260.0,71843061.0,72361974.0,60942891.0,63248313.0,65709596.0,63034380.0,61375401.0,49357503.0,54367251.0,51454910.0,43907457.0,36873595.0,30681129.0,26835968.0,22918016.0,20288917.0,19420229.0,17258504.0,15752997.0,9307959.0,6485696.0,4988853.0,3635681.0,3430371.0,3424592.0,3413889.0,2507535.0,4451088.0,4927793.0,5377595.0,4388778.0,21027050.0,15563133.0,11610485.0,11692000.0,6941080.0,7587014.0,21712243.0,21419658.0,16204336.0,2417877.0,,,
accounts_receivable,,,,14539664.0,,15034313.0,15183533.0,16510851.0,12828022.0,12417196.0,12293195.0,5254549.0,2934384.0,2697482.0,2824609.0,2388461.0,2367728.0,3771733.0,3621055.0,3758832.0,4420993.0,8315054.0,2306504.0,1487633.0,1661113.0,1326341.0,1666306.0,1664488.0,2390660.0,1943272.0,2023618.0,3955123.0,2457904.0,2785081.0,2628139.0,3088360.0,3800689.0,4904247.0,4910375.0,6023250.0,5929983.0,6682329.0,6507138.0,9260865.0,7807465.0,7443210.0,7348721.0,12113070.0,6777310.0,7048635.0,8531835.0,6500000.0,5612935.0,6171241.0,7118214.0,9700000.0,6801658.0,7406272.0,9233935.0,11850654.0,7190410.0,9481332.0,6357343.0,10726776.0,3441794.0
inventory,,,,21462871.0,,19114320.0,19354884.0,20468512.0,23012921.0,19913736.0,19684989.0,5789753.0,4757286.0,3668934.0,2842735.0,3078055.0,2361018.0,3294840.0,3922395.0,4081886.0,3654213.0,3065712.0,2577750.0,2512473.0,2705857.0,2935699.0,3197984.0,3302112.0,4194821.0,4412962.0,5949010.0,5080797.0,3773305.0,4257702.0,4953908.0,4797238.0,4174350.0,3700174.0,3442490.0,3768696.0,3427507.0,3712047.0,3999107.0,4455756.0,5455134.0,6249403.0,6739017.0,6581139.0,7132617.0,6926489.0,6660810.0,6426400.0,6817754.0,7878018.0,9074492.0,7601806.0,6120355.0,5649665.0,6555359.0,6134096.0,6059123.0,6685225.0,6293750.0,5505775.0,4977813.0
prepaid_expenses,,,,664320.0,,515980.0,368423.0,667760.0,611986.0,631199.0,878320.0,683032.0,304685.0,268832.0,253545.0,233642.0,273587.0,156806.0,262282.0,378637.0,65157.0,155010.0,157695.0,437586.0,145524.0,119543.0,94623.0,341144.0,116921.0,138365.0,166461.0,264352.0,102462.0,96983.0,133445.0,399611.0,172061.0,104726.0,601608.0,104442.0,82088.0,98137.0,114151.0,205568.0,225751.0,163305.0,235944.0,160599.0,119163.0,170124.0,139605.0,105495.0,127280.0,176085.0,104671.0,85572.0,86578.0,88433.0,84885.0,,,,,,
total_current_assets,,,,152624762.0,,141447622.0,141549993.0,145736944.0,141790105.0,133050948.0,131106634.0,126967069.0,146861904.0,138277465.0,129647801.0,119608002.0,111711725.0,107548113.0,103175843.0,99924620.0,111183809.0,115663788.0,108405724.0,101156222.0,96110673.0,96881884.0,90072791.0,83394104.0,75600045.0,92796884.0,86690569.0,79739496.0,71009531.0,64124799.0,56898144.0,49404025.0,48016999.0,42288905.0,36783303.0,33764641.0,29879502.0,29563201.0,29860085.0,39456180.0,52048454.0,50003253.0,50644174.0,52207745.0,44994905.0,40063523.0,36527768.0,30860673.0,46795910.0,45921054.0,45368252.0,39830543.0,41988647.0,40320105.0,63003263.0,62842400.0,57119263.0,52640152.0,53175720.0,91805967.0,82422744.0
property_plant_equipment,,,,32613961.0,,35810203.0,34061023.0,32369441.0,33786477.0,32962113.0,33710208.0,8486406.0,6948694.0,6429706.0,6191163.0,6034963.0,5350375.0,5311666.0,5157660.0,4589421.0,4246687.0,4107309.0,3641729.0,2677103.0,2712658.0,2728951.0,2936621.0,2976006.0,2999590.0,3708747.0,3660925.0,5077043.0,5304135.0,5125629.0,5075602.0,2598842.0,2234285.0,2029406.0,1621927.0,1473341.0,1450328.0,1328207.0,1288722.0,1626930.0,1662315.0,1860899.0,1855451.0,1888963.0,1939506.0,1738962.0,1627468.0,1831641.0,1826093.0,1800346.0,1794832.0,2163417.0,2212691.0,2143235.0,2016452.0,2099708.0,2382508.0,2684545.0,2750197.0,2616803.0,3670715.0
operating_lease_rou_assets,,,,,,,,,,,,,,,,,,,,,,,,,,,,,,,,,,,,0.0,3496947.0,3242146.0,3073651.0,2753963.0,2506159.0,2260319.0,2018685.0,1780039.0,1521315.0,1258001.0,1719089.0,3828066.0,3630555.0,3766602.0,3540073.0,3168520.0,3005772.0,2847836.0,2670116.0,2504909.0,2328152.0,2477774.0,2305433.0,2134898.0,1950150.0,2212679.0,2015472.0,1488231.0,1329689.0
goodwill,,,,0.0,,4741510.0,4570368.0,1664457.0,1640416.0,,1140787.0,976451.0,684788.0,1080502.0,1080502.0,1016132.0,1022399.0,1039246.0,1005788.0,976451.0,947450.0,984158.0,961187.0,946082.0,928066.0,887512.0,869984.0,844023.0,2326948.0,2359979.0,2376577.0,1780247.0,1801988.0,1768539.0,1761136.0,331344.0,331344.0,331344.0,0.0,0.0,,,,0.0,,,,0.0,,,,,,,,,,,,,,,,,
intangible_assets,,,,,,4439808.0,4114364.0,1953660.0,1948951.0,1833094.0,1829151.0,2316924.0,3862016.0,3528093.0,3349108.0,1581502.0,1342337.0,1098716.0,854286.0,616759.0,462570.0,308380.0,154190.0,0.0,,,,0.0,,,,883636.0,,,,0.0,,,,,,,,,,,,,,,,,,,,,,,,,,,,,
total_assets,,,,192096398.0,,192014959.0,188751945.0,193872216.0,192988489.0,181937983.0,180546703.0,176208802.0,180593180.0,170418609.0,159325530.0,146131723.0,137093896.0,131091314.0,126724530.0,122941414.0,119207097.0,124006985.0,114876501.0,2729000.0,99811.0,101215000.0,94498000.0,87832272.0,84052693.0,101633856.0,95052700.0,91322490.0,86872600.0,79343029.0,71625185.0,59549111.0,61427273.0,58358097.0,51352347.0,43046515.0,38436381.0,37628373.0,37659025.0,47549147.0,59917002.0,57824836.0,58949402.0,63007728.0,60289526.0,55571611.0,49478306.0,43752172.0,59524696.0,55364449.0,54605346.0,49312316.0,51265925.0,49048424.0,70579507.0,70765766.0,65036412.0,61184830.0,61216466.0,108394257.0,102436507.0
accounts_payable,,,,11317865.0,,8092099.0,8959881.0,12384870.0,11501836.0,8800613.0,9503243.0,5121324.0,3106207.0,3143715.0,4295137.0,3868865.0,4147886.0,4361832.0,4560754.0,5503734.0,3524566.0,4778554.0,3708908.0,3959704.0,4439780.0,4327008.0,3888707.0,4355462.0,3878123.0,4182746.0,3965760.0,4918605.0,3210639.0,3894049.0,4229387.0,3921880.0,4492572.0,4116685.0,3018906.0,3998234.0,3925184.0,3068657.0,2805944.0,5606910.0,5594876.0,5099714.0,3635708.0,5483970.0,5865030.0,4860573.0,4936931.0,5438980.0,3836276.0,6506987.0,7187025.0,4947338.0,8993894.0,5713542.0,4385635.0,5941470.0,3428357.0,4129863.0,6125584.0,5315998.0,5713343.0
accrued_liabilities,,,,2741004.0,,2583068.0,3131265.0,4182505.0,2238125.0,3074176.0,3037011.0,2147512.0,1468259.0,1707275.0,1511781.0,1436391.0,1384419.0,1725197.0,1612161.0,1985691.0,1268813.0,1828292.0,1433206.0,1631292.0,1466094.0,1791883.0,1815618.0,1443976.0,2393195.0,1968389.0,2755150.0,1636512.0,1920873.0,1722559.0,2169492.0,3038005.0,2117370.0,2198416.0,2536640.0,2203773.0,1699527.0,1630783.0,1880192.0,1977851.0,2074043.0,1979311.0,2414462.0,2413744.0,2760369.0,2319713.0,2661645.0,,,,,,,,,,,,,,
deferred_revenue_current,,,,,,,,,,,,,,,,,,,,,,,,,,,,,,,,1181712.0,384073.0,783926.0,428642.0,388933.0,1189772.0,1227198.0,1430828.0,796794.0,-1229396.0,1687403.0,576419.0,1493847.0,1176872.0,2076467.0,1269523.0,4063031.0,1756202.0,3047208.0,1097919.0,930500.0,718544.0,554967.0,668046.0,900000.0,886432.0,198291.0,268468.0,87752.0,24439.0,275053.0,1365819.0,1168009.0,1008635.0
short_term_debt,,,,,,,,,,,,,,,,,,,,,,,,,,,,,,,,,,,,,,,,,,,,,,,,,,,,,,,,,,,,,,,,,
operating_lease_liabilities_current,,,,,,,,,,,,,,,,,,,,,,,,,,,,,,,,,,,,0.0,1002309.0,1017234.0,1081252.0,1041695.0,1059429.0,1077756.0,1064903.0,982375.0,886609.0,762139.0,889076.0,701204.0,658298.0,767440.0,761734.0,786928.0,790567.0,796073.0,762521.0,651503.0,628019.0,672038.0,653546.0,639642.0,614359.0,765559.0,775814.0,648469.0,661355.0
total_current_liabilities,,,,20526406.0,,17510285.0,17957649.0,22479790.0,21105215.0,18815639.0,20695146.0,20176436.0,10883388.0,12356379.0,13274203.0,11239102.0,10850191.0,11552533.0,11413369.0,13242924.0,11999512.0,15239072.0,12018990.0,11276844.0,11733696.0,13843305.0,13197517.0,13365707.0,15123502.0,14987242.0,16157538.0,12103513.0,8744896.0,9289934.0,10058458.0,10367365.0,12927432.0,12880652.0,12181235.0,11309713.0,10609083.0,10978741.0,11934957.0,16882509.0,15502428.0,16083742.0,13699561.0,17533104.0,17073122.0,14940672.0,15120365.0,14456632.0,11752358.0,14909515.0,16061703.0,15878315.0,42510046.0,45348172.0,43946688.0,43943296.0,40944234.0,41429613.0,36272437.0,33988324.0,31531152.0
long_term_debt,,,,,,,,,,,,,,,,,,,,,,,,,,,,,,,,,,,,,,,,,,,,,,,,,,,,,,,,,,,,,,,,,
operating_lease_liabilities_noncurrent,,,,,,,,,,,,,,,,,,,,,,,,,,,,,,,,,,,,0.0,2585906.0,2314032.0,2077245.0,1791590.0,1513520.0,1236818.0,992712.0,821306.0,643043.0,488392.0,812351.0,3108236.0,2946994.0,2973259.0,2753885.0,2576883.0,2378248.0,2182886.0,2008077.0,1832982.0,1680063.0,1786021.0,1634390.0,1479976.0,1322730.0,1436276.0,1230109.0,831507.0,661375.0
deferred_tax_liabilities,,,,,,,,,,,,,,,,,,,,,,,,,,,,,,,,,,,,,,,,,,,,400000.0,,,,400000.0,,,,482739.0,466246.0,462985.0,450480.0,470884.0,470884.0,470884.0,470884.0,414118.0,415957.0,447498.0,465403.0,422458.0,416583.0
total_liabilities,,,,21587275.0,,23662014.0,24267430.0,23775460.0,27916980.0,25334733.0,28501287.0,21122892.0,11551816.0,12983998.0,13779236.0,11568537.0,11183646.0,11851921.0,11507441.0,13554111.0,11829179.0,15013386.0,11714999.0,-91755780.0,-89332592.0,14329706.0,13683386.0,13612629.0,15458611.0,15373513.0,16425606.0,13942643.0,10772164.0,11493792.0,12399798.0,11836290.0,16818331.0,16498706.0,15535919.0,14454903.0,13441927.0,13568457.0,14353810.0,19250552.0,17726141.0,18184446.0,16084916.0,23380871.0,21588779.0,20180665.0,19269853.0,19761557.0,16627219.0,19438344.0,20235623.0,19803421.0,46325900.0,49264765.0,47852993.0,47484204.0,44355418.0,45144996.0,39893986.0,36720613.0,34019573.0
retained_earnings,,,,-127606200.0,,-124738669.0,-123941614.0,-124631665.0,-126217486.0,-132408520.0,-139132141.0,-142993595.0,-121359786.0,-129269632.0,-138043376.0,-147703211.0,-156837627.0,-165643570.0,-170613010.0,-175915255.0,-179753247.0,-178972274.0,-183647614.0,-190608671.0,-197526132.0,-200655234.0,-208852911.0,-214042787.0,-221901228.0,-230071829.0,-238319253.0,-240256502.0,-242598797.0,-251839754.0,-261631136.0,-271730661.0,-284263070.0,-288523461.0,-293947437.0,-301236913.0,-304832432.0,-305953973.0,-306911413.0,-305648025.0,-309794263.0,-313643130.0,-315771920.0,-319080898.0,-320453539.0,-326100471.0,-332249645.0,-338406815.0,-341035370.0,-349215749.0,-351666062.0,-358155034.0,-390703249.0,-396625247.0,-400085589.0,-402032930.0,-405146463.0,-410313096.0,-406232492.0,-399421251.0,-403173289.0
treasury_stock,,,,26580823.0,,28488147.0,29640979.0,30995449.0,32267486.0,34450978.0,34450978.0,34450978.0,34450978.0,36681821.0,40437799.0,42442932.0,42741551.0,42741551.0,42741551.0,42741551.0,42741551.0,42741551.0,42741551.0,42741551.0,42741551.0,42741551.0,42741551.0,42741551.0,42741551.0,17238669.0,17238669.0,17238669.0,17238669.0,17238669.0,17238669.0,17238669.0,17238669.0,17238669.0,17238669.0,17238669.0,17238669.0,17238669.0,17238669.0,9793946.0,610332.0,257652.0,,366110.0,461723.0,,,103127.0,103127.0,103127.0,103127.0,103127.0,103127.0,103127.0,103181.0,370012.0,370012.0,459669.0,484717.0,1389174.0,1389174.0
accumulated_other_comprehensive_income,4556813.0,,,5985345.0,,6062264.0,1852620.0,4146024.0,6143114.0,5178857.0,6380602.0,6512792.0,4921414.0,2541654.0,2056283.0,3441997.0,2801837.0,3647019.0,3508858.0,3126239.0,3620914.0,3528254.0,1883399.0,771774.0,1797607.0,1766202.0,3307825.0,1570971.0,3132503.0,2642260.0,2346909.0,3564779.0,3294916.0,3046191.0,3036681.0,1554587.0,1651904.0,1872372.0,1883090.0,1757184.0,1658552.0,1705520.0,1600980.0,1484434.0,1464878.0,1408387.0,1428087.0,1414351.0,1300445.0,1193695.0,1030591.0,1176068.0,1182295.0,1200045.0,1135641.0,1232294.0,1234130.0,1323344.0,1316545.0,2032359.0,1770932.0,1638345.0,1759687.0,,
total_equity,170096756.0,,,170509123.0,,168352945.0,164484515.0,170096756.0,165071509.0,156603250.0,152045416.0,155085910.0,169041364.0,157434611.0,145546294.0,134563186.0,125910250.0,119239393.0,115217089.0,109387303.0,107377918.0,108993599.0,103161502.0,94484780.0,89432403.0,86885294.0,80814614.0,74219643.0,68594082.0,86260343.0,78627094.0,77379847.0,76100436.0,67849237.0,59225387.0,47712821.0,44608942.0,41859391.0,35816428.0,28591612.0,24994454.0,24059916.0,23305215.0,28298595.0,42190861.0,39640390.0,42864486.0,39626857.0,38700747.0,35390946.0,30208453.0,23990615.0,42897477.0,35926105.0,34369723.0,29508895.0,4940025.0,-216341.0,22726514.0,23281562.0,20680994.0,16039834.0,21322480.0,64117163.0,60825453.0
cash_flow_from_operations,23357159.0,,,13933341.0,499194.0,,,19252101.0,-629003.0,,,3788201.0,-3269674.0,,,-18900405.0,-6144801.0,,,-19604996.0,-5477149.0,,,-16919549.0,-5569323.0,,,-26174695.0,-6618935.0,,,-25912698.0,-6059044.0,,,-28103782.0,-7846803.0,,,-21026854.0,-3868455.0,,,-4417157.0,-245280.0,,,-10747782.0,-2282663.0,,,-17687250.0,-4174551.0,,,-15260677.0,-3106950.0,,,-14226605.0,-3414201.0,,,-15538486.0,-810746.0
stock_based_compensation,1884340.0,,,2583728.0,559133.0,,,3923628.0,1084057.0,,,4486990.0,1505832.0,,,4203408.0,1126957.0,,,4827772.0,997464.0,,,3145479.0,56454.0,,,2425326.0,1292105.0,,,2296131.0,1399415.0,,,4791054.0,815842.0,,,2057400.0,158465.0,,,821122.0,2610166.0,,,4417422.0,656073.0,,,1267705.0,194190.0,,,3875273.0,734928.0,,,3334671.0,774392.0,1.16,1.16,3032295.0,495328.0
depreciation_amortization_cf,5990951.0,,,3300000.0,1927031.0,,,3800000.0,2526918.0,,,3500000.0,1095202.0,,,2400000.0,932974.0,,,2600000.0,681899.0,,,1500000.0,335478.0,,,1000000.0,443174.0,,,900000.0,554967.0,,,1958680.0,264389.0,,,792221.0,170805.0,,,651083.0,205023.0,,,668691.0,267590.0,,,722024.0,224574.0,,,608222.0,195399.0,,,636580.0,219501.0,,,829554.0,247023.0
capital_expenditure,3684630.0,,,15849823.0,1182116.0,,,7132371.0,1775988.0,,,9831967.0,307930.0,,,741543.0,444372.0,,,1489986.0,314400.0,,,1122808.0,223520.0,,,394897.0,297983.0,,,2794467.0,553793.0,,,1183131.0,74920.0,,,170186.0,155930.0,,,542862.0,346450.0,,,1033503.0,524368.0,,,832712.0,216618.0,,,949487.0,245429.0,,,815299.0,500492.0,,,1437339.0,1301349.0
cash_flow_from_investing,-20471628.0,,,-12203359.0,-11726591.0,,,-20401767.0,2042307.0,,,-15930572.0,18825839.0,,,21461684.0,4364494.0,,,18655260.0,3280038.0,,,23302358.0,13231177.0,,,22833376.0,9012928.0,,,11276727.0,5268430.0,,,18757245.0,2664219.0,,,4742922.0,6196801.0,,,11798441.0,-146450.0,,,53675.0,-2524398.0,,,-3311819.0,-16840397.0,,,-8136979.0,4524619.0,,,-10288835.0,4586583.0,,,17999534.0,-1301349.0
cash_flow_from_financing,-6162199.0,,,-7185087.0,-615563.0,,,-5371748.0,-1272037.0,,,-4084163.0,-3673849.0,,,-12846700.0,-170178.0,,,-1136675.0,0.0,,,-986338.0,-1500.0,,,-510597.0,0.0,,,23101190.0,0.0,,,-907120.0,7442872.0,,,7993016.0,,,,3689536.0,15487379.0,,,20449293.0,-95613.0,,,2660601.0,21335000.0,,,21335000.0,7242581.0,,,33515827.0,,,,43951985.0,-29167.0
dividends_paid,,,,,,,,,,,,,,,,,,,,,,,,0.0,,,,0.0,,,,791737.0,,,,,,,,,,,,,,,,,,,,,,,,,,,,,,,,,29167.0
share_repurchase,5299451.0,,,6728507.0,567645.0,,,4414626.0,1272037.0,,,3455529.0,0.0,,,7991954.0,298619.0,,,298619.0,0.0,,,0.0,,,,0.0,,,,,,11403.0,,,7128.0,,,,,,,,,,,,,,,,,,,,,,,,,,,,
shares_outstanding_basic,66849890.0,66625637.0,66114557.0,66019847.0,64736000.0,64529000.0,64292000.0,64405776.0,64225000.0,63078000.0,63415000.0,63617680.0,62530000.0,62644000.0,62647000.0,62347852.0,62530202.0,62643506.0,62646757.0,62638675.0,63084000.0,63066000.0,63068321.0,63977385.0,63978048.0,64011000.0,64047985.0,64538686.0,64538686.0,72187688.0,72187688.0,73058783.0,73078783.0,73135253.0,73135253.0,74008811.0,81287243.0,82053697.0,82053697.0,82536416.0,82536.0,82569.0,82596.0,82347741.0,87378288.0,88815356.0,90517330.0,88831532.0,90121226.0,90300999.0,93516231.0,91429106.0,105036382.0,109911244.0,110360814.0,112251416.0,120114985.0,121400739.0,124318056.0,156118014.0,166118010.0,156589462.0,156686278.0,176903857.0,176903857.0
shares_outstanding_diluted,67457751.0,67357297.0,66778781.0,66711501.0,65655000.0,66775000.0,65441000.0,65234212.0,64225000.0,63078000.0,63415000.0,63617680.0,62530000.0,62644000.0,62647000.0,62347852.0,62530202.0,62643506.0,62646757.0,62638675.0,63084000.0,65030000.0,63068321.0,63465797.0,63978048.0,64011000.0,64047852.0,64045675.0,64538686.0,,,,,,,,,,,,82536.0,82569.0,82596.0,82196.0,,,,88831532.0,,90300999.0,93516231.0,91429106.0,105036382.0,109911244.0,110360814.0,108976245.0,120114985.0,121400739.0,124318056.0,132875913.0,166118010.0,166351615.0,169448696.0,175149755.0,186903857.0
total_debt,,,,,,,,,,,,,,,,,,,,,,,,,,,,,,,,,,,,,,,,,,,,,,,,,,,,,,,,,,,,,,,,,
current_stock_price,4.28,3.58,3.44,4.29,4.35,4.85,3.49,3.88,4.07,3.44,3.76,3.15,3.7,3.71,3.97,4.2,3.74,3.33,3.49,3.59,3.48,3.61,3.22,2.99,1.6,2.34,2.17,2.84,4.1,3.71,4.17,3.2,3.12,2.86,2.42,1.1,1.34,1.09,0.71,0.42,0.37,1.18,1.28,2.76,8.84,8.06,5.56,4.34,2.55,1.31,1.07,1.24,1.09,2.15,1.22,2.03,1.8,0.84,0.71,1.39,0.95,1.55,2.28,2.38,1.82
market_cap,288719188.4331994,241139118.12104607,229719010.4611125,286192336.7451582,285599243.7386513,323858743.6318397,228389090.624094,253108750.0254631,261395761.02495196,216988323.6093521,238440399.39522743,200395698.06705475,231361002.98166275,232409242.38967896,248708591.79234505,261860966.50809097,233862956.07633448,208602870.20067975,218637182.52744603,224872837.8736794,219532321.2032318,234758293.1780815,203079995.42439917,189762733.635257,102364878.32535551,149785734.5058918,138983843.72646332,181889711.5029156,264608606.44511127,267816325.23374176,301022664.4674835,233788109.08371425,228005794.596797,209166815.90780663,176987317.839777,81409693.86450756,108924908.33325446,89438532.46883762,58258123.10931867,34665293.63769817,30538.32039356232,97431.4156690836,105722.87763690948,226860.95921611783,772424079.2528687,715851806.6284065,503276349.6205568,385528862.4346161,229809122.00268507,118294303.5229354,100062372.07512152,113372092.3119359,114489659.8859675,236309185.08195305,134640196.23744822,221221774.23216465,216206967.2724712,101976617.57613891,88265817.09242392,184697517.1691948,157812107.519719,257844995.3177369,386343022.0320339,416856436.94429874,340165029.54349744
enterprise_value,238884641.4331994,197967904.12104607,182384788.4611125,236357789.7451582,247605604.73865128,290688332.6318397,188225748.624094,225973363.0254631,218004142.02495196,185828127.6093521,213177160.39522743,183639032.06705475,198561450.98166275,199609690.38967896,233896981.79234505,247225165.50809097,219051346.07633448,191553787.20067975,201588099.52744603,210237036.8736794,204554838.2032318,218280792.1780815,188102512.42439917,169994844.635257,74745547.32535553,124059304.5058918,117985441.72646332,166067216.50291562,246215540.44511127,237275032.23374176,275140110.4674835,208939882.08371425,203837894.596797,186424240.90780663,157620269.839777,67083346.86450756,92341383.33325446,77304006.46883762,49500424.10931867,28636046.637698174,-8303064.679606438,-8679388.584330916,-10518783.12236309,-16886008.040783882,740220768.2528687,688492118.6284065,474926551.6205568,358740931.4346161,207941630.00268507,104664084.5229354,90436958.07512152,105113214.3119359,105906513.8859675,226202517.08195305,125040521.23744822,215511089.23216465,202088205.2724712,91933770.57613891,73735224.09242392,170537397.16919482,142480193.519719,233475685.3177369,359834882.0320339,380506353.94429874,306065029.54349744
beta_3y,1.5046,1.5188,1.5404,1.5603,1.5526,1.6003,1.5749,1.6319,1.6856,1.6167,1.6109,1.628,1.6483,1.6643,1.6973,1.7119,1.7674,1.7831,1.9175,1.7091,1.6905,1.7023,1.4898,1.3287,1.332,1.2758,1.3223,1.3475,1.3489,1.2977,1.3387,1.3102,1.323,1.2981,1.4215,1.6296,1.6678,1.6767,1.5927,1.5114,1.3046,1.1875,1.2289,1.2247,1.3556,1.3923,1.3967,1.4081,1.4325,1.4784,1.5192,1.5092,1.7476,1.9713,1.9954,2.0675,1.8892,1.8457,1.993,1.8867,1.9972,2.0575,2.0981,2.3912,2.5387
risk_free_rate,0.038069999217987,0.0311299991607666,0.026119999885559,0.0339299988746643,0.0344400000572204,0.0287100005149841,0.0180799996852874,0.0187100005149841,0.0221600008010864,0.0165900003910064,0.0163699996471405,0.0171099996566772,0.0185199999809265,0.024779999256134,0.0261899995803833,0.0300600004196167,0.0271199989318847,0.0253200006484985,0.0253500008583068,0.0225,0.0194799995422363,0.0247600007057189,0.0216799998283386,0.0224300003051757,0.0189999997615814,0.015789999961853,0.0161500000953674,0.0244600009918212,0.0239599990844726,0.0230200004577636,0.0232599997520446,0.0240499997138977,0.0274099993705749,0.0284899997711181,0.0305599999427795,0.0273600006103515,0.0241400003433227,0.02,0.0167499995231628,0.0187399995326995,0.007490000128746,0.0063599997758865,0.00658999979496,0.0092799997329711,0.0165999996662139,0.0153600001335144,0.0146000003814697,0.0149300003051757,0.0249200010299682,0.03125,0.0369700002670288,0.0387899994850158,0.0349399995803833,0.0381900000572204,0.0457299995422363,0.0386599993705749,0.042059998512268,0.0434299993515014,0.0374900007247924,0.0461899995803833,0.0425500011444091,0.042829999923706,0.0418699979782104,0.0413600015640258,0.0444000005722045
wacc,,,,,,,,,,,,,,,,,,,,,,,,,,,,,,,,,,,,,,,,,,,,,,,,,,,,,,,,,,,,,,,,,
ebitda,16379498.0,,,375481.0,4085016.0,,,-3749903.0,-967164.0,-6599531.0,-6004398.0,-17070894.0,-8546792.0,,,38300000.0,-8680791.0,,,-25828725.0,-5263250.0,,,-23736400.0,-5982225.0,,,-19472617.0,-8219610.0,,-8404576.0,-29397973.0,-9236667.0,-8793511.0,-9798873.0,-38008047.0,-11319282.0,,,-25587441.0,-3370277.0,,,-4112335.0,-3984285.0,,,-13106345.0,-5810028.0,,,-21068189.0,-2601683.0,,,-16569282.0,-32446152.0,,,-42472246.0,-3688456.0,,,-9024581.0,-5739840.0
free_cash_flow,19672529.0,,,-1916482.0,-682922.0,,,12119730.0,-2404991.0,,,-6043766.0,-3577604.0,,,-19641948.0,-6589173.0,,,-21094982.0,-5791549.0,,,-18042357.0,-5792843.0,,,-26569592.0,-6916918.0,,,-28707165.0,-6612837.0,,,-29286913.0,-7921723.0,,,-21197040.0,-4024385.0,,,-4960019.0,-591730.0,,,-11781285.0,-2807031.0,,,-18519962.0,-4391169.0,,,-16210164.0,-3352379.0,,,-15041904.0,-3914693.0,,,-16975825.0,-2112095.0
