Financials,2009-01-31,2010-01-31,2010-04-30,2010-07-31,2010-10-31,2011-01-31,2011-04-30,2011-07-31,2011-10-31,2012-01-31,2012-04-30,2012-07-31,2012-10-31,2013-01-31,2013-05-03,2013-08-02,2013-11-01,2014-01-31,2014-05-02,2014-08-01,2014-10-31,2015-01-30,2015-04-03,2015-07-03,2015-10-02,2016-01-01,2016-04-01,2016-07-01,2016-09-30,2016-12-30,2017-03-31,2017-06-30,2017-09-29,2017-12-29,2018-03-30,2018-06-29,2018-09-28,2018-12-28,2019-03-29,2019-06-28,2019-09-27,2020-01-03,2020-04-03,2020-07-03,2020-10-02,2021-01-01,2021-04-02,2021-07-02,2021-10-01,2021-12-31,2022-04-01,2022-07-01,2022-09-30,2022-12-30,2023-03-31,2023-06-30,2023-09-29,2023-12-29,2024-03-29,2024-06-28,2024-09-27,2025-01-03,2025-04-04,2025-07-04,2025-10-03,2026-01-02,2026-04-03
revenue,10070000000.0,10580000000.0,2627000000.0,2749000000.0,2821000000.0,10798000000.0,2663000000.0,2573000000.0,2790000000.0,5836000000.0,1598000000.0,1623000000.0,1668000000.0,6449000000.0,1593000000.0,1457000000.0,1414000000.0,5755000000.0,1312000000.0,1306000000.0,1276000000.0,5063000000.0,1246000000.0,1257000000.0,1302000000.0,1281000000.0,1312000000.0,1288000000.0,1868000000.0,7043000000.0,2580000000.0,2571000000.0,2503000000.0,10170000000.0,2443000000.0,2529000000.0,2575000000.0,10194000000.0,2577000000.0,2728000000.0,2835000000.0,11094000000.0,2889000000.0,2914000000.0,3242000000.0,12297000000.0,3315000000.0,3448000000.0,3483000000.0,13737000000.0,3494000000.0,3597000000.0,3608000000.0,14396000000.0,3699000000.0,3838000000.0,3921000000.0,15438000000.0,3975000000.0,4132000000.0,4190000000.0,16662000000.0,4245000000.0,4253000000.0,4469000000.0,17174000000.0,4400000000.0
cost_of_goods_sold,8692000000.0,9151000000.0,2305000000.0,2351000000.0,2445000000.0,9374000000.0,2357000000.0,2258000000.0,2477000000.0,5351000000.0,2433000000.0,2485000000.0,1434000000.0,5548000000.0,1377000000.0,1293000000.0,1219000000.0,4992000000.0,1141000000.0,1119000000.0,1115000000.0,4392000000.0,1093000000.0,1113000000.0,1138000000.0,,1154000000.0,1141000000.0,1630000000.0,6103000000.0,2233000000.0,2190000000.0,2136000000.0,8738000000.0,2086000000.0,2152000000.0,2174000000.0,8690000000.0,2221000000.0,2348000000.0,2450000000.0,9546000000.0,2494000000.0,2531000000.0,2774000000.0,10560000000.0,2848000000.0,2950000000.0,2942000000.0,11723000000.0,2982000000.0,3059000000.0,3095000000.0,12312000000.0,3204000000.0,3271000000.0,3334000000.0,13194000000.0,3337000000.0,3427000000.0,3428000000.0,13864000000.0,3488000000.0,3471000000.0,3648000000.0,14075000000.0,3639000000.0
gross_profit,1378000000.0,1429000000.0,322000000.0,398000000.0,376000000.0,1424000000.0,306000000.0,315000000.0,313000000.0,485000000.0,-835000000.0,-862000000.0,234000000.0,901000000.0,216000000.0,164000000.0,195000000.0,763000000.0,171000000.0,187000000.0,161000000.0,671000000.0,153000000.0,144000000.0,164000000.0,,158000000.0,147000000.0,238000000.0,940000000.0,347000000.0,381000000.0,367000000.0,1432000000.0,357000000.0,377000000.0,401000000.0,1504000000.0,356000000.0,380000000.0,385000000.0,1548000000.0,395000000.0,383000000.0,468000000.0,1737000000.0,467000000.0,498000000.0,541000000.0,2014000000.0,512000000.0,538000000.0,513000000.0,2084000000.0,495000000.0,567000000.0,587000000.0,2244000000.0,638000000.0,705000000.0,762000000.0,2798000000.0,757000000.0,782000000.0,821000000.0,3099000000.0,761000000.0
research_and_development,46000000.0,49000000.0,,,,55000000.0,,,,74000000.0,,1000000.0,18000000.0,47000000.0,26000000.0,49000000.0,87000000.0,45000000.0,0.0,510000000.0,17000000.0,37000000.0,40000000.0,29000000.0,17000000.0,,9000000.0,16000000.0,49000000.0,44000000.0,25000000.0,29000000.0,22000000.0,42000000.0,20000000.0,4000000.0,4000000.0,46000000.0,-2000000.0,-5000000.0,-41000000.0,49000000.0,6000000.0,-61000000.0,10000000.0,73000000.0,0.0,5000000.0,3000000.0,109000000.0,5000000.0,5000000.0,0.0,116000000.0,-3000000.0,-1000000.0,684000000.0,128000000.0,-3000000.0,-1000000.0,-1000000.0,150000000.0,-3000000.0,-6000000.0,0.0,187000000.0,30000000.0
selling_general_and_admin,556000000.0,544000000.0,,,,440000000.0,,,,469000000.0,,152000000.0,139000000.0,467000000.0,128000000.0,105000000.0,113000000.0,440000000.0,84000000.0,87000000.0,72000000.0,310000000.0,75000000.0,51000000.0,53000000.0,,60000000.0,56000000.0,88000000.0,422000000.0,181000000.0,186000000.0,194000000.0,737000000.0,178000000.0,174000000.0,194000000.0,729000000.0,166000000.0,175000000.0,177000000.0,689000000.0,197000000.0,195000000.0,200000000.0,770000000.0,159000000.0,224000000.0,233000000.0,851000000.0,236000000.0,262000000.0,232000000.0,951000000.0,233000000.0,237000000.0,239000000.0,942000000.0,226000000.0,231000000.0,247000000.0,983000000.0,230000000.0,217000000.0,286000000.0,999000000.0,223000000.0
operating_expenses,602000000.0,593000000.0,116000000.0,126000000.0,124000000.0,495000000.0,101000000.0,129000000.0,333000000.0,543000000.0,123000000.0,153000000.0,157000000.0,469000000.0,154000000.0,154000000.0,200000000.0,442000000.0,84000000.0,597000000.0,89000000.0,347000000.0,115000000.0,80000000.0,70000000.0,,69000000.0,72000000.0,137000000.0,466000000.0,206000000.0,215000000.0,216000000.0,779000000.0,198000000.0,178000000.0,198000000.0,775000000.0,164000000.0,170000000.0,136000000.0,738000000.0,203000000.0,134000000.0,210000000.0,843000000.0,159000000.0,229000000.0,236000000.0,960000000.0,241000000.0,267000000.0,232000000.0,1067000000.0,230000000.0,236000000.0,923000000.0,1070000000.0,223000000.0,230000000.0,246000000.0,1133000000.0,227000000.0,211000000.0,286000000.0,1186000000.0,253000000.0
operating_income_ebit,776000000.0,836000000.0,206000000.0,272000000.0,252000000.0,929000000.0,227000000.0,206000000.0,-20000000.0,-58000000.0,116000000.0,111000000.0,105000000.0,421000000.0,77000000.0,10000000.0,-5000000.0,163000000.0,87000000.0,-410000000.0,72000000.0,-214000000.0,38000000.0,64000000.0,94000000.0,102000000.0,89000000.0,75000000.0,101000000.0,417000000.0,141000000.0,166000000.0,151000000.0,559000000.0,159000000.0,199000000.0,203000000.0,749000000.0,192000000.0,210000000.0,249000000.0,912000000.0,192000000.0,249000000.0,258000000.0,998000000.0,308000000.0,269000000.0,305000000.0,1152000000.0,271000000.0,271000000.0,281000000.0,1088000000.0,265000000.0,331000000.0,-336000000.0,621000000.0,415000000.0,475000000.0,516000000.0,1827000000.0,530000000.0,571000000.0,535000000.0,2109000000.0,508000000.0
depreciation_and_amortization_expense,89000000.0,90000000.0,24000000.0,,,110000000.0,28000000.0,11000000.0,13000000.0,88000000.0,27000000.0,9000000.0,12000000.0,90000000.0,26000000.0,11000000.0,7000000.0,80000000.0,18000000.0,5000000.0,3000000.0,62000000.0,12000000.0,3000000.0,9000000.0,,8000000.0,7000000.0,10000000.0,122000000.0,82000000.0,13000000.0,16000000.0,336000000.0,63000000.0,15000000.0,14000000.0,257000000.0,58000000.0,43000000.0,43000000.0,234000000.0,61000000.0,51000000.0,60000000.0,282000000.0,77000000.0,55000000.0,63000000.0,325000000.0,85000000.0,57000000.0,57000000.0,333000000.0,82000000.0,51000000.0,50000000.0,331000000.0,69000000.0,36000000.0,37000000.0,290000000.0,69000000.0,32000000.0,34000000.0,290000000.0,72000000.0
interest_income,20000000.0,2000000.0,,1000000.0,,2000000.0,1000000.0,,2000000.0,5000000.0,2000000.0,2000000.0,2000000.0,9000000.0,4000000.0,,,15000000.0,,,,,,,,,,,,,,,,,,,,,,,,,,,,,,,,,,,,,,,,,,,,,,,,,
interest_expense,78000000.0,76000000.0,18000000.0,19000000.0,19000000.0,79000000.0,28000000.0,28000000.0,29000000.0,114000000.0,29000000.0,24000000.0,20000000.0,93000000.0,20000000.0,18000000.0,21000000.0,82000000.0,20000000.0,20000000.0,18000000.0,75000000.0,,,15000000.0,,14000000.0,15000000.0,28000000.0,96000000.0,38000000.0,36000000.0,36000000.0,148000000.0,,,,145000000.0,,,,147000000.0,,,,182000000.0,,,,185000000.0,,,,,,,,,,,,,,,,,
tax_expense,256000000.0,289000000.0,64000000.0,95000000.0,89000000.0,307000000.0,77000000.0,70000000.0,43000000.0,73000000.0,66000000.0,63000000.0,28000000.0,22000000.0,21000000.0,-6000000.0,-11000000.0,4000000.0,24000000.0,9000000.0,16000000.0,47000000.0,0.0,15000000.0,31000000.0,,25000000.0,19000000.0,-17000000.0,72000000.0,34000000.0,37000000.0,37000000.0,29000000.0,23000000.0,20000000.0,23000000.0,28000000.0,57000000.0,41000000.0,52000000.0,196000000.0,15000000.0,38000000.0,51000000.0,152000000.0,57000000.0,53000000.0,52000000.0,208000000.0,45000000.0,53000000.0,57000000.0,193000000.0,43000000.0,64000000.0,8000000.0,195000000.0,85000000.0,102000000.0,108000000.0,388000000.0,113000000.0,125000000.0,115000000.0,447000000.0,94000000.0
net_income,452000000.0,496000000.0,125000000.0,190000000.0,173000000.0,619000000.0,131000000.0,178000000.0,-89000000.0,59000000.0,117000000.0,110000000.0,112000000.0,525000000.0,81000000.0,42000000.0,-3000000.0,164000000.0,37000000.0,-438000000.0,34000000.0,-323000000.0,41000000.0,37000000.0,49000000.0,127000000.0,53000000.0,41000000.0,91000000.0,244000000.0,72000000.0,98000000.0,82000000.0,366000000.0,102000000.0,145000000.0,147000000.0,581000000.0,189000000.0,138000000.0,161000000.0,667000000.0,115000000.0,154000000.0,163000000.0,628000000.0,205000000.0,170000000.0,205000000.0,753000000.0,177000000.0,172000000.0,162000000.0,685000000.0,164000000.0,210000000.0,-399000000.0,199000000.0,283000000.0,324000000.0,364000000.0,1254000000.0,363000000.0,393000000.0,367000000.0,1448000000.0,328000000.0
basic_eps,1.11,1.25,0.32,0.5,0.47,1.65,0.37,0.51,-0.27,0.68,0.67,0.72,0.7,6.19,0.44,0.05,-0.1,1.94,0.58,-5.93,0.52,-4.36,0.32,0.51,0.68,1.76,0.74,0.56,0.81,2.39,0.48,0.65,0.54,2.41,0.67,0.95,0.97,3.85,1.3,0.94,1.13,4.66,0.81,1.08,1.15,4.42,1.44,1.2,1.45,5.34,1.26,1.25,1.18,5.0,1.18,1.51,-2.91,1.45,2.09,2.39,2.72,9.36,2.79,3.03,2.87,11.31,2.6
diluted_eps,1.09,1.23,0.32,0.5,0.46,1.64,0.36,0.5,-0.27,0.68,0.67,0.72,0.7,6.19,0.44,0.05,-0.1,1.94,0.58,-5.93,0.51,-4.36,0.31,0.5,0.67,1.72,0.72,0.55,0.8,2.35,0.47,0.64,0.53,2.38,0.66,0.94,0.96,3.8,1.29,0.93,1.11,4.6,0.8,1.06,1.13,4.36,1.42,1.18,1.43,5.27,1.25,1.24,1.17,4.96,1.17,1.5,-2.91,1.44,2.07,2.37,2.68,9.22,2.77,3.01,2.82,11.14,2.56
cash_and_cash_equivalents,936000000.0,861000000.0,568000000.0,604000000.0,644000000.0,1366000000.0,1282000000.0,1336000000.0,1463000000.0,1590000000.0,1167000000.0,756000000.0,531000000.0,735000000.0,562000000.0,462000000.0,814000000.0,430000000.0,183000000.0,358000000.0,418000000.0,443000000.0,377000000.0,365000000.0,635000000.0,673000000.0,609000000.0,670000000.0,510000000.0,396000000.0,242000000.0,287000000.0,361000000.0,422000000.0,257000000.0,323000000.0,575000000.0,369000000.0,597000000.0,703000000.0,746000000.0,717000000.0,445000000.0,588000000.0,512000000.0,687000000.0,377000000.0,338000000.0,587000000.0,875000000.0,297000000.0,339000000.0,807000000.0,525000000.0,379000000.0,329000000.0,750000000.0,641000000.0,547000000.0,744000000.0,1097000000.0,991000000.0,842000000.0,930000000.0,974000000.0,1108000000.0,457000000.0
marketable_securities,,,,,,,,,,,,,,,,,,,,,,,,,,,,,,,,,,,,,,,,,,,,,,,,,,,,,,,,,,,,,,,,,,,
accounts_receivable,,2044000000.0,,2032000000.0,2203000000.0,2069000000.0,2150000000.0,2124000000.0,2219000000.0,2164000000.0,2171000000.0,1992000000.0,1943000000.0,1166000000.0,2063000000.0,1999000000.0,1161000000.0,1082000000.0,1098000000.0,1094000000.0,1021000000.0,896000000.0,977000000.0,929000000.0,844000000.0,921000000.0,874000000.0,924000000.0,1677000000.0,1657000000.0,1841000000.0,1832000000.0,1797000000.0,1831000000.0,1914000000.0,1779000000.0,1812000000.0,1877000000.0,1894000000.0,1842000000.0,1775000000.0,1734000000.0,1793000000.0,1789000000.0,1872000000.0,2137000000.0,2160000000.0,2271000000.0,2288000000.0,2189000000.0,2419000000.0,2423000000.0,2284000000.0,2350000000.0,2518000000.0,2478000000.0,2452000000.0,2429000000.0,2713000000.0,2615000000.0,2706000000.0,2645000000.0,2906000000.0,2915000000.0,2970000000.0,2708000000.0,3028000000.0
inventory,,125000000.0,,,,116000000.0,,,,168000000.0,,,,79000000.0,,,,59000000.0,,,,70000000.0,,,,70000000.0,,,,67000000.0,,,,76000000.0,,,,,,,,72000000.0,,294000000.0,292000000.0,276000000.0,268000000.0,251000000.0,268000000.0,274000000.0,279000000.0,286000000.0,286000000.0,287000000.0,300000000.0,310000000.0,295000000.0,310000000.0,318000000.0,333000000.0,323000000.0,315000000.0,347000000.0,364000000.0,360000000.0,342000000.0,336000000.0
prepaid_expenses,,36000000.0,,,,42000000.0,,,,59000000.0,,,,32000000.0,,,,34000000.0,,,,28000000.0,,,,26000000.0,,,,90000000.0,,,,90000000.0,,,,,,,,,,,,,,,,,,,,,,,,,,,,,,,,,
total_current_assets,,3193000000.0,,2956000000.0,3171000000.0,3867000000.0,3845000000.0,3767000000.0,3991000000.0,4231000000.0,3791000000.0,3178000000.0,3062000000.0,3617000000.0,3019000000.0,2826000000.0,2286000000.0,1807000000.0,1571000000.0,1713000000.0,1675000000.0,1618000000.0,1651000000.0,1692000000.0,1729000000.0,1793000000.0,1803000000.0,1817000000.0,2556000000.0,2381000000.0,2395000000.0,2434000000.0,2571000000.0,2674000000.0,2635000000.0,2639000000.0,2881000000.0,2839000000.0,2860000000.0,2914000000.0,2924000000.0,2812000000.0,2868000000.0,3052000000.0,3199000000.0,3339000000.0,3257000000.0,3263000000.0,3569000000.0,3619000000.0,3487000000.0,3526000000.0,3841000000.0,3643000000.0,3665000000.0,3576000000.0,3991000000.0,4005000000.0,4150000000.0,4229000000.0,4665000000.0,4334000000.0,4549000000.0,4781000000.0,4849000000.0,4814000000.0,4403000000.0
property_plant_equipment,,389000000.0,,382000000.0,361000000.0,359000000.0,351000000.0,354000000.0,349000000.0,348000000.0,339000000.0,324000000.0,319000000.0,286000000.0,315000000.0,280000000.0,473000000.0,482000000.0,480000000.0,372000000.0,360000000.0,308000000.0,308000000.0,178000000.0,178000000.0,142000000.0,136000000.0,131000000.0,231000000.0,259000000.0,238000000.0,215000000.0,212000000.0,232000000.0,227000000.0,221000000.0,230000000.0,237000000.0,220000000.0,216000000.0,228000000.0,287000000.0,490000000.0,569000000.0,577000000.0,604000000.0,655000000.0,654000000.0,662000000.0,670000000.0,674000000.0,669000000.0,671000000.0,,,,,,,,,,,,,,
operating_lease_rou_assets,,,,,,,,,,,,,,,,,,,,,,,,,,,,,,,,,,,,,,0.0,406000000.0,383000000.0,394000000.0,141000000.0,539000000.0,559000000.0,581000000.0,314000000.0,584000000.0,634000000.0,638000000.0,161000000.0,600000000.0,614000000.0,593000000.0,122000000.0,541000000.0,534000000.0,512000000.0,97000000.0,493000000.0,480000000.0,459000000.0,560000000.0,541000000.0,535000000.0,512000000.0,526000000.0,553000000.0
goodwill,1249000000.0,1420000000.0,,1548000000.0,1688000000.0,1638000000.0,1659000000.0,1674000000.0,1827000000.0,1309000000.0,1826000000.0,1826000000.0,2195000000.0,1693000000.0,2195000000.0,2195000000.0,1704000000.0,1693000000.0,1704000000.0,1207000000.0,1207000000.0,1207000000.0,1207000000.0,1207000000.0,1207000000.0,1207000000.0,,,4874000000.0,4622000000.0,4619000000.0,4922000000.0,4976000000.0,4974000000.0,4976000000.0,4887000000.0,4881000000.0,4860000000.0,4871000000.0,4861000000.0,4889000000.0,4912000000.0,5719000000.0,6266000000.0,6158000000.0,6313000000.0,6456000000.0,6707000000.0,6650000000.0,6744000000.0,6742000000.0,6673000000.0,6618000000.0,6696000000.0,6703000000.0,6701000000.0,6079000000.0,6112000000.0,6099000000.0,6102000000.0,6123000000.0,6084000000.0,6098000000.0,6359000000.0,6342000000.0,6342000000.0,8094000000.0
intangible_assets,,106000000.0,,130000000.0,216000000.0,211000000.0,200000000.0,196000000.0,186000000.0,176000000.0,166000000.0,156000000.0,214000000.0,178000000.0,173000000.0,128000000.0,100000000.0,93000000.0,88000000.0,59000000.0,39000000.0,37000000.0,35000000.0,32000000.0,26000000.0,25000000.0,1231000000.0,1228000000.0,1643000000.0,1589000000.0,1520000000.0,1006000000.0,925000000.0,856000000.0,806000000.0,749000000.0,702000000.0,652000000.0,613000000.0,571000000.0,571000000.0,530000000.0,950000000.0,1260000000.0,1335000000.0,1216000000.0,1234000000.0,1329000000.0,1321000000.0,1177000000.0,1109000000.0,1038000000.0,977000000.0,952000000.0,902000000.0,851000000.0,713000000.0,667000000.0,629000000.0,592000000.0,558000000.0,517000000.0,489000000.0,515000000.0,496000000.0,458000000.0,993000000.0
total_assets,,5295000000.0,,5174000000.0,5538000000.0,6223000000.0,6183000000.0,6113000000.0,6463000000.0,6667000000.0,6220000000.0,5580000000.0,5866000000.0,5875000000.0,5790000000.0,5521000000.0,4635000000.0,4162000000.0,3969000000.0,3481000000.0,3398000000.0,3281000000.0,3309000000.0,3211000000.0,3302000000.0,3370000000.0,3391000000.0,3401000000.0,9579000000.0,9132000000.0,9140000000.0,8882000000.0,8923000000.0,8990000000.0,8913000000.0,8770000000.0,8908000000.0,8770000000.0,9360000000.0,9327000000.0,9410000000.0,9367000000.0,10988000000.0,12143000000.0,12285000000.0,12511000000.0,12638000000.0,13035000000.0,13281000000.0,13261000000.0,13030000000.0,12887000000.0,13099000000.0,13071000000.0,13132000000.0,13026000000.0,12757000000.0,12695000000.0,12817000000.0,12909000000.0,13338000000.0,13010000000.0,13197000000.0,13549000000.0,13542000000.0,13493000000.0,15387000000.0
accounts_payable,,511000000.0,,1118000000.0,1182000000.0,457000000.0,1225000000.0,1222000000.0,1534000000.0,485000000.0,1410000000.0,1296000000.0,1291000000.0,259000000.0,1211000000.0,1188000000.0,782000000.0,218000000.0,740000000.0,682000000.0,704000000.0,244000000.0,745000000.0,716000000.0,771000000.0,306000000.0,707000000.0,720000000.0,1458000000.0,591000000.0,592000000.0,1330000000.0,1500000000.0,557000000.0,1622000000.0,1461000000.0,1590000000.0,547000000.0,1893000000.0,1710000000.0,2004000000.0,592000000.0,1966000000.0,2034000000.0,2279000000.0,731000000.0,2133000000.0,1944000000.0,2142000000.0,692000000.0,2214000000.0,2052000000.0,2301000000.0,733000000.0,2110000000.0,1970000000.0,2221000000.0,736000000.0,2301000000.0,2235000000.0,2287000000.0,611000000.0,2178000000.0,2003000000.0,2158000000.0,1988000000.0,2145000000.0
accrued_liabilities,,525000000.0,,484000000.0,618000000.0,630000000.0,518000000.0,453000000.0,611000000.0,1265000000.0,515000000.0,473000000.0,624000000.0,435000000.0,448000000.0,478000000.0,307000000.0,395000000.0,253000000.0,296000000.0,287000000.0,327000000.0,237000000.0,273000000.0,267000000.0,318000000.0,216000000.0,269000000.0,454000000.0,493000000.0,837000000.0,475000000.0,435000000.0,747000000.0,379000000.0,446000000.0,410000000.0,650000000.0,363000000.0,471000000.0,446000000.0,822000000.0,531000000.0,541000000.0,718000000.0,939000000.0,684000000.0,683000000.0,721000000.0,747000000.0,724000000.0,701000000.0,813000000.0,772000000.0,712000000.0,666000000.0,801000000.0,826000000.0,740000000.0,703000000.0,903000000.0,883000000.0,664000000.0,826000000.0,809000000.0,819000000.0,687000000.0
deferred_revenue_current,,,,,,,,,,,,,,,,,,,,,,,,,,,,,,,,,,293000000.0,406000000.0,311000000.0,362000000.0,276000000.0,484000000.0,338000000.0,444000000.0,400000000.0,420000000.0,401000000.0,578000000.0,481000000.0,433000000.0,320000000.0,413000000.0,364000000.0,382000000.0,312000000.0,450000000.0,380000000.0,352000000.0,305000000.0,449000000.0,442000000.0,414000000.0,296000000.0,353000000.0,333000000.0,368000000.0,274000000.0,396000000.0,348000000.0,411000000.0
short_term_debt,,3000000.0,,3000000.0,3000000.0,3000000.0,3000000.0,553000000.0,553000000.0,553000000.0,553000000.0,3000000.0,2000000.0,0.0,1000000.0,3000000.0,151000000.0,2000000.0,3000000.0,3000000.0,2000000.0,2000000.0,2000000.0,2000000.0,3000000.0,2000000.0,2000000.0,1000000.0,42000000.0,62000000.0,84000000.0,84000000.0,64000000.0,55000000.0,81000000.0,71000000.0,56000000.0,72000000.0,66000000.0,65000000.0,77000000.0,61000000.0,1793000000.0,854000000.0,401000000.0,100000000.0,103000000.0,481000000.0,484000000.0,483000000.0,75000000.0,150000000.0,0.0,0.0,0.0,200000000.0,0.0,0.0,0.0,0.0,0.0,0.0,0.0,0.0,0.0,0.0,300000000.0
operating_lease_liabilities_current,,,,,,,,,,,,,,,,,,,,,,,,,,,,,,,,,,,,,,,151000000.0,138000000.0,141000000.0,132000000.0,,,,127000000.0,,,,140000000.0,,,,130000000.0,,,,136000000.0,,,,123000000.0,,,,107000000.0,
total_current_liabilities,,1706000000.0,,1619000000.0,1807000000.0,1748000000.0,1805000000.0,2248000000.0,2698000000.0,3025000000.0,2510000000.0,1781000000.0,1966000000.0,1792000000.0,2017000000.0,1669000000.0,1240000000.0,1009000000.0,1004000000.0,991000000.0,1001000000.0,951000000.0,987000000.0,996000000.0,1042000000.0,1040000000.0,1005000000.0,990000000.0,1980000000.0,2016000000.0,1983000000.0,1910000000.0,2021000000.0,2202000000.0,2103000000.0,2015000000.0,2093000000.0,2059000000.0,2322000000.0,2246000000.0,2527000000.0,2333000000.0,4290000000.0,3429000000.0,3398000000.0,2907000000.0,2920000000.0,3108000000.0,3347000000.0,3229000000.0,3494000000.0,3906000000.0,4141000000.0,3947000000.0,3161000000.0,2855000000.0,3040000000.0,2990000000.0,3084000000.0,3505000000.0,3782000000.0,3560000000.0,2961000000.0,2948000000.0,2986000000.0,2827000000.0,3152000000.0
long_term_debt,,1103000000.0,,1102000000.0,1101000000.0,1849000000.0,1848000000.0,1299000000.0,1299000000.0,1299000000.0,1298000000.0,1297000000.0,1297000000.0,1295000000.0,1297000000.0,1332000000.0,1330000000.0,1331000000.0,1330000000.0,1329000000.0,1227000000.0,1164000000.0,1156000000.0,1127000000.0,1142000000.0,1079000000.0,1089000000.0,1092000000.0,3428000000.0,3225000000.0,3188000000.0,3147000000.0,3043000000.0,3056000000.0,3007000000.0,2990000000.0,2985000000.0,3052000000.0,2966000000.0,2954000000.0,2939000000.0,2925000000.0,2444000000.0,4148000000.0,4125000000.0,4644000000.0,4663000000.0,4639000000.0,4616000000.0,4593000000.0,4569000000.0,4023000000.0,3975000000.0,3928000000.0,4675000000.0,4670000000.0,4667000000.0,4664000000.0,4636000000.0,4109000000.0,4081000000.0,4052000000.0,5014000000.0,4985000000.0,4632000000.0,4628000000.0,6014000000.0
operating_lease_liabilities_noncurrent,,,,,,,,,,,,,,,,,,,,,,,,,,,,,,,,,,,,,,0.0,305000000.0,285000000.0,295000000.0,326000000.0,500000000.0,529000000.0,549000000.0,564000000.0,557000000.0,600000000.0,615000000.0,589000000.0,582000000.0,614000000.0,591000000.0,570000000.0,562000000.0,553000000.0,527000000.0,516000000.0,495000000.0,486000000.0,467000000.0,621000000.0,603000000.0,598000000.0,578000000.0,587000000.0,610000000.0
deferred_tax_liabilities,,,,,,,,,,,,,,32000000.0,,,,66000000.0,,,,21000000.0,,,,34000000.0,,,867000000.0,540000000.0,564000000.0,362000000.0,337000000.0,220000000.0,221000000.0,,,392000000.0,,,,475000000.0,,,,633000000.0,,,,644000000.0,,,,639000000.0,,,,570000000.0,,,,604000000.0,,,,608000000.0,
total_liabilities,,3004000000.0,,2894000000.0,3053000000.0,3732000000.0,3788000000.0,3690000000.0,4137000000.0,4486000000.0,3954000000.0,3221000000.0,3411000000.0,3257000000.0,3486000000.0,3176000000.0,2752000000.0,2567000000.0,2564000000.0,2524000000.0,2422000000.0,2283000000.0,2309000000.0,2292000000.0,2348000000.0,2302000000.0,2289000000.0,2277000000.0,6463000000.0,5985000000.0,5952000000.0,5641000000.0,5616000000.0,5607000000.0,5479000000.0,5352000000.0,5451000000.0,5459000000.0,6063000000.0,5965000000.0,6160000000.0,5950000000.0,7629000000.0,8596000000.0,8570000000.0,8640000000.0,8658000000.0,8887000000.0,9115000000.0,8917000000.0,9022000000.0,8830000000.0,8960000000.0,8718000000.0,8668000000.0,8373000000.0,8554000000.0,8437000000.0,8504000000.0,8399000000.0,8671000000.0,8550000000.0,8895000000.0,8842000000.0,8588000000.0,8531000000.0,10323000000.0
retained_earnings,,239000000.0,,241000000.0,410000000.0,408000000.0,369000000.0,437000000.0,326000000.0,164000000.0,229000000.0,296000000.0,367000000.0,510000000.0,182000000.0,182000000.0,150000000.0,25000000.0,0.0,-463000000.0,-453000000.0,-424000000.0,-419000000.0,-406000000.0,-380000000.0,-277000000.0,-251000000.0,-230000000.0,-188000000.0,-177000000.0,-154000000.0,-105000000.0,-72000000.0,-7000000.0,37000000.0,133000000.0,231000000.0,372000000.0,562000000.0,652000000.0,764000000.0,896000000.0,961000000.0,1065000000.0,1180000000.0,1328000000.0,1484000000.0,1605000000.0,1758000000.0,1880000000.0,2007000000.0,2128000000.0,2239000000.0,2367000000.0,2479000000.0,2636000000.0,2186000000.0,2364000000.0,2595000000.0,2866000000.0,3179000000.0,3410000000.0,3721000000.0,4061000000.0,4375000000.0,4647000000.0,4921000000.0
treasury_stock,,,,,,,,,,,,,,,,,,,,,,,,,,,,,,,,,,,,,,,,,,,,,,,,,,,,,,,,,,,,,,,,,,,
accumulated_other_comprehensive_income,,-44000000.0,,-38000000.0,-37000000.0,-7000000.0,-7000000.0,-3000000.0,-3000000.0,-11000000.0,-1000000.0,-1000000.0,-1000000.0,-2000000.0,-2000000.0,-2000000.0,-2000000.0,-6000000.0,-6000000.0,-6000000.0,-6000000.0,-11000000.0,-12000000.0,-11000000.0,-11000000.0,-8000000.0,-6000000.0,-4000000.0,-6000000.0,-4000000.0,8000000.0,8000000.0,31000000.0,33000000.0,56000000.0,23000000.0,13000000.0,-30000000.0,-35000000.0,-73000000.0,-108000000.0,-70000000.0,-185000000.0,-127000000.0,-98000000.0,-46000000.0,-37000000.0,-15000000.0,-40000000.0,-12000000.0,20000000.0,-79000000.0,-135000000.0,-73000000.0,-64000000.0,-63000000.0,-95000000.0,-48000000.0,-72000000.0,-65000000.0,-34000000.0,-110000000.0,-83000000.0,-49000000.0,-54000000.0,-50000000.0,-25000000.0
total_equity,2083000000.0,2291000000.0,,2280000000.0,2485000000.0,2491000000.0,2395000000.0,2423000000.0,2326000000.0,2181000000.0,2266000000.0,2359000000.0,2455000000.0,2618000000.0,2304000000.0,2345000000.0,1883000000.0,1595000000.0,1405000000.0,957000000.0,976000000.0,998000000.0,1000000000.0,919000000.0,954000000.0,1068000000.0,1102000000.0,1124000000.0,3116000000.0,3147000000.0,3188000000.0,3241000000.0,3307000000.0,3383000000.0,3434000000.0,3418000000.0,3457000000.0,3311000000.0,3297000000.0,3362000000.0,3250000000.0,3417000000.0,3359000000.0,3547000000.0,3715000000.0,3871000000.0,3980000000.0,4148000000.0,4166000000.0,4344000000.0,4008000000.0,4057000000.0,4139000000.0,4353000000.0,4464000000.0,4653000000.0,4203000000.0,4258000000.0,4313000000.0,4510000000.0,4667000000.0,4460000000.0,4302000000.0,4707000000.0,4909000000.0,4916000000.0,5013000000.0
cash_flow_from_operations,583000000.0,588000000.0,131000000.0,,,710000000.0,154000000.0,,,400000000.0,-361000000.0,,,24000000.0,-102000000.0,,,191000000.0,-9000000.0,,,396000000.0,-42000000.0,,,,-14000000.0,,,449000000.0,-71000000.0,,,526000000.0,22000000.0,,,768000000.0,288000000.0,,,992000000.0,372000000.0,,,1334000000.0,239000000.0,,,1033000000.0,93000000.0,,,992000000.0,-98000000.0,,,1187000000.0,113000000.0,,,1435000000.0,58000000.0,,,1750000000.0,301000000.0
stock_based_compensation,94000000.0,103000000.0,23000000.0,27000000.0,26000000.0,99000000.0,24000000.0,19000000.0,21000000.0,55000000.0,24000000.0,22000000.0,21000000.0,53000000.0,15000000.0,21000000.0,,55000000.0,11000000.0,,,42000000.0,6000000.0,,,,8000000.0,,,35000000.0,10000000.0,,,43000000.0,11000000.0,,,44000000.0,12000000.0,,,52000000.0,15000000.0,,,62000000.0,15000000.0,,,67000000.0,16000000.0,,,73000000.0,18000000.0,,,77000000.0,20000000.0,,,85000000.0,21000000.0,,,95000000.0,25000000.0
depreciation_amortization_cf,89000000.0,90000000.0,24000000.0,,,110000000.0,28000000.0,,,88000000.0,27000000.0,,,90000000.0,26000000.0,,,80000000.0,18000000.0,,,62000000.0,12000000.0,,,,8000000.0,,,122000000.0,82000000.0,,,336000000.0,63000000.0,,,257000000.0,58000000.0,,,234000000.0,61000000.0,,,282000000.0,77000000.0,,,325000000.0,85000000.0,,,333000000.0,82000000.0,,,331000000.0,69000000.0,,,290000000.0,69000000.0,,,290000000.0,72000000.0
capital_expenditure,59000000.0,58000000.0,25000000.0,,,73000000.0,9000000.0,,,56000000.0,8000000.0,,,39000000.0,18000000.0,,,53000000.0,10000000.0,,,29000000.0,3000000.0,,,,4000000.0,,,29000000.0,7000000.0,,,81000000.0,15000000.0,,,73000000.0,30000000.0,,,121000000.0,44000000.0,,,183000000.0,26000000.0,,,104000000.0,28000000.0,,,129000000.0,39000000.0,,,207000000.0,17000000.0,,,149000000.0,22000000.0,,,125000000.0,31000000.0
cash_flow_from_investing,-249000000.0,-306000000.0,-164000000.0,,,-445000000.0,8000000.0,,,-199000000.0,-7000000.0,,,-519000000.0,9000000.0,,,297000000.0,-10000000.0,,,51000000.0,-2000000.0,,,,-1000000.0,,,26000000.0,-5000000.0,,,-71000000.0,-96000000.0,,,-114000000.0,237000000.0,,,65000000.0,-1685000000.0,,,-2815000000.0,-244000000.0,,,-730000000.0,-21000000.0,,,-313000000.0,-39000000.0,,,-211000000.0,-12000000.0,,,-142000000.0,-22000000.0,,,-405000000.0,-2359000000.0
cash_flow_from_financing,-427000000.0,-398000000.0,-264000000.0,,,187000000.0,-242000000.0,,,-447000000.0,-57000000.0,,,-718000000.0,-53000000.0,,,-894000000.0,-233000000.0,,,-478000000.0,-57000000.0,,,,-31000000.0,,,-751000000.0,-78000000.0,,,-429000000.0,-91000000.0,,,-707000000.0,-297000000.0,,,-709000000.0,1161000000.0,,,1451000000.0,-148000000.0,,,-113000000.0,-519000000.0,,,-865000000.0,-57000000.0,,,-715000000.0,-228000000.0,,,-1084000000.0,-110000000.0,,,-1145000000.0,1393000000.0
dividends_paid,,,,,,,,,,0.0,41000000.0,,,165000000.0,41000000.0,,,477000000.0,24000000.0,,,0.0,24000000.0,,,,23000000.0,,,993000000.0,,,,0.0,,,,0.0,,,,,,,,,,,,,,,,,,,,,,,,,,,,,
share_repurchase,445000000.0,474000000.0,291000000.0,,,601000000.0,246000000.0,,,471000000.0,19000000.0,,,22000000.0,16000000.0,,,319000000.0,212000000.0,,,215000000.0,6000000.0,,,,9000000.0,,,0.0,6000000.0,,,0.0,10000000.0,90000000.0,62000000.0,167000000.0,222000000.0,,,25000000.0,32000000.0,,,67000000.0,123000000.0,0.0,137000000.0,237000000.0,526000000.0,,,0.0,25000000.0,0.0,0.0,225000000.0,150000000.0,100000000.0,200000000.0,850000000.0,0.0,0.0,100000000.0,400000000.0,200000000.0
shares_outstanding_basic,395000000.0,386000000.0,375000000.0,363000000.0,359000000.0,364000000.0,347000000.0,338000000.0,329000000.0,84000000.0,330000000.0,333000000.0,83000000.0,83000000.0,84000000.0,84000000.0,84000000.0,83000000.0,77000000.0,74000000.0,73000000.0,74000000.0,73000000.0,73000000.0,72000000.0,72000000.0,72000000.0,73000000.0,112000000.0,102000000.0,150000000.0,151000000.0,152000000.0,152000000.0,152000000.0,152000000.0,151000000.0,151000000.0,145000000.0,144000000.0,143000000.0,143000000.0,142000000.0,142000000.0,142000000.0,142000000.0,142000000.0,141000000.0,141000000.0,141000000.0,139000000.0,137000000.0,137000000.0,137000000.0,137000000.0,137000000.0,137000000.0,137000000.0,136000000.0,135000000.0,134000000.0,131163899.0,130000000.0,128295977.0,127854145.0,126380657.0,125783512.0
shares_outstanding_diluted,402000000.0,390000000.0,378000000.0,365000000.0,360000000.0,366000000.0,348000000.0,339000000.0,329000000.0,84000000.0,330000000.0,333000000.0,83000000.0,83000000.0,84000000.0,84000000.0,84000000.0,83000000.0,78000000.0,74000000.0,74000000.0,74000000.0,75000000.0,74000000.0,73000000.0,,74000000.0,74000000.0,114000000.0,104000000.0,153000000.0,153000000.0,154000000.0,154000000.0,154000000.0,154000000.0,153000000.0,153000000.0,147000000.0,146000000.0,145000000.0,145000000.0,144000000.0,144000000.0,144000000.0,144000000.0,144000000.0,143000000.0,143000000.0,143000000.0,140000000.0,138000000.0,138000000.0,138000000.0,138000000.0,138000000.0,137000000.0,138000000.0,137000000.0,136000000.0,136000000.0,136000000.0,131000000.0,130000000.0,130000000.0,130000000.0,128000000.0
total_debt,,1106000000.0,,1105000000.0,1104000000.0,1852000000.0,1851000000.0,1852000000.0,1852000000.0,1852000000.0,1851000000.0,1300000000.0,1299000000.0,1295000000.0,1298000000.0,1335000000.0,1481000000.0,1333000000.0,1333000000.0,1332000000.0,1229000000.0,1166000000.0,1158000000.0,1129000000.0,1145000000.0,1081000000.0,1091000000.0,1093000000.0,3470000000.0,3287000000.0,3272000000.0,3231000000.0,3107000000.0,3111000000.0,3088000000.0,3061000000.0,3041000000.0,3124000000.0,3032000000.0,3019000000.0,3016000000.0,2986000000.0,4237000000.0,5002000000.0,4526000000.0,4744000000.0,4766000000.0,5120000000.0,5100000000.0,5076000000.0,4644000000.0,4173000000.0,3975000000.0,3928000000.0,4675000000.0,4870000000.0,4667000000.0,4664000000.0,4636000000.0,4109000000.0,4081000000.0,4052000000.0,5014000000.0,4985000000.0,4632000000.0,4628000000.0,6314000000.0
current_stock_price,24.52,22.77,21.63,20.66,19.31,20.59,21.62,19.92,15.44,15.98,15.25,14.67,14.08,15.66,19.46,22.09,27.3,26.28,21.62,21.62,21.77,25.02,25.48,24.61,25.86,34.98,32.17,30.68,37.33,44.4,44.67,45.41,52.32,57.33,58.34,52.91,62.3,47.46,58.34,72.99,78.02,91.63,81.32,86.89,84.2,98.24,90.46,96.5,92.01,84.29,103.05,97.84,83.86,101.19,88.9,85.82,89.73,105.75,128.45,143.32,157.3,145.3,131.87,163.42,194.65,183.02,158.82
market_cap,9858897262.573242,8881420440.673828,8176094982.147217,7541197214.126587,6950383071.899414,7534579479.217529,7522876167.297363,6751318508.148193,5080683254.241943,1342070823.6694336,5033717308.044434,4883498339.653015,1168883553.5049438,1299908614.1586304,1635021881.1035156,1855617050.1708984,2292857070.922852,2181254146.575928,1686442337.0361328,1599868064.880371,1610691959.3811035,1851654205.3222656,1911127281.1889648,1821051124.572754,1887953672.4090576,2518300415.0390625,2380583816.5283203,2270500968.933105,4256062042.236328,4617231994.628906,6834069648.742676,6947540874.481201,8057425643.920898,8829581634.521484,8984568572.998047,8147559562.683105,9531615062.713623,7261516433.71582,8576527885.437012,10655866897.583008,11312629585.266111,13286192512.512209,11710355712.890623,12511768798.828123,12124809448.242188,14146298217.773438,13026354125.976562,13799259979.248049,13157244834.899902,12053730880.737305,14427002563.476562,13501638381.958008,11572378967.285156,13963935012.817385,12268820343.017578,11842626159.667969,12292361373.901367,14592829330.444336,17597597320.55664,19491452514.64844,21393414672.85156,19761356567.38281,17274555587.768555,21245202789.30664,25305034790.039062,23792110595.703125,20328960937.5
enterprise_value,8922897262.573242,9126420440.673828,7608094982.147217,8042197214.126587,7410383071.899414,8020579479.217529,8091876167.297363,7267318508.148193,5469683254.241943,1604070823.6694336,5717717308.044434,5427498339.653015,1936883553.504944,1859908614.1586304,2371021881.103516,2728617050.1708984,2959857070.922852,3084254146.575928,2836442337.036133,2573868064.880371,2421691959.3811035,2574654205.3222656,2692127281.188965,2585051124.572754,2397953672.4090576,2926300415.0390625,2862583816.5283203,2693500968.933105,7216062042.236328,7508231994.628906,9864069648.742676,9891540874.4812,10803425643.920898,11518581634.521484,11815568572.998049,10885559562.683104,11997615062.713623,10016516433.71582,11011527885.437012,12971866897.583008,13582629585.266111,15555192512.512209,15502355712.890623,16925768798.828123,16138809448.242188,18203298217.77344,17415354125.976562,18581259979.248047,17670244834.899902,16254730880.737305,18774002563.47656,17335638381.958008,14740378967.285156,17366935012.817383,16564820343.017578,16383626159.667969,16209361373.901367,18615829330.444336,21686597320.55664,22856452514.64844,24377414672.85156,22822356567.38281,21446555587.768555,25300202789.30664,28963034790.039062,27312110595.703125,26185960937.5
beta_3y,0.4716,0.4571,0.4556,0.4339,0.4407,0.4355,0.4203,0.4354,0.5236,0.6244,0.7105,0.776,0.7994,0.8184,0.8284,0.9299,0.9122,0.9209,0.9301,0.9433,0.9662,0.8914,0.919,0.9333,0.9686,0.9988,1.0634,1.0719,1.1098,1.0891,1.1066,1.1305,1.1266,1.177,1.093,1.0668,1.0449,0.9994,0.9315,0.9103,0.922,0.9244,1.0021,1.0005,0.9813,0.9818,0.9834,0.9797,0.9712,0.9596,0.8963,0.8546,0.8317,0.8007,0.6237,0.5499,0.5406,0.5165,0.4944,0.4693,0.4739,0.4988,0.5491,0.5167,0.4929,0.5178,0.522
risk_free_rate,0.0284400010108947,0.0360899996757507,0.0366300010681152,0.0290700006484985,0.026119999885559,0.0337800002098083,0.0329600000381469,0.028050000667572,0.0217499995231628,0.0179900002479553,0.0191499996185302,0.0149199998378753,0.0168599998950958,0.0198500001430511,0.0175199997425079,0.0260199999809265,0.0261999988555908,0.0266799998283386,0.0259100008010864,0.0250500011444091,0.0233500003814697,0.0167499995231628,0.0190400004386901,0.0239299988746643,0.019889999628067,0.0226900005340576,0.0179200005531311,0.0145599997043609,0.0160800004005432,0.0244600009918212,0.0239599990844726,0.0230200004577636,0.0232599997520446,0.0240499997138977,0.0274099993705749,0.0284899997711181,0.0305599999427795,0.0273600006103515,0.0241400003433227,0.02,0.0167499995231628,0.0178799998760223,0.0058700001239776,0.006690000295639,0.0069599997997283,0.0091699999570846,0.0167900002002716,0.0143099999427795,0.0147899997234344,0.0151199996471405,0.0237700009346008,0.0288899993896484,0.0380399990081787,0.0387899994850158,0.0349399995803833,0.0381900000572204,0.0457299995422363,0.0386599993705749,0.042059998512268,0.0434299993515014,0.0374900007247924,0.0459600019454956,0.0398499989509582,0.0434800004959106,0.0411899995803833,0.0418699979782104,0.0431300020217895
wacc,,0.0594,,0.0486,0.0458,0.052,0.0492,0.0451,0.0416,0.0452,0.0459,0.048,0.0359,0.0669,0.0413,0.0535,0.0545,0.0708,0.0505,0.051,0.0503,0.06,0.0535,0.0571,0.0504,0.0633,0.0562,0.0529,0.0482,0.0587,0.0626,0.0635,0.066,0.0771,0.074,0.0738,0.0763,0.0709,0.0635,0.0606,0.0583,0.0631,0.0497,0.0491,0.0489,0.0551,0.0586,0.0558,0.0558,0.0562,0.0628,0.0659,0.0724,0.0739,0.0611,0.0604,0.0679,0.0593,0.064,0.0649,0.0599,0.0688,0.0637,0.0667,0.0644,0.066,0.0655
ebitda,865000000.0,926000000.0,230000000.0,,,1039000000.0,255000000.0,217000000.0,-7000000.0,30000000.0,143000000.0,120000000.0,117000000.0,511000000.0,103000000.0,21000000.0,2000000.0,243000000.0,105000000.0,-405000000.0,75000000.0,-152000000.0,50000000.0,67000000.0,103000000.0,,97000000.0,82000000.0,111000000.0,539000000.0,223000000.0,179000000.0,167000000.0,895000000.0,222000000.0,214000000.0,217000000.0,1006000000.0,250000000.0,253000000.0,292000000.0,1146000000.0,253000000.0,300000000.0,318000000.0,1280000000.0,385000000.0,324000000.0,368000000.0,1477000000.0,356000000.0,328000000.0,338000000.0,1421000000.0,347000000.0,382000000.0,-286000000.0,952000000.0,484000000.0,511000000.0,553000000.0,2117000000.0,599000000.0,603000000.0,569000000.0,2399000000.0,580000000.0
free_cash_flow,524000000.0,530000000.0,106000000.0,,,637000000.0,145000000.0,,,344000000.0,-369000000.0,,,-15000000.0,-120000000.0,,,138000000.0,-19000000.0,,,367000000.0,-45000000.0,,,,-18000000.0,,,420000000.0,-78000000.0,,,445000000.0,7000000.0,,,695000000.0,258000000.0,,,871000000.0,328000000.0,,,1151000000.0,213000000.0,,,929000000.0,65000000.0,,,863000000.0,-137000000.0,,,980000000.0,96000000.0,,,1286000000.0,36000000.0,,,1625000000.0,270000000.0
