Financials,2010-03-31,2010-06-30,2010-09-30,2011-03-31,2011-06-30,2011-09-30,2011-12-31,2012-03-31,2012-06-30,2012-09-30,2012-12-31,2013-03-31,2013-06-30,2013-09-30,2013-12-31,2014-03-31,2014-06-30,2014-09-30,2014-12-31,2015-03-31,2015-06-30,2015-09-30,2015-12-31,2016-03-31,2016-06-30,2016-09-30,2016-12-31,2017-03-31,2017-06-30,2017-09-30,2017-12-31,2018-03-31,2018-06-30,2018-09-30,2018-12-31,2019-03-31,2019-06-30,2019-09-30,2019-12-31,2020-03-31,2020-06-30,2020-09-30,2020-12-31,2021-03-31,2021-06-30,2021-09-30,2021-12-31,2022-03-31,2022-06-30,2022-09-30,2022-12-31,2023-03-31,2023-06-30,2023-09-30,2023-12-31,2024-03-31,2024-06-30,2024-09-30,2024-12-31,2025-03-31,2025-06-30,2025-09-30,2025-12-31,2026-03-31
revenue,20971069.0,7009872.0,7306978.0,27291024.0,7654000.0,8631000.0,7165000.0,12824000.0,15524000.0,15104000.0,62266536.0,16456000.0,17509000.0,18822000.0,68169000.0,16326000.0,15551000.0,15278000.0,63548000.0,20816000.0,21457000.0,19814000.0,83537000.0,25094000.0,29170000.0,24677000.0,104541000.0,30590000.0,32455000.0,36580000.0,141236000.0,44830000.0,47731000.0,49529000.0,194032000.0,60634000.0,70692000.0,69445000.0,270245000.0,76090000.0,87462000.0,94060000.0,366260000.0,142837000.0,162960000.0,178216000.0,670534000.0,206400000.0,207633000.0,200741000.0,801536000.0,165380000.0,159169000.0,141192000.0,632362000.0,153182000.0,158839000.0,154871000.0,634439000.0,169172000.0,182366000.0,188805000.0,738256000.0,194255000.0
cost_of_goods_sold,4159002.0,1265750.0,1471561.0,5579759.0,1553000.0,2093000.0,1511000.0,5273000.0,7345000.0,6419000.0,24957243.0,6897000.0,5298000.0,5659000.0,22481000.0,6335000.0,6671000.0,6931000.0,28022000.0,8073000.0,8586000.0,8444000.0,35251000.0,11069000.0,12644000.0,11242000.0,47117000.0,13990000.0,13937000.0,19987000.0,67050000.0,19668000.0,21088000.0,22183000.0,86531000.0,26845000.0,30708000.0,31425000.0,119099000.0,31982000.0,36863000.0,39626000.0,156634000.0,59747000.0,61990000.0,75495000.0,279280000.0,82356000.0,86260000.0,86514000.0,345830000.0,81845000.0,79307000.0,104634000.0,353922000.0,76391000.0,77314000.0,77383000.0,359794000.0,77801000.0,91224000.0,88290000.0,352011000.0,85971000.0
gross_profit,16812067.0,5744122.0,5835417.0,21711265.0,6101000.0,6538000.0,5654000.0,7551000.0,8179000.0,8685000.0,37309293.0,9559000.0,12211000.0,13163000.0,45688000.0,9991000.0,8880000.0,8347000.0,35526000.0,12743000.0,12871000.0,11370000.0,48286000.0,14025000.0,16526000.0,13435000.0,57424000.0,16600000.0,18518000.0,16593000.0,22475000.0,25162000.0,26643000.0,27346000.0,28350000.0,33789000.0,39984000.0,38020000.0,39353000.0,44108000.0,50599000.0,54434000.0,60485000.0,83090000.0,100970000.0,102721000.0,391254000.0,124044000.0,121373000.0,114227000.0,455706000.0,83535000.0,79862000.0,36558000.0,278440000.0,76791000.0,81525000.0,77488000.0,274645000.0,91371000.0,91142000.0,100515000.0,386245000.0,108284000.0
research_and_development,14159721.0,2695048.0,3119279.0,12528819.0,3517000.0,3075000.0,2870000.0,2808000.0,2906000.0,2433000.0,10489811.0,2183000.0,2306000.0,1430000.0,7341000.0,1201000.0,1430000.0,1650000.0,5609000.0,1568000.0,1252000.0,1490000.0,5740000.0,1539000.0,1890000.0,1886000.0,7355000.0,1742000.0,1860000.0,2001000.0,8672000.0,3288000.0,5780000.0,3601000.0,15821000.0,3620000.0,5231000.0,5427000.0,19450000.0,4702000.0,4336000.0,4422000.0,20182000.0,7612000.0,8389000.0,9154000.0,34274000.0,12155000.0,10440000.0,10228000.0,43936000.0,12154000.0,9706000.0,10577000.0,42722000.0,11238000.0,10575000.0,9710000.0,43200000.0,12114000.0,13958000.0,14175000.0,54177000.0,14458000.0
selling_general_and_admin,7071859.0,1788238.0,1812617.0,8018851.0,2289000.0,2493000.0,4268000.0,3428000.0,3418000.0,3126000.0,13226732.0,3308000.0,3124000.0,2902000.0,12701000.0,3384000.0,4326000.0,4471000.0,17154000.0,6024000.0,6242000.0,5959000.0,24699000.0,7018000.0,8140000.0,7127000.0,30853000.0,9182000.0,11185000.0,14998000.0,51509000.0,15898000.0,16590000.0,15859000.0,65692000.0,18998000.0,23699000.0,24629000.0,95613000.0,27500000.0,26726000.0,29051000.0,119621000.0,39095000.0,44341000.0,48373000.0,183866000.0,54300000.0,54649000.0,53643000.0,215829000.0,56288000.0,49084000.0,55582000.0,218584000.0,61803000.0,65481000.0,75610000.0,263368000.0,70706000.0,71227000.0,73663000.0,290508000.0,76536000.0
operating_expenses,26737750.0,6120777.0,6780448.0,27665095.0,7775000.0,8079000.0,8703000.0,11657000.0,14206000.0,12916000.0,51183423.0,12911000.0,11406000.0,10780000.0,45296000.0,11018000.0,12445000.0,13062000.0,52857000.0,16777000.0,16848000.0,16126000.0,69773000.0,21631000.0,23311000.0,20930000.0,88567000.0,24914000.0,26982000.0,36986000.0,127231000.0,38854000.0,43458000.0,41643000.0,168044000.0,49463000.0,59638000.0,61481000.0,234162000.0,64184000.0,67925000.0,73099000.0,296437000.0,106454000.0,114720000.0,133022000.0,503285000.0,146400000.0,144465000.0,148076000.0,576866000.0,151522000.0,139888000.0,136501000.0,584659000.0,149432000.0,153370000.0,162703000.0,669553000.0,162594000.0,168470000.0,171980000.0,683089000.0,178315000.0
operating_income_ebit,-5766681.0,889095.0,526530.0,-374071.0,-121000.0,552000.0,-1538000.0,1167000.0,1318000.0,2188000.0,11083113.0,3545000.0,6103000.0,8042000.0,22873000.0,5308000.0,3106000.0,2216000.0,10691000.0,4039000.0,4609000.0,3688000.0,13764000.0,3463000.0,5859000.0,3747000.0,15974000.0,5676000.0,5473000.0,-406000.0,14005000.0,5976000.0,4273000.0,7886000.0,25988000.0,11171000.0,11054000.0,7964000.0,36083000.0,11906000.0,19537000.0,20961000.0,69823000.0,36383000.0,48240000.0,45194000.0,167249000.0,60000000.0,63168000.0,52665000.0,224670000.0,13858000.0,19281000.0,4691000.0,47703000.0,3750000.0,5469000.0,-7832000.0,-35114000.0,6578000.0,13896000.0,16825000.0,55167000.0,15940000.0
depreciation_and_amortization_expense,1378999.0,402021.0,,1674528.0,406377.0,,179000.0,824409.0,,,3508592.0,818920.0,,,3114000.0,892407.0,,,4020000.0,1150000.0,,,4594000.0,1150000.0,,,5334000.0,1582000.0,,,10507000.0,3960000.0,1300000.0,1300000.0,15778000.0,4213000.0,1800000.0,1800000.0,20868000.0,6390000.0,2600000.0,2800000.0,27067000.0,8444000.0,3800000.0,4300000.0,38447000.0,11834000.0,6600000.0,6600000.0,50985000.0,15370000.0,7700000.0,7600000.0,68556000.0,16909000.0,8700000.0,8600000.0,69673000.0,18704000.0,10300000.0,9900000.0,78745000.0,19762000.0
interest_income,,,,,,,,,,,,,,,,,,,,,,,,,,,,,,,,,,,,,,,,,,,,,,,,,,,,,,,,,,,,,,,,
interest_expense,1972.0,,,26167.0,,,28000.0,22381.0,27360.0,-7000.0,56714.0,13531.0,12402.0,11704.0,50000.0,14000.0,13000.0,11000.0,50000.0,9000.0,8000.0,8000.0,32000.0,5000.0,638000.0,1555000.0,3768000.0,1585000.0,1601000.0,1618000.0,6441000.0,1652000.0,1669000.0,1687000.0,6709000.0,1726000.0,1743000.0,2857000.0,9292000.0,2976000.0,3004000.0,3052000.0,10768000.0,2754000.0,2787000.0,2859000.0,11278000.0,292000.0,271000.0,329000.0,1162000.0,270000.0,274000.0,269000.0,10009000.0,4891000.0,4981000.0,5413000.0,21765000.0,5539000.0,,5702000.0,22646000.0,5872000.0
tax_expense,-834766.0,,,,,,15774.0,59000.0,208000.0,-16000.0,-2884631.0,1284000.0,1495000.0,2255000.0,6921000.0,1121000.0,418000.0,789000.0,2968000.0,1269000.0,738000.0,1141000.0,4078000.0,915000.0,1500000.0,1059000.0,11000.0,999000.0,-4784000.0,-6691000.0,-21105000.0,1128000.0,629000.0,1829000.0,4819000.0,2463000.0,1524000.0,12000.0,4740000.0,861000.0,159000.0,3191000.0,-709000.0,3655000.0,8125000.0,7734000.0,25252000.0,11967000.0,9895000.0,7062000.0,33181000.0,3219000.0,5119000.0,-5542000.0,21111000.0,399000.0,3314000.0,-495000.0,-1521000.0,2113000.0,3349000.0,2201000.0,13489000.0,-6561000.0
net_income,-4063844.0,988053.0,623209.0,-43509.0,-55000.0,605000.0,-1612625.0,1226000.0,1570000.0,1806000.0,14156037.0,2338000.0,4539000.0,5888000.0,16093000.0,4277000.0,2825000.0,1466000.0,8170000.0,2929000.0,3613000.0,2538000.0,9345000.0,1625000.0,3872000.0,1155000.0,11681000.0,3068000.0,8438000.0,4669000.0,28353000.0,3448000.0,2738000.0,4794000.0,16617000.0,8053000.0,8095000.0,1659000.0,21411000.0,9815000.0,15861000.0,14552000.0,59926000.0,29450000.0,36233000.0,33498000.0,128291000.0,46964000.0,49861000.0,40405000.0,185959000.0,15337000.0,19786000.0,16923000.0,35596000.0,3296000.0,5713000.0,-654000.0,-25514000.0,5830000.0,14866000.0,14911000.0,48894000.0,8333000.0
basic_eps,-0.13,0.03,0.02,0.0,0.0,0.02,-0.07,0.04,0.05,0.06,0.46,0.07,0.14,0.18,0.51,0.13,0.09,0.04,0.25,0.09,0.11,0.08,0.28,0.05,0.12,0.03,0.35,0.09,0.25,0.11,0.74,0.08,0.06,0.11,0.38,0.18,0.17,0.03,0.44,0.19,0.3,0.28,1.14,0.54,0.66,0.61,2.33,0.85,0.9,0.73,3.35,0.28,0.36,0.3,0.64,0.06,0.1,-0.01,-0.46,0.1,0.26,0.27,0.87,0.15
diluted_eps,-0.13,0.03,0.02,0.0,0.0,0.02,-0.07,0.04,0.05,0.06,0.45,0.07,0.14,0.18,0.5,0.13,0.09,0.04,0.25,0.09,0.11,0.08,0.28,0.05,0.11,0.03,0.34,0.09,0.24,0.11,0.72,0.08,0.06,0.1,0.37,0.17,0.17,0.03,0.44,0.18,0.3,0.27,1.11,0.52,0.64,0.58,2.24,0.81,0.88,0.71,3.24,0.27,0.35,0.3,0.63,0.06,0.1,-0.01,-0.46,0.1,0.26,0.26,0.86,0.15
cash_and_cash_equivalents,12526040.0,8332988.0,15163290.0,14203544.0,7466587.0,10500112.0,11167745.0,12792899.0,15880006.0,18389977.0,29210000.0,28570015.0,37331578.0,42244420.0,39830000.0,49209621.0,33755718.0,35907000.0,35363000.0,31210000.0,40012000.0,48084000.0,54542000.0,53213000.0,172622000.0,157651000.0,122683000.0,130113000.0,142657000.0,159666000.0,173759000.0,173876000.0,175611000.0,190304000.0,193822000.0,196135000.0,217817000.0,522429000.0,537407000.0,538566000.0,560364000.0,553302000.0,717292000.0,711318000.0,734327000.0,621098000.0,603814000.0,584640000.0,596512000.0,573363000.0,523458000.0,516609000.0,603656000.0,630779000.0,751323000.0,780617000.0,809146000.0,783964000.0,757355000.0,697229000.0,708855000.0,748747000.0,566021000.0,582650000.0
marketable_securities,,,,35421520.0,36107680.0,39320124.0,15421436.0,15108360.0,12501794.0,11918020.0,10845195.0,19337124.0,20813833.0,20746490.0,21793550.0,21551398.0,16270517.0,,,,,,,,,,,,,,0.0,,,,0.0,,,,,,,,,,,,,,,,,,,,,,,,0.0,,,,201607000.0,201881000.0
accounts_receivable,,,,1259607.0,2521817.0,4020475.0,2825414.0,4253891.0,7811792.0,7636346.0,4158758.0,6912751.0,4870982.0,6323537.0,4946132.0,5036909.0,9003874.0,7052908.0,7760000.0,14690994.0,14419602.0,10321000.0,11300000.0,12574000.0,11073000.0,15154000.0,15194000.0,17710000.0,22115000.0,29479000.0,27585000.0,29352000.0,31713000.0,30784000.0,33015000.0,39341000.0,43045000.0,41968000.0,43068000.0,44726000.0,48779000.0,55830000.0,71389000.0,90207000.0,102659000.0,122048000.0,117420000.0,122435000.0,121050000.0,117645000.0,116247000.0,133488000.0,120304000.0,106158000.0,124161000.0,115766000.0,123245000.0,129026000.0,134115000.0,147413000.0,156952000.0,148970000.0,158587000.0,151552000.0
inventory,,,,1953976.0,2692789.0,2460085.0,13363073.0,13845705.0,11503071.0,10768322.0,11143695.0,10264232.0,10557418.0,10063695.0,11798638.0,11441317.0,12823597.0,13341783.0,12384000.0,12235719.0,14305676.0,15899000.0,17998000.0,21318000.0,23197000.0,24463000.0,24696000.0,23957000.0,26085000.0,38663000.0,39004000.0,40124000.0,40948000.0,42284000.0,42263000.0,44920000.0,51275000.0,51579000.0,54832000.0,61781000.0,69929000.0,78531000.0,95025000.0,109520000.0,135509000.0,156163000.0,184494000.0,213775000.0,239117000.0,242695000.0,238277000.0,244704000.0,240869000.0,211372000.0,202321000.0,198033000.0,190528000.0,182465000.0,142964000.0,153110000.0,155862000.0,160320000.0,170458000.0,179256000.0
prepaid_expenses,,,,,,,251418.0,,,,365167.0,,,,135102.0,,,,220000.0,,,,105000.0,,,,626000.0,,,,311000.0,,,,843000.0,,,,2719000.0,,,,2649000.0,,,,3970000.0,,,,519000.0,,,,10532000.0,,,,10031000.0,,,,12350000.0,
total_current_assets,,,,55844016.0,52221729.0,60015595.0,46894806.0,50741589.0,52359202.0,53792710.0,66209451.0,70698940.0,80914960.0,87441118.0,86350599.0,88697437.0,73857562.0,75692625.0,80946000.0,83511940.0,93267251.0,96279000.0,103252000.0,105245000.0,217941000.0,219833000.0,184153000.0,185799000.0,195945000.0,231195000.0,242782000.0,248322000.0,252909000.0,267248000.0,275739000.0,284077000.0,316494000.0,621540000.0,641828000.0,651378000.0,687157000.0,696728000.0,902382000.0,926335000.0,983830000.0,910854000.0,931677000.0,944789000.0,975995000.0,953233000.0,998118000.0,1021684000.0,999932000.0,980472000.0,1111346000.0,1131088000.0,1156765000.0,1131570000.0,1066041000.0,1032465000.0,1056865000.0,1096485000.0,1137385000.0,1161360000.0
property_plant_equipment,,,,2156315.0,1962627.0,1772116.0,10737419.0,10664193.0,9868029.0,10116338.0,9952461.0,9693158.0,9837687.0,12291069.0,12509223.0,12446589.0,12550173.0,13190868.0,14526000.0,14609640.0,14463716.0,13973000.0,13801000.0,13611000.0,13707000.0,14935000.0,14956000.0,15373000.0,15996000.0,22056000.0,22417000.0,22674000.0,23993000.0,29359000.0,32180000.0,34526000.0,38125000.0,43034000.0,48455000.0,50373000.0,52451000.0,55355000.0,66870000.0,72243000.0,85491000.0,99652000.0,124964000.0,147627000.0,168370000.0,174255000.0,190673000.0,192692000.0,202564000.0,201618000.0,207440000.0,205716000.0,204599000.0,202583000.0,197738000.0,195519000.0,193489000.0,188927000.0,186614000.0,173461000.0
operating_lease_rou_assets,,,,,,,,,,,,,,,,,,,,,,,,,,,,,,,,,,,,19500000.0,19501000.0,24845000.0,25707000.0,24688000.0,23830000.0,24201000.0,25176000.0,27033000.0,50178000.0,55007000.0,85312000.0,1119000.0,121339000.0,121522000.0,29126000.0,121810000.0,122044000.0,118084000.0,4335000.0,23093000.0,131450000.0,127268000.0,135378000.0,36000.0,127682000.0,124161000.0,119538000.0,113644000.0
goodwill,,,,994000.0,994000.0,994000.0,994000.0,994000.0,994000.0,994000.0,994000.0,994000.0,994000.0,994000.0,994000.0,994000.0,14174045.0,14144045.0,14185000.0,14314822.0,14346057.0,14346000.0,14346000.0,14346000.0,31026000.0,31161000.0,59548000.0,59784000.0,60979000.0,326652000.0,327333000.0,327989000.0,327095000.0,326977000.0,326735000.0,326395000.0,469510000.0,468845000.0,468413000.0,468382000.0,468725000.0,482043000.0,618305000.0,617517000.0,617593000.0,833559000.0,860362000.0,859488000.0,854328000.0,851406000.0,855513000.0,856301000.0,870688000.0,869252000.0,987120000.0,985963000.0,985613000.0,987620000.0,1030995000.0,1082413000.0,1114009000.0,1112735000.0,1114408000.0,1106874000.0
intangible_assets,,,,1221458.0,1176771.0,1132083.0,7795239.0,7808130.0,7176789.0,7376533.0,7182012.0,6910819.0,6498990.0,6481532.0,6187632.0,5915105.0,16119764.0,15348050.0,14636000.0,13883208.0,13594163.0,13154000.0,12755000.0,12455000.0,19186000.0,18671000.0,29806000.0,29222000.0,29013000.0,147416000.0,144753000.0,142273000.0,139182000.0,136534000.0,135438000.0,132648000.0,220481000.0,216289000.0,212552000.0,208526000.0,204741000.0,215385000.0,287100000.0,281670000.0,276549000.0,340163000.0,337274000.0,329928000.0,322208000.0,359560000.0,360618000.0,353419000.0,358410000.0,350318000.0,406957000.0,394499000.0,386048000.0,380754000.0,397897000.0,409225000.0,406213000.0,395442000.0,386147000.0,368188000.0
total_assets,,,,72293990.0,71605529.0,72567530.0,76056814.0,80393597.0,81448695.0,84896632.0,97010163.0,97314768.0,104654531.0,111636957.0,118644904.0,119334391.0,129048493.0,128832774.0,128293000.0,128584239.0,137344655.0,139853000.0,146237000.0,147324000.0,282310000.0,285050000.0,288913000.0,290628000.0,308763000.0,734236000.0,743519000.0,743248000.0,745081000.0,762125000.0,774621000.0,797921000.0,1068267000.0,1378708000.0,1400113000.0,1406481000.0,1442045000.0,1476316000.0,1902887000.0,1927327000.0,2015965000.0,2241397000.0,2358354000.0,2383824000.0,2444916000.0,2462532000.0,2531600000.0,2547939000.0,2557058000.0,2522734000.0,2831185000.0,2853692000.0,2866006000.0,2830644000.0,2829666000.0,2852143000.0,2901627000.0,2923711000.0,2949699000.0,2930772000.0
accounts_payable,,,,930601.0,922525.0,580447.0,1422483.0,1721334.0,2584636.0,1766699.0,2454238.0,1900861.0,1481125.0,929586.0,1721459.0,1483447.0,3895722.0,2762771.0,3863000.0,4131614.0,4303354.0,2951000.0,6724000.0,5144000.0,7688000.0,5061000.0,5061000.0,4635000.0,6951000.0,6423000.0,7282000.0,6200000.0,6688000.0,9482000.0,10489000.0,9823000.0,11304000.0,9951000.0,11425000.0,10176000.0,13902000.0,14483000.0,16880000.0,20569000.0,24903000.0,28194000.0,36203000.0,38280000.0,40379000.0,25251000.0,27554000.0,26401000.0,23787000.0,18961000.0,19563000.0,18731000.0,20910000.0,21357000.0,32134000.0,26935000.0,25625000.0,29426000.0,30010000.0,34657000.0
accrued_liabilities,,,,3692523.0,2793352.0,3572517.0,6041038.0,7069413.0,7148341.0,7269086.0,8297990.0,6993805.0,8737613.0,7854729.0,9579712.0,5638935.0,4919679.0,7708102.0,6819000.0,9052444.0,11522317.0,12758000.0,12057000.0,10677000.0,13662000.0,15131000.0,16014000.0,9116000.0,9568000.0,13793000.0,17929000.0,14121000.0,13102000.0,17964000.0,15865000.0,12760000.0,20618000.0,25770000.0,33331000.0,27930000.0,26529000.0,32041000.0,53085000.0,42428000.0,53773000.0,63394000.0,75498000.0,65114000.0,70693000.0,74633000.0,71120000.0,69289000.0,59785000.0,58118000.0,57313000.0,59203000.0,58349000.0,60902000.0,62423000.0,76042000.0,76176000.0,77289000.0,79208000.0,65255000.0
deferred_revenue_current,,,,,,,469046.0,,480730.0,476827.0,599120.0,550498.0,475120.0,1909.0,3341.0,,141481.0,279450.0,130000.0,216751.0,611408.0,524000.0,258000.0,411000.0,202000.0,643000.0,408000.0,441000.0,864000.0,1299000.0,960000.0,1547000.0,1175000.0,1234000.0,1290000.0,1287000.0,3728000.0,4286000.0,5005000.0,6305000.0,7276000.0,10141000.0,15318000.0,14253000.0,15238000.0,16337000.0,14675000.0,20078000.0,22161000.0,19465000.0,19283000.0,31111000.0,31564000.0,27954000.0,17067000.0,19209000.0,14001000.0,16446000.0,13243000.0,21209000.0,20806000.0,15681000.0,14609000.0,18308000.0
short_term_debt,,,,,,,,,,,,,,,,,,,,,,,,,,,,,,,,,,,,,,,,,,,,,,,,,,,,,,,,,,,,,,,,
operating_lease_liabilities_current,,,,,,,,,,,,,,,,,,,,,,,,,,,,,,,,,,,,3100000.0,3287000.0,3044000.0,3557000.0,3747000.0,3970000.0,4460000.0,5254000.0,3770000.0,4243000.0,5528000.0,8303000.0,9882000.0,11692000.0,13156000.0,6957000.0,7959000.0,2889000.0,3315000.0,5631000.0,9781000.0,12129000.0,12171000.0,15104000.0,15154000.0,16043000.0,19314000.0,21559000.0,21071000.0
total_current_liabilities,,,,4623124.0,3715877.0,4152964.0,7463521.0,8790747.0,9732977.0,9035785.0,10752228.0,8894666.0,10218738.0,8784315.0,11301171.0,7122382.0,8815401.0,10470873.0,10682000.0,13184058.0,15825671.0,15709000.0,18781000.0,15821000.0,21350000.0,20192000.0,21075000.0,13751000.0,16519000.0,118447000.0,25211000.0,20321000.0,121119000.0,129846000.0,129842000.0,130278000.0,140913000.0,38765000.0,48313000.0,41853000.0,44401000.0,50984000.0,318956000.0,313328000.0,332342000.0,349439000.0,375262000.0,424333000.0,423522000.0,410696000.0,404196000.0,416555000.0,388345000.0,378939000.0,164942000.0,181547000.0,174805000.0,108366000.0,126787000.0,151996000.0,123012000.0,131136000.0,135826000.0,126209000.0
long_term_debt,,,,,,,,,,,,,,,,,,,,,,,,,,,,,,,,,,,,,,,,,,,,,,,,,,,,,,,,,,,525567000.0,,,537927000.0,542213000.0,546585000.0
operating_lease_liabilities_noncurrent,,,,,,,,,,,,,,,,,,,,,,,,,,,,,,,,,,,,17088000.0,20209000.0,26056000.0,26995000.0,27038000.0,26263000.0,26378000.0,26425000.0,29559000.0,52323000.0,55909000.0,102492000.0,100435000.0,121271000.0,121190000.0,131389000.0,127665000.0,134438000.0,130615000.0,126578000.0,144551000.0,143518000.0,138693000.0,145576000.0,138939000.0,136296000.0,131626000.0,126176000.0,119964000.0
deferred_tax_liabilities,,,,,,,136881.0,254557.0,242520.0,256765.0,,,,,,,8882.0,88764.0,,,,,501000.0,,1978000.0,2124000.0,2103000.0,2188000.0,2457000.0,37347000.0,25167000.0,20858000.0,20643000.0,21120000.0,25086000.0,25097000.0,27690000.0,38059000.0,29944000.0,29868000.0,,,47267000.0,,,,81528000.0,,,,92621000.0,,,,121562000.0,,,,127549000.0,,,,120184000.0,
total_liabilities,,,,5207286.0,4292404.0,4733290.0,10069814.0,11723383.0,12718450.0,11192652.0,12886163.0,9903734.0,12202321.0,11479836.0,34520904.0,10482859.0,13487174.0,14247228.0,16561000.0,16652224.0,19122117.0,18402000.0,23489000.0,18438000.0,118586000.0,118528000.0,120149000.0,113837000.0,117820000.0,157367000.0,151971000.0,146065000.0,146422000.0,155638000.0,159053000.0,172896000.0,189299000.0,333590000.0,340345000.0,336723000.0,342018000.0,351446000.0,373737000.0,371111000.0,412896000.0,526132000.0,608287000.0,617423000.0,639552000.0,627423000.0,620900000.0,621225000.0,600199000.0,548991000.0,866340000.0,888100000.0,881568000.0,813958000.0,856948000.0,866660000.0,839886000.0,840624000.0,843570000.0,825309000.0
retained_earnings,,,,-117964614.0,-118020211.0,-117144912.0,-119306614.0,-118065638.0,-116512720.0,-114686061.0,-105150577.0,-102812341.0,-98273154.0,-92384880.0,-89057422.0,-84780319.0,-81954897.0,-80488663.0,-80887000.0,-77957723.0,-74345164.0,-71807000.0,-71542000.0,-69917000.0,-66046000.0,-64891000.0,-59861000.0,-56793000.0,-48355000.0,-43686000.0,-31508000.0,-28737000.0,-26000000.0,-21206000.0,-677000.0,-7515000.0,580000.0,2239000.0,5843000.0,15658000.0,31519000.0,46071000.0,65769000.0,95219000.0,131452000.0,164950000.0,194060000.0,258277000.0,308138000.0,348543000.0,397272000.0,412609000.0,432395000.0,449318000.0,432868000.0,436164000.0,441877000.0,441223000.0,407354000.0,413184000.0,428050000.0,442961000.0,456248000.0,464581000.0
treasury_stock,,,,,,,,,,,,,,,,,,,,,,,,,,,,,,,,,,,,,,,,,,,,,,,,,,,,,,,,,,,,,,,,
accumulated_other_comprehensive_income,,,,,,2687.0,113627.0,1201452.0,-527677.0,1579403.0,1998330.0,1857361.0,764853.0,2174989.0,1998000.0,1857361.0,404639.0,-2718884.0,-5773000.0,-9639120.0,-8197044.0,-8728000.0,-8566000.0,-6670000.0,-9184000.0,-9496000.0,-13749000.0,-12718000.0,-8671000.0,-6647000.0,-6363000.0,-6112000.0,-11143000.0,-11773000.0,-11893000.0,-13784000.0,-15053000.0,-21794000.0,-15027000.0,-20606000.0,-14113000.0,-9723000.0,2085000.0,-7494000.0,-4369000.0,-9919000.0,-16886000.0,-21574000.0,-37091000.0,-55261000.0,-34394000.0,-31407000.0,-37486000.0,-43366000.0,-37808000.0,-42942000.0,-44445000.0,-34623000.0,-52533000.0,-47841000.0,-1716000.0,-4107000.0,-2531000.0,-14309000.0
total_equity,66120376.0,,,67086704.0,67313125.0,67834240.0,65987000.0,68670214.0,68730245.0,73703980.0,84124000.0,87411034.0,92452210.0,100157121.0,84124000.0,108851532.0,115561319.0,114585546.0,111732000.0,111932015.0,118222538.0,121451000.0,122748000.0,128886000.0,163724000.0,166522000.0,168764000.0,176791000.0,190943000.0,576869000.0,591548000.0,597183000.0,598659000.0,606487000.0,615568000.0,625025000.0,878968000.0,1045118000.0,1059768000.0,1069758000.0,1100027000.0,1124870000.0,1529150000.0,1556216000.0,1603069000.0,1715265000.0,1750067000.0,1766401000.0,1805364000.0,1835109000.0,1910700000.0,1926714000.0,1956859000.0,1973743000.0,1964845000.0,1965592000.0,1984438000.0,2016686000.0,1972718000.0,1985483000.0,2061741000.0,2083087000.0,2106129000.0,2105463000.0
cash_flow_from_operations,-2448354.0,-461355.0,,3231763.0,-2710594.0,,,1733822.0,,,13439608.0,3594703.0,,,25930000.0,7998790.0,,,18401000.0,-2305000.0,,,15053000.0,-3811000.0,,,7521000.0,1147000.0,,,17451000.0,1572000.0,,,32770000.0,9788000.0,,,67216000.0,9530000.0,,,62625000.0,9262000.0,,,119016000.0,23113000.0,,,172083000.0,11154000.0,,,113918000.0,44708000.0,,,175394000.0,15005000.0,,,117417000.0,28295000.0
stock_based_compensation,1006798.0,262882.0,,1003266.0,282000.0,245000.0,,240873.0,214797.0,288279.0,1024152.0,250071.0,312691.0,205772.0,1060000.0,307425.0,545212.0,533000.0,1766000.0,702000.0,985000.0,981000.0,3598000.0,922000.0,1137000.0,1282000.0,4595000.0,1531000.0,1496000.0,1817000.0,6747000.0,2268000.0,2625000.0,2779000.0,10192000.0,3251000.0,3031000.0,3175000.0,12847000.0,4165000.0,4102000.0,4225000.0,17007000.0,6541000.0,7143000.0,6792000.0,27500000.0,7915000.0,6985000.0,6154000.0,27316000.0,7254000.0,5483000.0,6373000.0,25575000.0,8776000.0,9879000.0,23055000.0,48070000.0,7273000.0,8375000.0,8973000.0,32605000.0,8322000.0
depreciation_amortization_cf,1378999.0,402021.0,,1674528.0,406377.0,,,824409.0,,,3508592.0,818920.0,,,3114000.0,892407.0,,,4020000.0,1150000.0,,,4594000.0,1150000.0,,,5334000.0,1582000.0,,,10507000.0,3960000.0,,,15778000.0,4213000.0,,,20868000.0,6390000.0,,,27067000.0,8444000.0,,,38447000.0,11834000.0,,,50985000.0,15370000.0,,,68556000.0,16909000.0,,,69673000.0,18704000.0,,,78745000.0,19762000.0
capital_expenditure,597349.0,63955.0,,524666.0,168002.0,,,156742.0,,,1263647.0,322099.0,,,4635000.0,596788.0,,,5602000.0,1272000.0,,,2628000.0,431000.0,,,4325000.0,1295000.0,,,5454000.0,1564000.0,,,10635000.0,2088000.0,,,18504000.0,4126000.0,,,22455000.0,7584000.0,,,67089000.0,27204000.0,,,84834000.0,8509000.0,,,36222000.0,8346000.0,,,25677000.0,3563000.0,,,23519000.0,4710000.0
cash_flow_from_investing,9921398.0,-3748449.0,,-1503980.0,-4026363.0,,,-385902.0,,,2840881.0,-5049245.0,,,-17906000.0,961632.0,,,-19792000.0,279000.0,,,4791000.0,1200000.0,,,-49194000.0,6077000.0,,,-98696000.0,-1564000.0,,,-14037000.0,-3828000.0,,,-205308000.0,-5037000.0,,,-201385000.0,-8997000.0,,,-221169000.0,-28214000.0,,,-233236000.0,-9433000.0,,,-123275000.0,-8362000.0,,,-86383000.0,-74108000.0,,,-298474000.0,-3988000.0
cash_flow_from_financing,11586.0,16752.0,,-50279.0,,,,113540.0,,,1159064.0,956721.0,,,2522000.0,497709.0,,,1680000.0,303000.0,,,767000.0,323000.0,,,112113000.0,-330000.0,,,129945000.0,333000.0,,,3407000.0,44000.0,,,484867000.0,1589000.0,,,305916000.0,507000.0,,,961000.0,-12021000.0,,,-13337000.0,-9563000.0,,,248961000.0,-8974000.0,,,-82902000.0,-5030000.0,,,-15205000.0,-5543000.0
dividends_paid,,,,,,,,,,,,,,,,,,,,,,,,,,,,,,,,,,,,,,,,,,,,,,,,,,,,,,,,,,,,,,,,
share_repurchase,,,,88401.0,,,,,,,,,,,,,,,,,,,,,,,,,,,,,,,,,,,,,,,,,,,0.0,,,,0.0,,,,14386000.0,,,,0.0,,,,0.0,
shares_outstanding_basic,30752041.0,30767585.0,30780279.0,30781881.0,30812000.0,30797000.0,30714757.0,30730000.0,30845000.0,30948000.0,30914424.0,31241000.0,31644000.0,31858000.0,31667015.0,31963000.0,32234000.0,32677000.0,32497657.0,32755000.0,32870000.0,32925000.0,32881940.0,33025000.0,33649000.0,33779000.0,33573.0,33891702.0,34097805.0,41236554.0,38234000.0,43621.0,43743.0,43822.0,43767000.0,43968000.0,46367000.0,50852000.0,48343000.0,52139000.0,52381000.0,52545000.0,52554.0,54805.0,54931.0,55015.0,55015.0,55353.0,55444.0,55498.0,55460.0,55644301.0,55744896.0,55774706.0,55720.0,55791.0,55884.0,56012.0,56091677.0,56123000.0,56253009.0,56283321.0,56325429.0,56399294.0
shares_outstanding_diluted,30752041.0,30926096.0,30920400.0,30781881.0,30812000.0,30934000.0,30715000.0,31010000.0,31149000.0,31256000.0,31253434.0,31855000.0,32317000.0,32552000.0,32406641.0,31855000.0,33076000.0,33327000.0,33263667.0,33451000.0,33671000.0,33690000.0,33577091.0,33494000.0,34175000.0,34313000.0,34099.0,34382322.0,35094814.0,42563002.0,39150000.0,44327.0,45016.0,45828.0,45471000.0,46279000.0,49056000.0,51809000.0,49206000.0,53109000.0,53306000.0,53469000.0,53892.0,56869.0,56786.0,57368.0,57264.0,58816.0,56721.0,57304.0,57455.0,57049.0,56858.0,56940.0,56377.0,56531.0,56434.0,56012.0,55937.0,56558000.0,56510.0,56532.0,56561.0,56666000.0
total_debt,,,,,,,,,,,,,,,,,,,,,,,,,,,,,,,,,,,,,,,,,,,,,,,,,,,,,,,,,,,,,,,,
current_stock_price,4.06,3.21,3.38,3.74,3.64,3.26,3.47,5.9,4.3,5.96,6.28,6.91,8.24,11.09,13.64,12.86,22.79,19.91,19.8,30.36,41.27,27.85,28.29,26.82,27.36,30.19,30.82,35.2,41.44,38.32,36.28,36.18,47.04,55.46,52.74,59.08,85.95,76.69,92.5,96.54,123.61,147.54,191.63,194.41,199.62,288.99,264.84,188.09,162.4,187.11,169.31,168.36,141.46,159.01,179.8,183.92,126.06,148.82,143.94,127.24,124.38,133.67,163.86,117.82
market_cap,124853284.7003541,99272769.33973694,104510955.53855896,115124235.2335589,112155683.23230743,100844839.7049904,106581050.8787632,182959002.95734408,133940705.94120026,186285761.19232175,196271572.0772314,220118045.13931277,266292072.6032257,361001684.967041,442026594.3659372,409655289.0634537,753802070.2819824,663540564.9147034,658620581.2218361,1015572380.41687,1389602185.4133606,938266512.8517152,949895935.1307448,898309069.7784424,935028020.8587646,1035909488.325119,1050931.169593811,1210257760.63163,1454329043.9646072,1631014223.6508026,1420361952.209473,1603750.8735275269,2117552.681213379,2541620.838043213,2398140616.321564,2734163404.73938,4216363050.2929688,3973232336.486816,4551555000.0,5127142908.622742,6589154692.5354,7888815901.016235,10327324.223144531,11055902.498260498,11335621.04272461,16578777.759765623,15165797.550292969,11062701.224609377,9211490.05380249,10722151.474975586,9727705.909729004,9604769.674819946,8043133.061737061,9054029.087219238,10136584.77204895,10397181.416488647,7114069.90222168,8335706.250244141,8051571.916564941,7196439799.179077,7028713.644790649,7556632.336486816,9268085.494522097,6676388102.706909
enterprise_value,112327244.7003541,90939781.33973694,89347665.53855896,100920691.2335589,104689096.23230743,90344727.7049904,95413305.8787632,170166103.95734406,118060699.94120026,167895784.19232178,167061572.0772314,191548030.13931277,228960494.6032257,318757264.967041,402196594.3659372,360445668.0634537,720046352.2819824,627633564.9147034,623257581.2218361,984362380.41687,1349590185.4133606,890182512.8517151,895353935.1307449,845096069.7784424,762406020.8587646,878258488.325119,-121632068.8304062,1080144760.63163,1311672043.9646072,1471348223.6508026,1246602952.209473,-172272249.12647247,-173493447.31878662,-187762379.1619568,2204318616.321564,2538028404.73938,3998546050.2929688,3450803336.4868164,4014148000.0,4588576908.622742,6028790692.5354,7335513901.016235,-706964675.7768555,-700262097.5017395,-722991378.9572754,-604519222.2402344,-588648202.449707,-573577298.7753906,-587300509.9461975,-562640848.5250244,-513730294.090271,-507004230.32518005,-595612866.9382629,-621724970.9127808,-741186415.227951,-770219818.5835114,-802031930.0977783,-775628293.7497559,-749303428.083435,6499210799.179077,-701826286.3552094,-741190367.6635132,-556752914.5054779,6093738102.706909
beta_3y,0.7649,0.7965,0.8061,0.8398,0.8523,0.7591,0.643,0.5228,0.4699,0.4749,0.4763,0.4996,0.4286,0.4149,0.4522,0.4929,0.5329,0.8667,1.1151,1.1398,1.2633,1.3467,1.446,1.4374,1.4737,1.4864,1.5142,1.4887,1.4516,1.435,1.4873,1.4983,1.4461,1.4712,1.3378,1.3817,1.3585,1.3459,1.3422,0.9918,0.9183,0.9049,0.8943,0.8969,0.8995,0.8965,0.8538,0.8921,0.9268,0.9558,1.0016,1.194,1.3461,1.3744,1.4525,1.4335,1.4637,1.4469,1.5082,1.4653,1.4907,1.4855,1.4511,1.4315
risk_free_rate,0.0383299994468689,0.0295099997520446,0.0251699995994567,0.034539999961853,0.031579999923706,0.0192400002479553,0.0187100005149841,0.0221600008010864,0.0165900003910064,0.0163699996471405,0.0175600004196166,0.0185199999809265,0.024779999256134,0.0261500000953674,0.0302600002288818,0.0272300004959106,0.0251600003242492,0.0250799989700317,0.0217000007629394,0.0193400001525878,0.0233500003814697,0.0205999994277954,0.0226900005340576,0.0178600001335144,0.0148800003528594,0.0160800004005432,0.0244600009918212,0.0239599990844726,0.0230200004577636,0.0232599997520446,0.0240499997138977,0.0274099993705749,0.0284899997711181,0.0305599999427795,0.0268600010871887,0.0241400003433227,0.02,0.0167499995231628,0.019190000295639,0.0069800001382827,0.0065299999713897,0.0067699998617172,0.0091699999570846,0.0174600005149841,0.01442999958992,0.0152900004386901,0.0151199996471405,0.0232699990272521,0.0297199988365173,0.0380399990081787,0.0387899994850158,0.0349399995803833,0.0381900000572204,0.0457299995422363,0.0386599993705749,0.042059998512268,0.0434299993515014,0.0380200004577636,0.0457299995422363,0.0424599981307983,0.0423000001907348,0.0414799976348876,0.0416300010681152,0.0431099987030029
wacc,,,,,,,,,,,,,,,,,,,,,,,,,,,,,,,,,,,,,,,,,,,,,,,,,,,,,,,,,,,,,,,,
ebitda,-4387682.0,1291116.0,,1300457.0,285377.0,,-1359000.0,1991409.0,,,14591705.0,4363920.0,,,25987000.0,6200407.0,,,14711000.0,5189000.0,,,18358000.0,4613000.0,,,21308000.0,7258000.0,,,24512000.0,9936000.0,5573000.0,9186000.0,41766000.0,15384000.0,12854000.0,9764000.0,56951000.0,18296000.0,22137000.0,23761000.0,96890000.0,44827000.0,52040000.0,49494000.0,205696000.0,71834000.0,69768000.0,59265000.0,275655000.0,29228000.0,26981000.0,12291000.0,116259000.0,20659000.0,14169000.0,768000.0,34559000.0,25282000.0,24196000.0,26725000.0,133912000.0,35702000.0
free_cash_flow,-3045703.0,-525310.0,,2707097.0,-2878596.0,,,1577080.0,,,12175961.0,3272604.0,,,21295000.0,7402002.0,,,12799000.0,-3577000.0,,,12425000.0,-4242000.0,,,3196000.0,-148000.0,,,11997000.0,8000.0,,,22135000.0,7700000.0,,,48712000.0,5404000.0,,,40170000.0,1678000.0,,,51927000.0,-4091000.0,,,87249000.0,2645000.0,,,77696000.0,36362000.0,,,149717000.0,11442000.0,,,93898000.0,23585000.0
