Financials,2009-04-30,2009-07-31,2009-10-31,2010-01-31,2010-04-30,2010-07-31,2010-10-31,2011-01-31,2011-04-30,2011-07-31,2011-10-31,2012-01-31,2012-04-30,2012-07-31,2012-10-31,2013-01-31,2013-04-30,2013-07-31,2013-10-31,2014-01-31,2014-04-30,2014-07-31,2014-10-31,2015-01-31,2015-04-30,2015-07-31,2015-10-31,2016-01-31,2016-04-30,2016-07-31,2016-10-31,2017-01-31,2017-04-30,2017-07-31,2017-10-31,2018-01-31,2018-04-30,2018-07-31,2018-10-31,2019-01-31,2019-04-30,2019-07-31,2019-10-31,2020-01-31,2020-04-30,2020-07-31,2020-10-31,2021-01-31,2021-04-30,2021-07-31,2021-10-31,2022-01-31,2022-04-30,2022-07-31,2022-10-31,2023-01-31,2023-04-30,2023-07-31,2023-10-31,2024-01-31,2024-04-30,2024-07-31,2024-10-31,2025-01-31,2025-04-30,2025-07-31,2025-10-31,2026-01-31
revenue,1611390000.0,388375000.0,447958000.0,427102000.0,1699062000.0,407900000.0,441800000.0,447900000.0,1742551000.0,430100000.0,447000000.0,451100000.0,1782742000.0,410700000.0,431800000.0,472400000.0,1760778000.0,411020000.0,449153000.0,457933000.0,1775195000.0,437917000.0,476972000.0,465905000.0,1822440000.0,422981000.0,433362000.0,436393000.0,1727037000.0,404300000.0,425600000.0,436400000.0,1718530000.0,411400000.0,451700000.0,455700000.0,1796103000.0,410900000.0,448600000.0,449400000.0,1800069000.0,423500000.0,466200000.0,467100000.0,1831483000.0,431326000.0,491011000.0,482912000.0,1941501000.0,488388000.0,533003000.0,515884000.0,2082928000.0,487569000.0,514836000.0,491368000.0,2019900000.0,451013000.0,492808000.0,460705000.0,1872987000.0,403809000.0,426595000.0,404626000.0,1677609000.0,396800000.0,421751000.0,410036000.0
cost_of_goods_sold,516420000.0,121536000.0,138770000.0,133437000.0,534001000.0,125269000.0,139539000.0,137909000.0,539043000.0,129674000.0,132667000.0,142131000.0,543396000.0,127244000.0,129554000.0,141794000.0,532232000.0,119791000.0,130352000.0,130563000.0,506879000.0,124053000.0,134541000.0,124245000.0,499683000.0,119729000.0,116594000.0,120215000.0,466177000.0,113478000.0,111574000.0,116405000.0,500794000.0,114788000.0,119865000.0,136362000.0,531024000.0,127738000.0,132577000.0,143879000.0,554722000.0,143096000.0,143413000.0,153924000.0,591024000.0,144809000.0,154853000.0,157636000.0,625335000.0,165956000.0,174782000.0,172916000.0,700658000.0,174031000.0,170302000.0,174051000.0,692541000.0,157101000.0,155614000.0,143662000.0,579722000.0,109220000.0,107000000.0,104219000.0,431380000.0,109259000.0,104388000.0,107781000.0
gross_profit,1094970000.0,266839000.0,309188000.0,293665000.0,1165061000.0,282700000.0,302300000.0,309900000.0,1203500000.0,300400000.0,314300000.0,309000000.0,1239300000.0,283500000.0,302200000.0,330600000.0,1228500000.0,291200000.0,318800000.0,327400000.0,1268300000.0,313864000.0,342431000.0,341660000.0,1322757000.0,303252000.0,316768000.0,316178000.0,1260860000.0,290800000.0,314000000.0,320100000.0,1257800000.0,285500000.0,319600000.0,319300000.0,1265100000.0,283100000.0,316000000.0,305500000.0,1245300000.0,280400000.0,322800000.0,313200000.0,1240500000.0,286500000.0,336200000.0,325300000.0,1316200000.0,322432000.0,358221000.0,342968000.0,1382270000.0,313538000.0,344534000.0,317317000.0,1327359000.0,293912000.0,337194000.0,317043000.0,1293265000.0,294589000.0,319595000.0,300407000.0,1246229000.0,287541000.0,317363000.0,302255000.0
research_and_development,,,,,,,,,,,,,,,,,,,,,442368000.0,,,,484568000.0,116223000.0,112263000.0,112813000.0,800325000.0,115137000.0,104474000.0,118385000.0,563818000.0,195344000.0,202721000.0,192391000.0,611420000.0,134335000.0,154940000.0,158306000.0,612498000.0,168801000.0,162434000.0,172954000.0,888415000.0,163918000.0,173939000.0,197343000.0,733330000.0,186831000.0,194925000.0,194420000.0,784067000.0,221783000.0,204368000.0,302626000.0,926611000.0,211567000.0,194281000.0,253741000.0,807206000.0,126017000.0,123571000.0,122835000.0,508763000.0,125507000.0,123668000.0,128181000.0
selling_general_and_admin,,,,,,,,,,,,,,,,,,,,,527088000.0,,,,520432000.0,126275000.0,127873000.0,137854000.0,194047000.0,120203000.0,142796000.0,128893000.0,943242000.0,50394000.0,38580000.0,47157000.0,953222000.0,240426000.0,236207000.0,240715000.0,963582000.0,250170000.0,240380000.0,245683000.0,997355000.0,237369000.0,247167000.0,251242000.0,1022660000.0,260589000.0,264190000.0,275475000.0,1079585000.0,282751000.0,253029000.0,255798000.0,1037399000.0,255801000.0,252282000.0,253375000.0,1013520000.0,248819000.0,238891000.0,229960000.0,947437000.0,240330000.0,225087000.0,219097000.0
operating_expenses,839648000.0,202113000.0,213383000.0,214009000.0,872193000.0,211028000.0,215863000.0,222206000.0,910847000.0,231169000.0,233315000.0,221648000.0,922177000.0,229986000.0,223990000.0,235857000.0,933148000.0,236995000.0,237526000.0,238569000.0,969456000.0,251734000.0,253328000.0,250479000.0,1005000000.0,242498000.0,240136000.0,250667000.0,994372000.0,235340000.0,247270000.0,247278000.0,1507060000.0,245738000.0,241301000.0,239548000.0,1564642000.0,374761000.0,391147000.0,399021000.0,1576080000.0,418971000.0,402814000.0,418637000.0,1885770000.0,401287000.0,421106000.0,448585000.0,1755990000.0,447420000.0,459115000.0,469895000.0,1863652000.0,504534000.0,457397000.0,558424000.0,1964010000.0,467368000.0,446563000.0,507116000.0,1820726000.0,374836000.0,362462000.0,352795000.0,1456200000.0,365837000.0,348755000.0,347278000.0
operating_income_ebit,218478000.0,55650000.0,75314000.0,68263000.0,242592000.0,63100000.0,77700000.0,69700000.0,248148000.0,60200000.0,72000000.0,78500000.0,280419000.0,39000000.0,62900000.0,83600000.0,199427000.0,35564000.0,50187000.0,73380000.0,206673000.0,49630000.0,76004000.0,54042000.0,237739000.0,44909000.0,60265000.0,39619000.0,188113000.0,43800000.0,47700000.0,51200000.0,211470000.0,12600000.0,80800000.0,65400000.0,231461000.0,36100000.0,57500000.0,50300000.0,223989000.0,4500000.0,63400000.0,48500000.0,-54287000.0,30039000.0,69905000.0,34327000.0,185511000.0,40968000.0,73888000.0,45989000.0,219276000.0,-16965000.0,57439000.0,-67056000.0,55890000.0,-16355000.0,46245000.0,-46411000.0,52261000.0,28973000.0,64133000.0,51831000.0,221409000.0,30963000.0,72996000.0,62758000.0
depreciation_and_amortization_expense,35134000.0,9738000.0,8993000.0,8559000.0,122879000.0,10996000.0,8712000.0,8800000.0,132506000.0,12148000.0,9016000.0,8875000.0,138091000.0,13028000.0,9578000.0,11158000.0,149516000.0,14485000.0,10986000.0,11165000.0,148097000.0,14956000.0,13099000.0,13105000.0,153925000.0,16491000.0,12673000.0,12179000.0,155849000.0,17125000.0,12253000.0,12495000.0,156561000.0,18540000.0,11183000.0,12163000.0,153989000.0,40171000.0,39652000.0,39833000.0,161155000.0,42219000.0,42638000.0,43681000.0,175127000.0,49507000.0,48430000.0,49316000.0,200189000.0,54566000.0,54555000.0,53363000.0,215170000.0,58279000.0,52421000.0,52442000.0,213253000.0,43728000.0,40174000.0,45474000.0,176989000.0,37253000.0,36718000.0,36474000.0,147126000.0,36446000.0,35929000.0,35592000.0
interest_income,,,,,,,,,,,,,,,,,,,,,,,,,,,,,,,,,,,,,,,,,,,,,,,,,,,,,,,,,,,,,,,,,,,,
interest_expense,48424000.0,8923000.0,8903000.0,8677000.0,32334000.0,5708000.0,4823000.0,4630000.0,17322000.0,1737000.0,1765000.0,2768000.0,9038000.0,2827000.0,2903000.0,3827000.0,13078000.0,3471000.0,3392000.0,3485000.0,13916000.0,4144000.0,4506000.0,4365000.0,17077000.0,3573000.0,4324000.0,4590000.0,16707000.0,4071000.0,4360000.0,4931000.0,16938000.0,3273000.0,3455000.0,3295000.0,13274000.0,2796000.0,3608000.0,5346000.0,16121000.0,6077000.0,6787000.0,6309000.0,24959000.0,4614000.0,4461000.0,4853000.0,18383000.0,4639000.0,4997000.0,5103000.0,19802000.0,6332000.0,9332000.0,11521000.0,37745000.0,11334000.0,12937000.0,13321000.0,49003000.0,,,,,,,
tax_expense,36217000.0,10240000.0,19327000.0,17988000.0,56666000.0,13043000.0,19636000.0,19259000.0,59171000.0,7984000.0,19989000.0,13017000.0,59349000.0,1602000.0,16205000.0,21894000.0,42697000.0,-1821000.0,10508000.0,17901000.0,35024000.0,11985000.0,19039000.0,10712000.0,48593000.0,9463000.0,13023000.0,1728000.0,29011000.0,9327000.0,54853000.0,1565000.0,77473000.0,-3140000.0,19428000.0,-10575000.0,21745000.0,7786000.0,12538000.0,10275000.0,44689000.0,343000.0,11783000.0,9229000.0,11195000.0,13400000.0,81000.0,5231000.0,27656000.0,30172000.0,14648000.0,7853000.0,61352000.0,-5552000.0,10137000.0,-5982000.0,15867000.0,-14459000.0,-2585000.0,1579000.0,13272000.0,24439000.0,8479000.0,41627000.0,58717000.0,6007000.0,13119000.0,14717000.0
net_income,128258000.0,26877000.0,46257000.0,42414000.0,143543000.0,44000000.0,53700000.0,45600000.0,171889000.0,50800000.0,50800000.0,62900000.0,212746000.0,36100000.0,43100000.0,57100000.0,144225000.0,35933000.0,36197000.0,52489000.0,160510000.0,33646000.0,53777000.0,42548000.0,176868000.0,32457000.0,43600000.0,35518000.0,145782000.0,31000000.0,-11500000.0,47400000.0,113643000.0,9200000.0,60000000.0,68800000.0,192186000.0,26300000.0,43800000.0,34900000.0,168263000.0,3600000.0,44700000.0,35400000.0,-74287000.0,16334000.0,68432000.0,22161000.0,148256000.0,13830000.0,55967000.0,35366000.0,148309000.0,-17835000.0,38193000.0,-71469000.0,17233000.0,-92264000.0,-19445000.0,-113875000.0,-200319000.0,-1436000.0,40458000.0,-22954000.0,84161000.0,11700000.0,44891000.0,29679000.0
basic_eps,2.2,0.46,0.79,0.72,2.45,0.74,0.89,0.76,2.86,0.84,0.84,1.05,3.53,0.61,0.72,0.96,2.43,0.61,0.62,0.89,2.73,0.57,0.91,0.73,3.01,0.55,0.75,0.62,2.51,0.54,-0.2,0.83,1.98,0.16,1.06,1.21,3.37,0.46,0.76,0.61,2.94,0.06,0.79,0.63,-1.32,0.29,1.22,0.4,2.65,0.25,1.0,0.63,2.66,-0.32,0.69,-1.29,0.31,-1.67,-0.35,-2.08,-3.65,-0.03,0.75,-0.43,1.56,0.22,0.85,0.57
diluted_eps,2.15,0.45,0.78,0.71,2.41,0.72,0.88,0.74,2.8,0.82,0.83,1.03,3.47,0.6,0.71,0.95,2.39,0.61,0.61,0.88,2.7,0.56,0.9,0.72,2.97,0.55,0.74,0.61,2.48,0.53,-0.2,0.82,1.95,0.16,1.04,1.19,3.32,0.45,0.76,0.61,2.91,0.06,0.79,0.63,-1.32,0.29,1.22,0.39,2.63,0.24,0.99,0.63,2.62,-0.32,0.68,-1.29,0.31,-1.67,-0.35,-2.08,-3.65,-0.03,0.74,-0.43,1.53,0.22,0.84,0.56
cash_and_cash_equivalents,102828000.0,68197000.0,61127000.0,67473000.0,153513000.0,113880000.0,112311000.0,305441000.0,201853000.0,121733000.0,82294000.0,284456000.0,259830000.0,149300000.0,92565000.0,285858000.0,334140000.0,189795000.0,149662000.0,315985000.0,486377000.0,255857000.0,198912000.0,260215000.0,457441000.0,369413000.0,308235000.0,535859000.0,363806000.0,185894000.0,267410000.0,482321000.0,58516000.0,84113000.0,72871000.0,128217000.0,169773000.0,113108000.0,115603000.0,132758000.0,92890000.0,104025000.0,107744000.0,117355000.0,202464000.0,101385000.0,86063000.0,91321000.0,93795000.0,82982000.0,100898000.0,109444000.0,100397000.0,104495000.0,118423000.0,126449000.0,106714000.0,75144000.0,83218000.0,93100000.0,83249000.0,82545000.0,75536000.0,104510000.0,85882000.0,81850000.0,67404000.0,95115000.0
marketable_securities,,,,,,,,,,,,,,,,,,,,,,,,,,,,,,,,,,,,,,,,,,,,,,,,,,,,,,,,,,,,,,,,,,,,
accounts_receivable,,212117000.0,229302000.0,246041000.0,164827000.0,204463000.0,201571000.0,208768000.0,168310000.0,197880000.0,202434000.0,218370000.0,171561000.0,199637000.0,195961000.0,238112000.0,161731000.0,184714000.0,180175000.0,205796000.0,149733000.0,202770000.0,204424000.0,220311000.0,147183000.0,202570000.0,183447000.0,235806000.0,167638000.0,213968000.0,212590000.0,220845000.0,188679000.0,198576000.0,193506000.0,239637000.0,212377000.0,272143000.0,236207000.0,194764000.0,306631000.0,281055000.0,235466000.0,301521000.0,309384000.0,282412000.0,273264000.0,278939000.0,311571000.0,284579000.0,291891000.0,267988000.0,331960000.0,281443000.0,260026000.0,283654000.0,310121000.0,153392000.0,147253000.0,161009000.0,224198000.0,192153000.0,183015000.0,184672000.0,228410000.0,220317000.0,209679000.0,200220000.0
inventory,,110558000.0,105741000.0,101560000.0,108073000.0,107830000.0,110600000.0,110231000.0,106423000.0,103504000.0,104858000.0,104948000.0,101237000.0,93322000.0,89308000.0,85999000.0,82017000.0,81005000.0,81368000.0,79168000.0,75495000.0,74608000.0,70941000.0,65027000.0,63779000.0,58680000.0,58154000.0,53747000.0,57779000.0,54822000.0,51779000.0,49247000.0,47852000.0,47892000.0,43540000.0,43800000.0,39489000.0,36572000.0,35084000.0,35264000.0,35582000.0,44811000.0,45032000.0,43139000.0,43614000.0,45051000.0,42169000.0,40685000.0,42538000.0,40392000.0,39725000.0,39726000.0,36585000.0,33422000.0,34447000.0,33167000.0,30733000.0,30289000.0,30131000.0,28377000.0,26219000.0,25846000.0,27103000.0,25305000.0,22875000.0,21951000.0,21387000.0,19295000.0
prepaid_expenses,,,,,,,,,,,,,,,,,,,,,,,,,,,,,,,,,,,,,,,,,,,,,,,,,,,,,,,,,,,,,,,,,,,,
total_current_assets,,427971000.0,415886000.0,445406000.0,478122000.0,459595000.0,453340000.0,665383000.0,527490000.0,464215000.0,422733000.0,641844000.0,574600000.0,490057000.0,439793000.0,663521000.0,634971000.0,504415000.0,463582000.0,661489000.0,789662000.0,601761000.0,540510000.0,613922000.0,740919000.0,706939000.0,618787000.0,896941000.0,670679000.0,574076000.0,679532000.0,876471000.0,359735000.0,396758000.0,364009000.0,475655000.0,479971000.0,488304000.0,448867000.0,431443000.0,502544000.0,491183000.0,447168000.0,533090000.0,614927000.0,488003000.0,477297000.0,495710000.0,526297000.0,478689000.0,500466000.0,491570000.0,550866000.0,500770000.0,482994000.0,531166000.0,541279000.0,477778000.0,425569000.0,384002000.0,454042000.0,392830000.0,370313000.0,394764000.0,439884000.0,420295000.0,381223000.0,411251000.0
property_plant_equipment,,146484000.0,149310000.0,149115000.0,152684000.0,150987000.0,153060000.0,153367000.0,165541000.0,165712000.0,168807000.0,172527000.0,187979000.0,188551000.0,192468000.0,193856000.0,189625000.0,189725000.0,184050000.0,181092000.0,188718000.0,195270000.0,190811000.0,187643000.0,193010000.0,198889000.0,205362000.0,207515000.0,214770000.0,214740000.0,248281000.0,241385000.0,243058000.0,265291000.0,274624000.0,273634000.0,289934000.0,288124000.0,286308000.0,286172000.0,289021000.0,292535000.0,294761000.0,297073000.0,298005000.0,295457000.0,290071000.0,284638000.0,282270000.0,273306000.0,271774000.0,271984000.0,271572000.0,258454000.0,249922000.0,248298000.0,247149000.0,223534000.0,222504000.0,208339000.0,192438000.0,185104000.0,172371000.0,164502000.0,162125000.0,152430000.0,146796000.0,141708000.0
operating_lease_rou_assets,,,,,,,,,,,,,,,,,,,,,,,,,,,,,,,,,,,,,,,,,0.0,147370000.0,145886000.0,142308000.0,142716000.0,139798000.0,137095000.0,125287000.0,121430000.0,122334000.0,121708000.0,118155000.0,111719000.0,103196000.0,93334000.0,94672000.0,91197000.0,82415000.0,79009000.0,71306000.0,69074000.0,72424000.0,70527000.0,66947000.0,66128000.0,63626000.0,62152000.0,60442000.0
goodwill,,636782000.0,636874000.0,633944000.0,615479000.0,618828000.0,628251000.0,627385000.0,642898000.0,640720000.0,629922000.0,624448000.0,690619000.0,674505000.0,834210000.0,844673000.0,835540000.0,831176000.0,851309000.0,856707000.0,903665000.0,1031527000.0,1003290000.0,964818000.0,962367000.0,971407000.0,965571000.0,938796000.0,951663000.0,916690000.0,974068000.0,981453000.0,982101000.0,996000000.0,999546000.0,1028395000.0,1019801000.0,997089000.0,986248000.0,1103222000.0,1095666000.0,1121783000.0,1143197000.0,1226257000.0,1116790000.0,1133610000.0,1126904000.0,1297059000.0,1304340000.0,1301599000.0,1302234000.0,1325964000.0,1302142000.0,1289242000.0,1268312000.0,1203254000.0,1204050000.0,1102499000.0,1081517000.0,1096674000.0,1091368000.0,1099817000.0,1102372000.0,1079175000.0,1121505000.0,1117827000.0,1116174000.0,1138748000.0
intangible_assets,,990631000.0,974349000.0,952200000.0,911550000.0,907885000.0,919904000.0,911798000.0,932730000.0,922426000.0,898515000.0,873741000.0,915495000.0,879214000.0,996748000.0,989534000.0,954957000.0,942004000.0,961588000.0,961931000.0,984661000.0,1037749000.0,992618000.0,933299000.0,917621000.0,919996000.0,915174000.0,872224000.0,877007000.0,831249000.0,822962000.0,834252000.0,828099000.0,833676000.0,828524000.0,868631000.0,848071000.0,811158000.0,787629000.0,892603000.0,865572000.0,878269000.0,880613000.0,925934000.0,807405000.0,829231000.0,819834000.0,1024887000.0,1015302000.0,995613000.0,970036000.0,970893000.0,931429000.0,895808000.0,860576000.0,868267000.0,854794000.0,657093000.0,630562000.0,628886000.0,615694000.0,609224000.0,598262000.0,572123000.0,595044000.0,580331000.0,581998000.0,595100000.0
total_assets,,2340907000.0,2318798000.0,2336242000.0,2308610000.0,2286113000.0,2304248000.0,2520858000.0,2430141000.0,2348520000.0,2267702000.0,2478641000.0,2532946000.0,2415558000.0,2631684000.0,2880884000.0,2806375000.0,2656284000.0,2650461000.0,2873246000.0,3077365000.0,3069036000.0,2912775000.0,2894008000.0,3004243000.0,2981600000.0,2882827000.0,3114408000.0,2921096000.0,2743262000.0,2853454000.0,3103038000.0,2606217000.0,2667104000.0,2632830000.0,2858845000.0,2839451000.0,2772129000.0,2680831000.0,2911626000.0,2948766000.0,3120073000.0,3082771000.0,3324583000.0,3168794000.0,3068946000.0,3020405000.0,3426365000.0,3446439000.0,3362800000.0,3346031000.0,3377984000.0,3361695000.0,3229308000.0,3128371000.0,3150255000.0,3108810000.0,2925961000.0,2779043000.0,2707288000.0,2725495000.0,2652058000.0,2608858000.0,2599852000.0,2691466000.0,2524332000.0,2466739000.0,2561328000.0
accounts_payable,,150115000.0,187081000.0,210177000.0,152614000.0,150472000.0,180104000.0,207336000.0,155262000.0,149968000.0,170642000.0,204304000.0,151350000.0,140743000.0,170849000.0,199621000.0,143313000.0,137421000.0,161649000.0,205154000.0,142534000.0,148891000.0,180033000.0,202173000.0,161465000.0,142741000.0,161282000.0,205724000.0,166222000.0,138397000.0,158985000.0,210853000.0,76335000.0,141034000.0,150888000.0,204606000.0,90097000.0,43832000.0,71555000.0,85111000.0,90980000.0,60213000.0,74425000.0,63838000.0,93691000.0,52556000.0,54911000.0,72937000.0,95791000.0,62230000.0,51271000.0,76743000.0,77438000.0,56677000.0,46250000.0,32384000.0,84325000.0,43713000.0,48512000.0,44992000.0,55659000.0,38641000.0,40358000.0,53220000.0,60948000.0,36384000.0,47654000.0,50099000.0
accrued_liabilities,,51280000.0,57325000.0,57360000.0,63581000.0,55450000.0,50291000.0,57218000.0,57853000.0,44010000.0,48104000.0,52056000.0,64482000.0,45851000.0,52908000.0,57116000.0,85306000.0,66648000.0,83738000.0,88514000.0,118503000.0,73074000.0,66737000.0,79063000.0,93922000.0,59910000.0,61790000.0,82400000.0,97902000.0,55241000.0,69072000.0,83276000.0,98185000.0,81245000.0,79827000.0,99317000.0,116179000.0,55287000.0,69792000.0,81571000.0,97230000.0,64215000.0,74727000.0,88414000.0,108448000.0,70211000.0,88761000.0,103223000.0,144744000.0,66771000.0,85890000.0,105286000.0,117121000.0,80200000.0,84333000.0,81106000.0,80458000.0,52307000.0,82935000.0,78203000.0,96980000.0,49039000.0,60935000.0,74307000.0,93117000.0,44706000.0,52796000.0,69830000.0
deferred_revenue_current,,228103000.0,107873000.0,256129000.0,275653000.0,215821000.0,111847000.0,265180000.0,321409000.0,232731000.0,102620000.0,303646000.0,342034000.0,238979000.0,107418000.0,287063000.0,362970000.0,264606000.0,138354000.0,279681000.0,385654000.0,290215000.0,163902000.0,307783000.0,372051000.0,281136000.0,150716000.0,305541000.0,426489000.0,321616000.0,223307000.0,403269000.0,436235000.0,334625000.0,244328000.0,409011000.0,486353000.0,392309000.0,237184000.0,271541000.0,519129000.0,408630000.0,248653000.0,413126000.0,520214000.0,408954000.0,285176000.0,398477000.0,545425000.0,418459000.0,267890000.0,355846000.0,538126000.0,407098000.0,263821000.0,369250000.0,504695000.0,369562000.0,235839000.0,300675000.0,483778000.0,367307000.0,241488000.0,313278000.0,462693000.0,361677000.0,218787000.0,292840000.0
short_term_debt,,73125000.0,78750000.0,67500000.0,90000000.0,75625000.0,101250000.0,106875000.0,123700000.0,118125000.0,0.0,0.0,0.0,0.0,,,,,0.0,0.0,0.0,0.0,50000000.0,100000000.0,100000000.0,100000000.0,150000000.0,150000000.0,0.0,0.0,0.0,0.0,,,,,,,,,0.0,6250000.0,6250000.0,7813000.0,9375000.0,10938000.0,12500000.0,12500000.0,12500000.0,12500000.0,12500000.0,15625000.0,18750000.0,21875000.0,25000000.0,5000000.0,5000000.0,5000000.0,5000000.0,6250000.0,7500000.0,8750000.0,10000000.0,10000000.0,10000000.0,10000000.0,10000000.0,11250000.0
operating_lease_liabilities_current,,,,,,,,,,,,,,,,,,,,,,,,,,,,,,,,,,,,,,,,,0.0,18041000.0,18409000.0,18950000.0,21810000.0,20647000.0,20071000.0,20965000.0,22440000.0,21547000.0,22353000.0,21598000.0,20576000.0,19788000.0,19043000.0,20055000.0,19673000.0,17869000.0,17804000.0,18181000.0,18294000.0,17647000.0,18080000.0,17969000.0,18282000.0,17512000.0,16636000.0,16242000.0
total_current_liabilities,,534995000.0,481597000.0,665383000.0,666780000.0,545565000.0,514412000.0,715517000.0,756365000.0,613711000.0,393456000.0,634620000.0,640930000.0,498949000.0,411670000.0,620727000.0,667169000.0,533208000.0,440513000.0,632554000.0,729587000.0,583167000.0,528400000.0,764061000.0,803683000.0,659834000.0,593399000.0,826936000.0,781807000.0,593131000.0,542822000.0,790034000.0,787856000.0,670838000.0,582195000.0,833014000.0,874311000.0,675507000.0,570056000.0,678265000.0,882326000.0,732825000.0,585642000.0,814538000.0,927269000.0,716136000.0,634736000.0,842076000.0,988972000.0,763101000.0,644509000.0,821481000.0,969419000.0,780744000.0,634577000.0,760969000.0,895553000.0,705939000.0,610250000.0,712139000.0,873282000.0,688791000.0,561471000.0,717258000.0,820856000.0,648843000.0,540351000.0,692415000.0
long_term_debt,,793875000.0,774426000.0,569600000.0,559000000.0,611375000.0,555750000.0,525025000.0,330500000.0,356875000.0,510000000.0,483000000.0,475000000.0,514000000.0,701900000.0,734800000.0,673000000.0,660000000.0,647900000.0,634000000.0,700100000.0,788013000.0,749513000.0,588111000.0,650090000.0,750473000.0,739051000.0,814728000.0,605007000.0,653000000.0,883992000.0,865700000.0,365000000.0,551645000.0,562962000.0,428200000.0,360000000.0,507485000.0,537306000.0,633523000.0,478790000.0,724291000.0,788360000.0,789645000.0,765650000.0,835763000.0,825243000.0,948241000.0,809088000.0,952020000.0,1032505000.0,902045000.0,768277000.0,917236000.0,978683000.0,940576000.0,743292000.0,890917000.0,937624000.0,900524000.0,767096000.0,909850000.0,951010000.0,877205000.0,789435000.0,818272000.0,861713000.0,796288000.0
operating_lease_liabilities_noncurrent,,,,,,,,,,,,,,,,,,,,,,,,,,,,,,,,,,,,,,,,,0.0,166642000.0,164622000.0,160781000.0,159782000.0,156644000.0,153355000.0,153031000.0,145832000.0,145340000.0,143638000.0,139587000.0,132541000.0,127055000.0,120559000.0,119803000.0,115540000.0,106652000.0,101816000.0,98219000.0,94386000.0,91587000.0,88403000.0,83602000.0,81482000.0,78200000.0,76278000.0,73614000.0
deferred_tax_liabilities,,193255000.0,190364000.0,189096000.0,167669000.0,167080000.0,172467000.0,172148000.0,192909000.0,184996000.0,182689000.0,183788000.0,181716000.0,173500000.0,212549000.0,214480000.0,197526000.0,186741000.0,194639000.0,199660000.0,222482000.0,245830000.0,234685000.0,222922000.0,302553000.0,205004000.0,203499000.0,192220000.0,294118000.0,,,,288393000.0,,,,237057000.0,,,,229627000.0,,137295000.0,146703000.0,209009000.0,,,,263503000.0,,,,273759000.0,,,,239851000.0,,,,177014000.0,,,,144006000.0,,,
total_liabilities,,1693840000.0,1615836000.0,1589305000.0,1586174000.0,1517867000.0,1441891000.0,1614008000.0,1452252000.0,1329703000.0,1258277000.0,1455193000.0,1515378000.0,1400997000.0,1543217000.0,1784393000.0,1818019000.0,1660057000.0,1564091000.0,1737256000.0,1895117000.0,1860695000.0,1750373000.0,1808928000.0,1949203000.0,1900936000.0,1815154000.0,2098325000.0,1883990000.0,1726854000.0,1871953000.0,2091578000.0,1603080000.0,1657886000.0,1585780000.0,1690519000.0,1648894000.0,1598121000.0,1511439000.0,1716197000.0,1767419000.0,1988067000.0,1903775000.0,2127348000.0,2235170000.0,2095201000.0,2000192000.0,2362563000.0,2355148000.0,2284895000.0,2239366000.0,2258466000.0,2219426000.0,2146982000.0,2050564000.0,2123355000.0,2063783000.0,1988755000.0,1911767000.0,1958982000.0,1985779000.0,1938385000.0,1853603000.0,1914608000.0,1939260000.0,1791273000.0,1726550000.0,1811353000.0
retained_earnings,,911227000.0,949287000.0,983453000.0,1003099000.0,1037542000.0,1081545000.0,1117406000.0,1136224000.0,1174883000.0,1213525000.0,1264395000.0,1300713000.0,1322461000.0,1351079000.0,1393735000.0,1387512000.0,1408725000.0,1430295000.0,1467949000.0,1489069000.0,1505547000.0,1542082000.0,1567544000.0,1597439000.0,1612287000.0,1638324000.0,1656392000.0,1673325000.0,1686417000.0,1656991000.0,1686655000.0,1715423000.0,1706267000.0,1747998000.0,1798446000.0,1834057000.0,1845811000.0,1870609000.0,1886620000.0,1931074000.0,1915445000.0,1940902000.0,1957199000.0,1780129000.0,1775813000.0,1825025000.0,1827866000.0,1850058000.0,1844578000.0,1881235000.0,1897321000.0,1921160000.0,1883857000.0,1902661000.0,1811816000.0,1860872000.0,1749169000.0,1710358000.0,1577239000.0,1583348000.0,1562666000.0,1583974000.0,1541990000.0,1591168000.0,1583824000.0,1609861000.0,1620940000.0
treasury_stock,,365468000.0,364519000.0,354894000.0,347056000.0,343968000.0,338078000.0,343241000.0,360830000.0,364480000.0,391574000.0,414085000.0,-437734000.0,436148000.0,433233000.0,467374000.0,494476000.0,503643000.0,498008000.0,506956000.0,527308000.0,529401000.0,557462000.0,574114000.0,571974000.0,585656000.0,616041000.0,630941000.0,640421000.0,642256000.0,651040000.0,663921000.0,676077000.0,686164000.0,699898000.0,686091000.0,694222000.0,696727000.0,713553000.0,723573000.0,746476000.0,755501000.0,770030000.0,777824000.0,785870000.0,782373000.0,782203000.0,789120000.0,795517000.0,800945000.0,811351000.0,810711000.0,813224000.0,820002000.0,827266000.0,832103000.0,839927000.0,843378000.0,855463000.0,859668000.0,872781000.0,881747000.0,894287000.0,902896000.0,925087000.0,935367000.0,956542000.0,991314000.0
accumulated_other_comprehensive_income,,-146783000.0,-135019000.0,-148725000.0,-227646000.0,-223414000.0,-191135000.0,-187195000.0,-127741000.0,-131043000.0,-157411000.0,-177066000.0,-200410000.0,-238161000.0,-202561000.0,-205191000.0,-278632000.0,-285354000.0,-235463000.0,-229677000.0,-190291000.0,-191761000.0,-250490000.0,-343255000.0,-406633000.0,-387918000.0,-399367000.0,-458328000.0,-447686000.0,-484152000.0,-486649000.0,-478417000.0,-507287000.0,-482190000.0,-476725000.0,-433178000.0,-439580000.0,-471746000.0,-488564000.0,-474266000.0,-508738000.0,-536024000.0,-505026000.0,-498340000.0,-575497000.0,-534118000.0,-541642000.0,-499529000.0,-490790000.0,-494600000.0,-498209000.0,-507439000.0,-508146000.0,-523289000.0,-545986000.0,-505537000.0,-528902000.0,-517045000.0,-541970000.0,-526762000.0,-528439000.0,-523592000.0,-496308000.0,-519399000.0,-478920000.0,-478407000.0,-481321000.0,-452922000.0
total_equity,513516000.0,647067000.0,702962000.0,746937000.0,722436000.0,768246000.0,862357000.0,906850000.0,977889000.0,1018817000.0,1009425000.0,1023448000.0,1017568000.0,1014561000.0,1088467000.0,1096491000.0,988356000.0,996227000.0,1086370000.0,1135990000.0,1182248000.0,1208341000.0,1162402000.0,1085080000.0,1055040000.0,1080664000.0,1067673000.0,1016083000.0,1037106000.0,1016408000.0,981501000.0,1011460000.0,1003137000.0,1009218000.0,1047050000.0,1168326000.0,1190557000.0,1174008000.0,1169392000.0,1195429000.0,1181347000.0,1132006000.0,1178996000.0,1197235000.0,933624000.0,973745000.0,1020213000.0,1063802000.0,1091291000.0,1077905000.0,1106665000.0,1119518000.0,1142269000.0,1082326000.0,1077807000.0,1026900000.0,1045027000.0,937206000.0,867276000.0,748306000.0,739716000.0,713673000.0,755255000.0,685244000.0,752206000.0,733059000.0,740189000.0,749975000.0
cash_flow_from_operations,256009000.0,-9589000.0,,,315006000.0,-17135000.0,,,375619000.0,-35293000.0,,,379648000.0,-78252000.0,,,337037000.0,-56676000.0,,,348224000.0,-102227000.0,,,355122000.0,-124082000.0,,,349957000.0,-136712000.0,,,314903000.0,-81199000.0,,,382322000.0,-144989000.0,,,250831000.0,-94168000.0,,,288435000.0,-120783000.0,,,359923000.0,-84774000.0,,,339100000.0,-89939000.0,,,277071000.0,-82335000.0,,,207638000.0,-88712000.0,,,202591000.0,-85005000.0,,
stock_based_compensation,17042000.0,2739000.0,,,24842000.0,3938000.0,,,17719000.0,3460000.0,,,17262000.0,3660000.0,,,11928000.0,3347000.0,,,12851000.0,3289000.0,,,13617000.0,3898000.0,,,14.77,224000.0,,,17552000.0,-1495000.0,,,11244000.0,3930000.0,,,18327000.0,4604000.0,5700000.0,5400000.0,20009000.0,4314000.0,4800000.0,5600000.0,21982000.0,6341000.0,6700000.0,6300000.0,25705000.0,7123000.0,6900000.0,6600000.0,26504000.0,6286000.0,6500000.0,6300000.0,24982000.0,5968000.0,,,22222000.0,5899000.0,,
depreciation_amortization_cf,,,,,122879000.0,,,,132506000.0,,,,138091000.0,,,,149516000.0,,,,148097000.0,,,,153925000.0,,,,155849000.0,,,,156561000.0,,,,153989000.0,40171000.0,39652000.0,39833000.0,161155000.0,42219000.0,42638000.0,43681000.0,175127000.0,49507000.0,48430000.0,49316000.0,200189000.0,54566000.0,54555000.0,53363000.0,215170000.0,58279000.0,52421000.0,52442000.0,213253000.0,43728000.0,40174000.0,45474000.0,176989000.0,37253000.0,36718000.0,36474000.0,147126000.0,36446000.0,35929000.0,35592000.0
capital_expenditure,46009000.0,8889000.0,,,48110000.0,9477000.0,,,54393000.0,12537000.0,,,67377000.0,15903000.0,,,58704000.0,13795000.0,,,57564000.0,13964000.0,,,69121000.0,22283000.0,,,86399000.0,20778000.0,,,105058000.0,28478000.0,,,114225000.0,18304000.0,,,77167000.0,24202000.0,,,88593000.0,18964000.0,,,77407000.0,17910000.0,,,88843000.0,17923000.0,,,81155000.0,20086000.0,,,76080000.0,14502000.0,,,61473000.0,12005000.0,,
cash_flow_from_investing,-116389000.0,-45962000.0,,,-106124000.0,-22817000.0,,,-113030000.0,-27938000.0,,,-212052000.0,-29484000.0,,,-342468000.0,-22769000.0,,,-149347000.0,-190838000.0,,,-279671000.0,-32788000.0,,,-151395000.0,-37367000.0,,,-243010000.0,-40431000.0,,,-177411000.0,-26520000.0,,,-301502000.0,-105892000.0,,,-346670000.0,-28280000.0,,,-433154000.0,-23532000.0,,,-194024000.0,-21806000.0,,,-98398000.0,-25742000.0,,,-106643000.0,-23807000.0,,,-94018000.0,98856000.0,,
cash_flow_from_financing,-89055000.0,18240000.0,,,-156418000.0,3737000.0,,,-230044000.0,-15464000.0,,,-104715000.0,8218000.0,,,90401000.0,-61345000.0,,,-53534000.0,62917000.0,,,-60958000.0,65258000.0,,,-285663000.0,20218000.0,,,-346172000.0,145188000.0,,,-96831000.0,119207000.0,,,-17595000.0,213333000.0,,,172677000.0,43484000.0,,,-47086000.0,99089000.0,,,-131638000.0,117989000.0,,,-168568000.0,105814000.0,,,-107221000.0,101589000.0,,,-125330000.0,-16924000.0,,
dividends_paid,30478000.0,8193000.0,,,32986000.0,9602000.0,,,38764000.0,12137000.0,,,48257000.0,14369000.0,,,57426000.0,14720000.0,,,58953000.0,17162000.0,,,68498000.0,17609000.0,,,69896000.0,17914000.0,,,71545000.0,18382000.0,,,73542000.0,19043000.0,,,75752000.0,19252000.0,,,76658000.0,19261000.0,,,76938000.0,19307000.0,,,77205000.0,19468000.0,,,77298000.0,19382000.0,,,76964000.0,19184000.0,,,76101000.0,18985000.0,,
share_repurchase,35110000.0,,,,0.0,0.0,,,27958000.0,9377000.0,,,87072000.0,10609000.0,,,73721000.0,14592000.0,,,63393000.0,12173000.0,,,61981000.0,12723000.0,,,69977000.0,11289000.0,,,50326000.0,14016000.0,,,39688000.0,7994000.0,,,59994000.0,10000000.0,,,46589000.0,0.0,,,15765000.0,7367000.0,,,30000000.0,10000000.0,,,35000000.0,10000000.0,,,45050000.0,12500000.0,,,60421000.0,13500000.0,,
shares_outstanding_basic,58419.0,58169000.0,58238000.0,58519.0,58498000.0,59877.0,59995000.0,60384000.0,60160000.0,60670000.0,60516000.0,59993000.0,60184000.0,59487000.0,59853000.0,59621000.0,59447000.0,58443000.0,58535000.0,58734000.0,58635000.0,58948000.0,58962000.0,58517000.0,58733000.0,58675000.0,58163000.0,57678000.0,57998000.0,57438000.0,57538000.0,57224000.0,57337000.0,57016000.0,56875000.0,57035000.0,57043000.0,57430000.0,57379000.0,57158000.0,57192000.0,56536000.0,56326000.0,56073000.0,56209000.0,55912000.0,56005000.0,55984000.0,55930000.0,55869000.0,55806000.0,55701000.0,55759000.0,55736000.0,55622000.0,55514000.0,55558000.0,55270000.0,55102000.0,54812000.0,54945000.0,54377000.0,54191000.0,53952000.0,54054000.0,53377000.0,53089000.0,52245000.0
shares_outstanding_diluted,59610.0,59123000.0,59235000.0,59826.0,59679000.0,60905.0,61005000.0,61549000.0,61359000.0,61824000.0,61432000.0,60845000.0,61272000.0,60433000.0,60633000.0,60254000.0,60224000.0,59134000.0,59416000.0,59713000.0,59514000.0,59784000.0,59756000.0,59343000.0,59594000.0,59366000.0,58790000.0,58204000.0,58734000.0,58176000.0,57538000.0,58012000.0,58199000.0,57709000.0,57554000.0,57871000.0,57888000.0,58114000.0,57870000.0,57626000.0,57840000.0,56905000.0,56664000.0,56503000.0,56209000.0,56193000.0,56165000.0,56332000.0,56461000.0,56599000.0,56388000.0,56389000.0,56598000.0,55736000.0,56195000.0,55514000.0,56355000.0,55270000.0,55102000.0,54812000.0,54945000.0,54377000.0,54850000.0,53952000.0,54830000.0,53966000.0,53515000.0,52657000.0
total_debt,,867000000.0,853176000.0,637100000.0,649000000.0,687000000.0,657000000.0,631900000.0,454200000.0,475000000.0,510000000.0,483000000.0,475000000.0,514000000.0,,,,,647900000.0,634000000.0,700100000.0,788013000.0,799513000.0,688111000.0,750090000.0,850473000.0,889051000.0,964728000.0,605007000.0,653000000.0,883992000.0,865700000.0,,,,,,,,,478790000.0,730541000.0,794610000.0,797458000.0,775025000.0,846701000.0,837743000.0,960741000.0,821588000.0,964520000.0,1045005000.0,917670000.0,787027000.0,939111000.0,1003683000.0,945576000.0,748292000.0,895917000.0,942624000.0,906774000.0,774596000.0,918600000.0,961010000.0,887205000.0,799435000.0,828272000.0,871713000.0,807538000.0
current_stock_price,22.29,20.77,23.13,27.27,27.81,25.99,28.4,30.54,34.4,33.41,32.18,30.76,30.62,32.87,29.46,26.3,25.88,31.41,35.56,38.0,40.5,42.88,41.6,44.39,40.86,38.05,38.2,30.46,36.6,42.64,39.29,41.05,40.12,41.94,41.14,49.19,52.08,48.69,42.16,41.12,36.48,37.01,37.12,35.14,31.55,27.79,25.68,39.81,48.46,49.88,46.32,42.81,45.74,42.18,36.36,39.47,33.51,30.71,27.85,31.33,35.49,45.36,46.51,39.68,41.87,38.36,37.39,31.86
market_cap,1328603.6039543152,1227773071.2032318,1369838750.2670288,1631645.038936615,1659553096.5499878,1583198.226852417,1732324969.4252014,1879589473.1349945,2110798379.3563845,2065678504.3945312,1976999185.333252,1871568307.0850368,1876013008.758545,1986538690.906525,1786095121.8280792,1584954480.922699,1558552270.8740234,1857492545.9747317,2112541111.175537,2269259828.9489746,2410452535.6521606,2563345959.136963,2485999956.512451,2634015017.589569,2435095216.941833,2258720900.871277,2245790828.0181885,1772979490.5395508,2149504112.892151,2480605740.966797,2260891733.039856,2381138726.6845703,2334713147.819519,2420040643.0778503,2367908744.3008423,2846689201.4694214,3014839607.2998047,2829622011.650085,2439540243.7591558,2369426301.1245728,2109938966.6748047,2105961914.5393367,2103316174.346924,1985703122.455597,1773321969.0990448,1561556148.0445862,1442116891.078949,2242602998.99292,2736279421.1997986,2823349906.803131,2611823094.680786,2413970576.259613,2588619027.9922485,2350672773.803711,2043079812.6029968,2191368687.858581,1888400921.230316,1697393831.8824768,1534611320.3697205,1717017932.7697754,1949885797.405243,2466705246.6011047,2550959374.2370605,2140587544.189453,2295688745.3460693,2070225961.3494875,2001013803.1959531,1677453190.3305054
enterprise_value,-101499396.39604568,2026576071.203232,2161887750.267029,571258645.0389366,2155040096.549988,574703198.2268524,2277013969.4252014,2206048473.1349945,2363145379.3563843,2418945504.3945312,2404705185.333252,2070112307.0850368,2091183008.758545,2351238690.9065247,1693530121.8280792,1299096480.922699,1224412270.8740234,1667697545.9747314,2610779111.175537,2587274828.9489746,2624175535.6521606,3095501959.136963,3086600956.512451,3061911017.589569,2727744216.941833,2739780900.871277,2826606828.0181885,2201848490.539551,2390705112.892151,2947711740.966797,2877473733.039856,2764517726.6845703,2276197147.819519,2335927643.0778503,2295037744.3008423,2718472201.4694214,2845066607.2998047,2716514011.650085,2323937243.7591558,2236668301.1245728,2495838966.6748047,2732477914.539337,2790182174.346924,2665806122.455597,2345882969.099045,2306872148.044586,2193796891.078949,3112022998.99292,3464072421.1997986,3704887906.803131,3555930094.680786,3222196576.259613,3275249027.9922485,3185288773.803711,2928339812.602997,3010495687.858581,2529978921.230316,2518166831.882477,2394017320.3697205,2530691932.7697754,2641232797.405243,3302760246.6011047,3436433374.2370605,2923282544.189453,3009241745.3460693,2816647961.349488,2805322803.1959534,2389876190.3305054
beta_3y,0.736,0.7469,0.74,0.7329,0.7314,0.7205,0.7446,0.7539,0.7592,0.7745,0.8472,0.704,0.6962,0.6764,0.6871,0.6667,0.6688,0.678,0.6346,0.613,0.6178,0.592,0.4581,0.3979,0.3984,0.3648,0.4258,0.523,0.5582,0.5877,0.6021,0.6295,0.6176,0.6151,0.6035,0.603,0.54,0.5673,0.5435,0.4607,0.4582,0.4697,0.4697,0.4735,0.5742,0.6037,0.5608,0.566,0.5845,0.5747,0.5753,0.5675,0.5347,0.4684,0.4096,0.3933,0.2431,0.1468,0.1545,0.1315,0.1251,0.1241,0.1332,0.1577,0.0792,0.0792,0.1355,0.1567
risk_free_rate,0.0312400007247924,0.0350099992752075,0.0339199995994567,0.0360899996757507,0.0366300010681152,0.0290700006484985,0.026119999885559,0.0337800002098083,0.0329600000381469,0.028050000667572,0.0217499995231628,0.0179900002479553,0.0191499996185302,0.0149199998378753,0.0168599998950958,0.0198500001430511,0.0167499995231628,0.0259299993515014,0.0254200005531311,0.0266799998283386,0.0264800000190734,0.0255599999427795,0.0233500003814697,0.0167499995231628,0.0204600000381469,0.0220499992370605,0.0215100002288818,0.0193099999427795,0.0181900000572204,0.0145799994468688,0.0183399999141693,0.0245099997520446,0.0228200006484985,0.0229200005531311,0.0237599992752075,0.0272000002861022,0.0293600010871887,0.0296399998664855,0.0315899991989135,0.0263499999046325,0.025090000629425,0.0202099990844726,0.0169099998474121,0.0151999998092651,0.0062199997901916,0.0053600001335144,0.0086000001430511,0.0109300005435943,0.0163100004196167,0.012389999628067,0.0155700004100799,0.0178199994564056,0.0288700008392333,0.0264199995994567,0.0407700014114379,0.0352900004386901,0.0345199990272521,0.0395900011062622,0.04875,0.0396700000762939,0.0468599987030029,0.0410900020599365,0.0428399991989135,0.0456899976730346,0.0417700004577636,0.043600001335144,0.0410099983215332,0.0424100017547607
wacc,,0.0551,0.0552,0.0255,0.0653,0.0225,0.0539,0.0623,0.0665,0.062,0.0575,0.0481,0.0489,0.0443,,,,,0.0508,0.0515,0.0517,0.0489,0.0409,0.0334,0.0366,0.0353,0.0369,0.0376,0.0432,0.0395,0.0403,0.0497,,,,,,,,,0.0459,0.0389,0.0347,0.0329,0.034,0.0262,0.0281,0.0321,0.0416,0.0348,0.0372,0.0395,0.0495,0.0432,0.0531,0.0482,0.0436,0.042,0.0501,0.0415,0.0527,0.0448,0.0495,0.05,0.0437,0.0453,0.0469,0.0469
ebitda,253612000.0,65388000.0,84307000.0,76822000.0,365471000.0,74096000.0,86412000.0,78500000.0,380654000.0,72348000.0,81016000.0,87375000.0,418510000.0,52028000.0,72478000.0,94758000.0,348943000.0,50049000.0,61173000.0,84545000.0,354770000.0,64586000.0,89103000.0,67147000.0,391664000.0,61400000.0,72938000.0,51798000.0,343962000.0,60925000.0,59953000.0,63695000.0,368031000.0,31140000.0,91983000.0,77563000.0,385450000.0,76271000.0,97152000.0,90133000.0,385144000.0,46719000.0,106038000.0,92181000.0,120840000.0,79546000.0,118335000.0,83643000.0,385700000.0,95534000.0,128443000.0,99352000.0,434446000.0,41314000.0,109860000.0,-14614000.0,269143000.0,27373000.0,86419000.0,-937000.0,229250000.0,66226000.0,100851000.0,88305000.0,368535000.0,67409000.0,108925000.0,98350000.0
free_cash_flow,210000000.0,-18478000.0,,,266896000.0,-26612000.0,,,321226000.0,-47830000.0,,,312271000.0,-94155000.0,,,278333000.0,-70471000.0,,,290660000.0,-116191000.0,,,286001000.0,-146365000.0,,,263558000.0,-157490000.0,,,209845000.0,-109677000.0,,,268097000.0,-163293000.0,,,173664000.0,-118370000.0,,,199842000.0,-139747000.0,,,282516000.0,-102684000.0,,,250257000.0,-107862000.0,,,195916000.0,-102421000.0,,,131558000.0,-103214000.0,,,141118000.0,-97010000.0,,
