Financials,2010-02-28,2011-02-28,2011-05-31,2011-08-31,2011-11-30,2012-02-29,2012-05-31,2012-08-31,2012-11-30,2013-02-28,2013-05-31,2013-08-31,2013-11-30,2014-02-28,2014-05-31,2014-08-31,2014-11-30,2015-02-28,2015-05-31,2015-08-31,2015-11-30,2016-02-29,2016-05-31,2016-08-31,2016-11-30,2017-02-28,2017-05-31,2017-08-31,2017-11-30,2018-02-28,2018-05-31,2018-08-31,2018-11-30,2019-02-28,2019-05-31,2019-08-31,2019-11-30,2020-02-29,2020-05-31,2020-08-31,2020-11-30,2021-02-28,2021-05-31,2021-08-31,2021-11-30,2022-02-28,2022-05-31,2022-08-31,2022-11-30,2023-02-28,2023-05-31,2023-08-31,2023-11-30,2024-02-29,2024-05-31,2024-08-31,2024-11-30,2025-02-28,2025-05-31,2025-08-31,2025-11-30,2026-02-28
revenue,357030075.0,380649407.0,114333000.0,114661000.0,116493000.0,469112410.0,127143000.0,153385000.0,149675000.0,570594000.0,183175000.0,189782000.0,197755000.0,751723000.0,216126000.0,193416000.0,224833000.0,819692000.0,240440000.0,199670000.0,241596000.0,889400000.0,250366000.0,200790000.0,228116000.0,863538000.0,205283000.0,196329000.0,208158000.0,810430000.0,262236000.0,222787000.0,239516000.0,927087000.0,289123000.0,236190000.0,291139000.0,1061817000.0,213293000.0,203372000.0,226623000.0,480574000.0,229826000.0,131434000.0,135083000.0,525598000.0,207134000.0,406710000.0,373301000.0,1323649000.0,390873000.0,398542000.0,381605000.0,1537589000.0,413208000.0,409007000.0,403654000.0,1577744000.0,421962000.0,417275000.0,425746000.0,1650080000.0
cost_of_goods_sold,247383972.0,273006712.0,83264145.0,84281092.0,85685729.0,344525516.0,89277551.0,110073078.0,104671793.0,406421000.0,132459556.0,133877304.0,144394673.0,546018000.0,160738000.0,151316000.0,164058000.0,612919000.0,169584000.0,160741000.0,179999000.0,661282000.0,185238000.0,158686000.0,176819000.0,658206000.0,157901000.0,152529000.0,177041000.0,650121000.0,203531000.0,175883000.0,189761000.0,728466000.0,223016000.0,183504000.0,223808000.0,824589000.0,171085000.0,157278000.0,171948000.0,357675000.0,171899000.0,94991000.0,97510000.0,379445000.0,147081000.0,305155000.0,300219000.0,1027706000.0,293854000.0,301296000.0,293456000.0,1174128000.0,310538000.0,305493000.0,305876000.0,1195064000.0,317832000.0,315983000.0,323805000.0,1255125000.0
gross_profit,109646103.0,107642695.0,31069000.0,30380000.0,30807000.0,32331000.0,37866000.0,43312000.0,45003000.0,164173000.0,50715000.0,55905000.0,53361000.0,205705000.0,55389000.0,42100000.0,60775000.0,206773000.0,63704000.0,49702000.0,61288000.0,228118000.0,65128000.0,42104000.0,51297000.0,205332000.0,47382000.0,43800000.0,31117000.0,160309000.0,58705000.0,46904000.0,49755000.0,198621000.0,66107000.0,52686000.0,67331000.0,237228000.0,42208000.0,46094000.0,54675000.0,122899000.0,57927000.0,36443000.0,37573000.0,146153000.0,60053000.0,101555000.0,73082000.0,295943000.0,97019000.0,97246000.0,88149000.0,363461000.0,102670000.0,103514000.0,97778000.0,382680000.0,104130000.0,101292000.0,101941000.0,394955000.0
research_and_development,253229799.0,279046272.0,86318264.0,87299671.0,89005037.0,356606619.0,86696945.0,113023847.0,107609345.0,410036405.0,133085865.0,137786579.0,141730335.0,552221144.0,1000.0,0.0,0.0,0.0,4400000.0,-3803000.0,-1160000.0,0.0,0.0,0.0,0.0,0.0,0.0,0.0,0.0,0.0,0.0,0.0,0.0,0.0,0.0,0.0,0.0,18632000.0,0.0,18693000.0,1576000.0,16105000.0,0.0,0.0,0.0,0.0,0.0,0.0,0.0,0.0,0.0,0.0,0.0,0.0,0.0,0.0,0.0,0.0,0.0,0.0,0.0,0.0
selling_general_and_admin,43417024.0,46645119.0,13049354.0,11740423.0,11320064.0,48864886.0,15356217.0,15768242.0,17894549.0,66189000.0,26686938.0,26178490.0,28112999.0,105591000.0,27541000.0,19144000.0,27847000.0,98871000.0,26419000.0,27086000.0,26040000.0,107823000.0,28819000.0,26997000.0,25082000.0,106424000.0,27359000.0,26413000.0,29563000.0,112061000.0,35009000.0,29799000.0,26986000.0,121665000.0,35133000.0,30479000.0,33903000.0,139253000.0,27890000.0,26749000.0,25228000.0,59317000.0,27215000.0,16481000.0,16283000.0,66934000.0,32144000.0,37414000.0,27689000.0,122305000.0,31523000.0,36239000.0,35325000.0,141861000.0,32921000.0,35868000.0,39243000.0,146316000.0,34581000.0,32831000.0,32462000.0,130338000.0
operating_expenses,296646823.0,325691391.0,99367618.0,99040094.0,100325101.0,405471505.0,102053162.0,128792089.0,125503894.0,476225405.0,159772803.0,163965069.0,169843334.0,657812144.0,27542000.0,19144000.0,27847000.0,98871000.0,30819000.0,23283000.0,24880000.0,107823000.0,28819000.0,26997000.0,25082000.0,106424000.0,27359000.0,26413000.0,29563000.0,112061000.0,35009000.0,29799000.0,26986000.0,121665000.0,35133000.0,30479000.0,33903000.0,157885000.0,27890000.0,45442000.0,26804000.0,75422000.0,27215000.0,16481000.0,16283000.0,66934000.0,32144000.0,37414000.0,27689000.0,122305000.0,31523000.0,36239000.0,35325000.0,141861000.0,32921000.0,35868000.0,39243000.0,146316000.0,34581000.0,32831000.0,32462000.0,130338000.0
operating_income_ebit,-187000720.0,84037000.0,-68298618.0,23836000.0,24274000.0,98736000.0,29471000.0,32888000.0,33401000.0,97984000.0,24028125.0,29726435.0,25247660.0,100114000.0,27847000.0,22956000.0,32928000.0,107902000.0,32885000.0,26419000.0,36408000.0,120295000.0,36309000.0,15107000.0,26215000.0,98908000.0,20023000.0,17387000.0,1554000.0,48248000.0,23696000.0,17105000.0,22769000.0,76956000.0,30974000.0,22207000.0,33428000.0,79343000.0,14318000.0,652000.0,27871000.0,47477000.0,30712000.0,19962000.0,21290000.0,79219000.0,27909000.0,64141000.0,45393000.0,173638000.0,65496000.0,61007000.0,52824000.0,221600000.0,69749000.0,67646000.0,58535000.0,236364000.0,69549000.0,68461000.0,69479000.0,264617000.0
depreciation_and_amortization_expense,15603004.0,22166000.0,5800067.0,,,9999000.0,5814927.0,,,29363000.0,10065220.0,,,43305000.0,11538000.0,,,46089000.0,11063000.0,,,47417000.0,12634000.0,,,50357000.0,12423000.0,,,50526000.0,13071000.0,,,50245000.0,12326000.0,,,50194000.0,11668000.0,,,32094000.0,11084000.0,,,32081000.0,15119000.0,,300000.0,74590000.0,,,,79423000.0,20323000.0,20429000.0,20633000.0,82205000.0,21827000.0,22372000.0,22777000.0,90056000.0
interest_income,,,,,,,,,,,,,,,,,,,,,,,,,,,,,,,,,,,,,,,,,,,,,,,,,,,,,,,,,,,,,,
interest_expense,6838028.0,7730556.0,3470539.0,3463639.0,3518978.0,13939149.0,3340166.0,3227906.0,3234340.0,13073000.0,4477687.0,4651412.0,4614787.0,18407000.0,4209000.0,4224000.0,4099000.0,16561000.0,3847000.0,4023000.0,3743000.0,15155000.0,3925000.0,3580000.0,3654000.0,14732000.0,3360000.0,3400000.0,3507000.0,13860000.0,3838000.0,3980000.0,3723000.0,14971000.0,3584000.0,3548000.0,3301000.0,13463000.0,2634000.0,2470000.0,2272000.0,9461000.0,1697000.0,1731000.0,1627000.0,6363000.0,7472000.0,28144000.0,26123000.0,88800000.0,28706000.0,27770000.0,25855000.0,107065000.0,22774000.0,21909000.0,19223000.0,81282000.0,18563000.0,13665000.0,12206000.0,55650000.0
tax_expense,22655328.0,19995375.0,5500112.0,6015155.0,6146684.0,22905109.0,9103762.0,8720265.0,8807042.0,33913000.0,8855033.0,9454391.0,9466843.0,34314000.0,8771000.0,4943000.0,8713000.0,25591000.0,9231000.0,4631000.0,9161000.0,26831000.0,10427000.0,1244000.0,6731000.0,24033000.0,4786000.0,3941000.0,-1802000.0,-14270000.0,4431000.0,2738000.0,3342000.0,11797000.0,5682000.0,2415000.0,8835000.0,16656000.0,4687000.0,-120000.0,6620000.0,11248000.0,7647000.0,3918000.0,6647000.0,23214000.0,5111000.0,10822000.0,2447000.0,22336000.0,9650000.0,5967000.0,8780000.0,28496000.0,11401000.0,12213000.0,12114000.0,41850000.0,54928000.0,24983000.0,14485000.0,103055000.0
net_income,37727924.0,34962641.0,9465000.0,9606000.0,10021000.0,40735796.0,15986000.0,15873000.0,15364000.0,60456000.0,14547000.0,16363000.0,18445000.0,59597000.0,14925000.0,13769000.0,19965000.0,65616000.0,22674000.0,14866000.0,22822000.0,75544000.0,22189000.0,10159000.0,16646000.0,61264000.0,12062000.0,9786000.0,-166000.0,45169000.0,15718000.0,11244000.0,15395000.0,51208000.0,21284000.0,15558000.0,22035000.0,48234000.0,5541000.0,-1790000.0,19703000.0,39614000.0,22337000.0,18978000.0,21085000.0,84022000.0,24077000.0,-57570000.0,-20542000.0,-52974000.0,28522000.0,28332000.0,26890000.0,101607000.0,39602000.0,35419000.0,33603000.0,128833000.0,170908000.0,89346000.0,41075000.0,317260000.0
basic_eps,3.07,1.4,0.38,0.38,0.4,1.62,0.63,0.63,0.61,2.39,0.57,0.64,0.72,2.34,0.58,0.54,0.78,2.56,0.88,0.58,0.88,2.93,0.86,0.39,0.64,2.36,0.46,0.38,-0.01,1.74,0.6,0.43,0.59,1.97,0.81,0.59,0.84,1.84,0.21,-0.07,0.76,1.53,0.89,0.76,0.85,3.38,0.97,-2.36,-0.97,-2.47,1.0,0.99,0.93,3.48,-1.38,1.19,1.12,1.8,5.71,2.97,1.37,10.59
diluted_eps,3.02,1.39,0.38,0.38,0.4,1.61,0.63,0.62,0.6,2.37,0.57,0.64,0.72,2.32,0.58,0.53,0.77,2.55,0.88,0.57,0.88,2.91,0.85,0.39,0.64,2.35,0.46,0.38,-0.01,1.73,0.6,0.43,0.59,1.96,0.81,0.59,0.84,1.84,0.21,-0.07,0.76,1.52,0.88,0.76,0.85,3.35,0.96,-1.91,-0.97,-2.45,0.98,0.97,0.92,3.46,-1.38,1.18,1.12,1.79,5.66,2.95,1.36,10.5
cash_and_cash_equivalents,110607029.0,138389837.0,140400271.0,149099907.0,160098553.0,143303000.0,139317814.0,68716426.0,49505820.0,55598000.0,41635118.0,41983858.0,50947249.0,27565000.0,25648000.0,41627000.0,43951000.0,22527000.0,45764000.0,20226000.0,17598000.0,40191000.0,12075000.0,13479000.0,13479000.0,11302000.0,6337000.0,3549000.0,10651000.0,20853000.0,13938000.0,9204000.0,17413000.0,24005000.0,13586000.0,13583000.0,14289000.0,36687000.0,26414000.0,14028000.0,19195000.0,11837000.0,12403000.0,12487000.0,940000.0,12082000.0,97998000.0,11340000.0,3290000.0,2820000.0,3878000.0,2108000.0,7509000.0,4349000.0,10546000.0,2152000.0,1484000.0,1488000.0,3043000.0,897000.0,623000.0,705000.0
marketable_securities,,,,,,,,,,,,,,,,,,,,,,,,,,,,,,,,,,,,,,,,,,,,,,,,,,,,,,,,,,,,,,
accounts_receivable,,61945377.0,,64521060.0,65454139.0,74647303.0,80053625.0,91966192.0,94398244.0,97857193.0,128752259.0,131855452.0,129340830.0,116128000.0,131226689.0,113353807.0,130699962.0,125638000.0,130040000.0,133091000.0,131866000.0,131416000.0,154789000.0,137017000.0,167039000.0,138470000.0,152545000.0,138544000.0,148260000.0,141488000.0,169239000.0,152468000.0,159395000.0,144887000.0,159234000.0,154460000.0,174647000.0,139214000.0,130047000.0,114295000.0,127501000.0,128765000.0,134531000.0,133430000.0,144764000.0,85106000.0,255749000.0,193647000.0,173341000.0,156443000.0,170460000.0,183951000.0,142463000.0,142200000.0,144391000.0,153108000.0,139843000.0,135149000.0,153496000.0,142032000.0,148318000.0,142648000.0
inventory,,59552392.0,,2782475.0,2367061.0,60281130.0,2287831.0,2654079.0,3096738.0,82330926.0,3030346.0,2331360.0,2813281.0,107581000.0,2912068.0,2760626.0,3814865.0,107697000.0,4485000.0,6055000.0,5782000.0,77131000.0,7442000.0,7497000.0,496000.0,94007000.0,101026000.0,108453000.0,11655000.0,110761000.0,8010000.0,8565000.0,12688000.0,124847000.0,4150000.0,3761000.0,3734000.0,5461000.0,5746000.0,2045000.0,1683000.0,1546000.0,1453000.0,1328000.0,1041000.0,1135000.0,3649000.0,2887000.0,2583000.0,143920000.0,4120000.0,4061000.0,126737000.0,117656000.0,113988000.0,115249000.0,114701000.0,112313000.0,110759000.0,108470000.0,107477000.0,113413000.0
prepaid_expenses,,1248270.0,,3371514.0,2397618.0,2811858.0,4888161.0,5783941.0,4780366.0,6152476.0,10261734.0,9815546.0,7345904.0,9884000.0,12597611.0,8951962.0,6579823.0,4570000.0,9421000.0,8209000.0,5280000.0,3105000.0,7974000.0,6182000.0,4666000.0,2762000.0,8380000.0,6824000.0,5495000.0,4265000.0,10202000.0,6657000.0,5171000.0,9245000.0,10359000.0,10925000.0,7474000.0,8727000.0,9541000.0,7117000.0,6366000.0,6029000.0,11211000.0,8569000.0,5153000.0,1583000.0,18136000.0,13044000.0,9997000.0,7991000.0,10485000.0,10534000.0,9295000.0,7814000.0,16752000.0,13860000.0,10720000.0,7055000.0,16635000.0,12631000.0,9011000.0,6827000.0
total_current_assets,,284019135.0,,302110568.0,313019256.0,302735899.0,309965442.0,261724528.0,252131631.0,262431939.0,317431256.0,318683134.0,324428829.0,296181000.0,329929391.0,315881483.0,335233236.0,298634000.0,357934000.0,310623000.0,320285000.0,315525000.0,316633000.0,308413000.0,337284000.0,297052000.0,325486000.0,323188000.0,335143000.0,329154000.0,375370000.0,352443000.0,367374000.0,378545000.0,396945000.0,380041000.0,414621000.0,354562000.0,335029000.0,310933000.0,324710000.0,305055000.0,334908000.0,329039000.0,349535000.0,386533000.0,720396000.0,658440000.0,406634000.0,417416000.0,408489000.0,409869000.0,392728000.0,366999000.0,396342000.0,401156000.0,394405000.0,375444000.0,407945000.0,389459000.0,400763000.0,395368000.0
property_plant_equipment,,125361635.0,,125999479.0,127090526.0,135826703.0,131585146.0,137967157.0,152005729.0,154476000.0,187766434.0,193265390.0,198103382.0,197639000.0,197416406.0,196170466.0,196157668.0,196583000.0,226333000.0,223573000.0,225428000.0,226333000.0,230165000.0,224001000.0,224092000.0,228610000.0,230127000.0,230314000.0,219173000.0,216855000.0,214341000.0,209404000.0,207090000.0,210227000.0,206305000.0,214098000.0,211691000.0,213104000.0,214965000.0,200420000.0,201178000.0,207089000.0,207689000.0,202220000.0,199886000.0,193358000.0,491722000.0,496125000.0,491367000.0,498503000.0,504032000.0,516499000.0,525338000.0,541652000.0,555355000.0,569732000.0,580178000.0,592941000.0,597892000.0,603260000.0,604091000.0,609305000.0
operating_lease_rou_assets,,,,,,,,,,,,,,,,,,,,,,,,,,,,,,0.0,4046000.0,120000.0,528000.0,45870000.0,2506000.0,643000.0,4385000.0,43208000.0,41767000.0,40049000.0,38474000.0,37801000.0,48698000.0,46828000.0,45050000.0,13954000.0,111000.0,2775000.0,2396000.0,25076000.0,1509000.0,373000.0,60000.0,19808000.0,217000.0,410000.0,5345000.0,19471000.0,17596000.0,17941000.0,17365000.0,46261000.0
goodwill,,113463000.0,,113406239.0,112902427.0,121383863.0,120431145.0,153412564.0,166607181.0,171886000.0,281428273.0,281874766.0,281711232.0,278556000.0,279735091.0,282563853.0,281230194.0,279074000.0,279095000.0,287789000.0,287762000.0,292527000.0,306072000.0,306031000.0,305411000.0,306579000.0,306031000.0,310032000.0,317364000.0,321307000.0,323965000.0,324080000.0,323541000.0,323756000.0,360059000.0,353516000.0,361326000.0,356225000.0,355808000.0,351755000.0,351830000.0,353881000.0,354839000.0,353637000.0,353434000.0,190391000.0,918877000.0,736218000.0,710246000.0,702512000.0,705501000.0,705531000.0,705487000.0,705468000.0,705204000.0,705724000.0,704569000.0,703863000.0,704873000.0,715864000.0,713998000.0,714753000.0
intangible_assets,,43680635.0,,41729830.0,40653502.0,46828100.0,45264875.0,93679208.0,103719991.0,105410385.0,195569667.0,189992725.0,184932018.0,180877000.0,176458606.0,175171983.0,168718259.0,162623000.0,158301000.0,162062000.0,157477000.0,153816000.0,157738000.0,153289000.0,150888000.0,146113000.0,142888000.0,145833000.0,157577000.0,160893000.0,156508000.0,152097000.0,134374000.0,130172000.0,125387000.0,126753000.0,136197000.0,106732000.0,103204000.0,96795000.0,93677000.0,91432000.0,93105000.0,87349000.0,84022000.0,39115000.0,594171000.0,3622000.0,3438000.0,469392000.0,468805000.0,467034000.0,451289000.0,445435000.0,439558000.0,433929000.0,427812000.0,421850000.0,413207000.0,419922000.0,415288000.0,409738000.0
total_assets,,566524841.0,,583246116.0,593665711.0,606774565.0,607246608.0,646783457.0,674464532.0,694205000.0,982196000.0,989175461.0,989175461.0,953253000.0,983539000.0,969788000.0,981339000.0,925315000.0,989365000.0,982399164.0,990952000.0,988201000.0,1010608000.0,991734000.0,1017675000.0,978354000.0,1004740000.0,1009582000.0,1029257000.0,1028209000.0,1070184000.0,1038024000.0,1032379000.0,1088570000.0,1135679000.0,1120117000.0,1172568000.0,1073831000.0,1050773000.0,999952000.0,1009869000.0,999227000.0,1039239000.0,1023238000.0,1037576000.0,1133027000.0,2782292000.0,2584747000.0,2199474000.0,2221479000.0,2205977000.0,2214561000.0,2208756000.0,2195505000.0,2235779000.0,2240330000.0,2244550000.0,2227101000.0,2159185000.0,2225983000.0,2230907000.0,2213474000.0
accounts_payable,,21713896.0,,25154000.0,24292558.0,24401194.0,25910523.0,27936086.0,30576637.0,28921539.0,43045426.0,42890094.0,40912686.0,38833000.0,52986174.0,49733186.0,58873096.0,49580000.0,52173000.0,51774000.0,64726000.0,46748000.0,56332000.0,50300000.0,55910000.0,49816000.0,47484000.0,43698000.0,45668000.0,54162000.0,59232000.0,43247000.0,45072000.0,53047000.0,60436000.0,65746000.0,71842000.0,61987000.0,45895000.0,46443000.0,53715000.0,41542000.0,48831000.0,43877000.0,42457000.0,24840000.0,185645000.0,158085000.0,108935000.0,84256000.0,107398000.0,127408000.0,95158000.0,88001000.0,116829000.0,108699000.0,97798000.0,106471000.0,107196000.0,114488000.0,117183000.0,114590000.0
accrued_liabilities,,7038999.0,,5688609.0,6348495.0,7988594.0,5185736.0,6511325.0,8912650.0,11013779.0,9141518.0,10504398.0,14169463.0,17760000.0,11697417.0,10306151.0,15247795.0,17046000.0,17976000.0,21725000.0,26118000.0,30473000.0,16845000.0,18030000.0,21842000.0,23429000.0,14811000.0,14188000.0,14982000.0,19011000.0,18609000.0,18725000.0,22606000.0,30395000.0,17895000.0,23401000.0,31965000.0,38882000.0,12376000.0,18597000.0,21883000.0,22606000.0,16614000.0,20296000.0,23791000.0,17123000.0,27261000.0,27294000.0,35821000.0,26262000.0,17544000.0,21307000.0,25868000.0,30823000.0,18806000.0,24947000.0,34286000.0,37742000.0,20458000.0,24610000.0,31658000.0,33847000.0
deferred_revenue_current,,,,,,,,,,,,,,,,,,,,,,,,,,,,,,22698000.0,21838000.0,32744000.0,32744000.0,56928000.0,22319000.0,23658000.0,26867000.0,18418000.0,17365000.0,13756000.0,11521000.0,16138000.0,17098000.0,13729000.0,14733000.0,0.0,39682000.0,1553000.0,1022000.0,1300000.0,1000000.0,1100000.0,1000000.0,1000000.0,700000.0,700000.0,700000.0,500000.0,1000000.0,700000.0,700000.0,600000.0
short_term_debt,,,,14285714.0,14285714.0,14285714.0,14285714.0,14285714.0,14285714.0,14285714.0,18035714.0,18035714.0,19910714.0,20848000.0,21785714.0,22678760.0,22762810.0,23192000.0,22270000.0,22724000.0,22723000.0,16629000.0,23661000.0,21317000.0,18973000.0,16629000.0,14286000.0,14286000.0,14286000.0,14286000.0,0.0,0.0,0.0,0.0,,,,125000000.0,,125000000.0,0.0,0.0,0.0,,,0.0,13000000.0,13000000.0,13000000.0,0.0,,,0.0,,,,,,,,,
operating_lease_liabilities_current,,,,,,,,,,,,,,,,,,,,,,,,,,,,,,0.0,,,,5657000.0,5951000.0,5901000.0,6701000.0,6327000.0,6338000.0,6254000.0,6261000.0,6552000.0,7174000.0,7167000.0,7277000.0,3131000.0,8786000.0,5186000.0,5199000.0,6119000.0,6273000.0,6145000.0,5999000.0,5893000.0,5729000.0,5579000.0,6377000.0,6373000.0,6089000.0,6425000.0,6377000.0,5413000.0
total_current_liabilities,,58186230.0,,74183314.0,74875886.0,77978577.0,78671583.0,94149605.0,109492825.0,118899208.0,149481860.0,139003893.0,146552455.0,144016000.0,158005773.0,156291196.0,167999992.0,149142000.0,161639000.0,152798000.0,176110000.0,149549000.0,154586000.0,149255000.0,156540000.0,136770000.0,126730000.0,118412000.0,136166000.0,131739000.0,126900000.0,112267000.0,127815000.0,164771000.0,138766000.0,149248000.0,182373000.0,280613000.0,239617000.0,240836000.0,123455000.0,116633000.0,131194000.0,118991000.0,118657000.0,150531000.0,334413000.0,350260000.0,220755000.0,187240000.0,180107000.0,206317000.0,200000000.0,194306000.0,223865000.0,217130000.0,222292000.0,220992000.0,270097000.0,224949000.0,242019000.0,232274000.0
long_term_debt,,225000000.0,,210714286.0,210714286.0,210714286.0,196428571.0,196428571.0,196428571.0,196428571.0,435392857.0,434455357.0,416642857.0,384768000.0,378607143.0,371732143.0,355857143.0,302429000.0,344821000.0,337478000.0,299134000.0,254800000.0,300932000.0,280058000.0,292181000.0,254800000.0,285478000.0,287522000.0,292566000.0,286609000.0,322146000.0,295679000.0,272712000.0,240745000.0,296779000.0,255812000.0,254845000.0,77878000.0,93911000.0,46945000.0,181978000.0,178419000.0,185435000.0,182451000.0,191468000.0,226484000.0,1594777000.0,1238170000.0,1010648000.0,1058120000.0,1040841000.0,1002364000.0,980004000.0,952742000.0,929800000.0,912572000.0,879548000.0,852365000.0,569807000.0,566864000.0,534746000.0,477738000.0
operating_lease_liabilities_noncurrent,,,,,,,,,,,,,,,,,,,,,,,,,,,,,,0.0,,,,41190000.0,42042000.0,40990000.0,43231000.0,38114000.0,38290000.0,34893000.0,33323000.0,32405000.0,40702000.0,38978000.0,37395000.0,10798000.0,41978000.0,20185000.0,18971000.0,19659000.0,19455000.0,17093000.0,15732000.0,14606000.0,13429000.0,12284000.0,15202000.0,13741000.0,12122000.0,12107000.0,11555000.0,41489000.0
deferred_tax_liabilities,,27320738.0,,27542048.0,30170642.0,30472937.0,31812214.0,31864845.0,32426015.0,36403283.0,42082682.0,43042992.0,42446611.0,39435000.0,45864821.0,38797797.0,42000379.0,51738000.0,47443000.0,46162000.0,47138000.0,51853000.0,52200000.0,51566000.0,49650000.0,53648000.0,53823000.0,54559000.0,56021000.0,32962000.0,33558000.0,33394000.0,34410000.0,36623000.0,37236000.0,34126000.0,35298000.0,62524000.0,35695000.0,,,62345000.0,,,,69296000.0,,,,83079000.0,,,,84515000.0,,,,84865000.0,,,,120401000.0
total_liabilities,,310506968.0,,312439648.0,315760814.0,319165800.0,306912368.0,330980689.0,347095892.0,360270340.0,635867455.0,630849843.0,614678941.0,577340000.0,591597966.0,566821351.0,565857157.0,516862000.0,553903000.0,536438000.0,522382000.0,503831000.0,507718000.0,480879000.0,498371000.0,445218000.0,466031000.0,460493000.0,485481000.0,463006000.0,493784000.0,452099000.0,436501000.0,484842000.0,516422000.0,485511000.0,519325000.0,439465000.0,415117000.0,368411000.0,385791000.0,375935000.0,401828000.0,384812000.0,389532000.0,465662000.0,2094733000.0,1725126000.0,1346961000.0,1368019000.0,1334604000.0,1316484000.0,1287606000.0,1261014000.0,1268547000.0,1240574000.0,1214962000.0,1181606000.0,944887000.0,922952000.0,911659000.0,876443000.0
retained_earnings,,218889963.0,,231686446.0,238561936.0,247059938.0,259889619.0,272599929.0,284412072.0,294092945.0,305073463.0,317868225.0,332738023.0,339400000.0,350735426.0,360912825.0,377020915.0,389446000.0,405505000.0,418882000.0,438554000.0,453908000.0,467929000.0,474053000.0,487875000.0,498527000.0,506166000.0,511530000.0,506943000.0,526018000.0,537318000.0,544136000.0,555096000.0,547670000.0,577068000.0,588172000.0,605746000.0,572414000.0,573530000.0,561094000.0,552443000.0,547289000.0,559173000.0,559207000.0,568641000.0,584154000.0,604039000.0,541203000.0,512815000.0,506042000.0,526729000.0,547208000.0,566235000.0,576231000.0,535168000.0,565511000.0,594034000.0,609158000.0,774981000.0,858315000.0,873589000.0,883544000.0
treasury_stock,,542335.0,,239935.0,174278.0,174278.0,,,0.0,0.0,,,,,,,,,,,,0.0,,,5282000.0,,,,,,,,,,,,,,,,,,,,,,,,,,,,,,,,,,,,,
accumulated_other_comprehensive_income,,920063.0,,835553.0,329942.0,1303974.0,-669116.0,1306636.0,283912.0,-3189350.0,-3749391.0,-5482306.0,-5535676.0,-11018000.0,-8025150.0,-8665545.0,-14013150.0,-22832000.0,-23209000.0,-28019000.0,-29525000.0,-30560000.0,-28095000.0,-27904000.0,-30836000.0,-29094000.0,-30105000.0,-24793000.0,-26259000.0,-25220000.0,-27490000.0,-27048000.0,-29249000.0,-28752000.0,-30726000.0,-29998000.0,-30227000.0,-30899000.0,-31952000.0,-27426000.0,-27185000.0,-25084000.0,-22433000.0,-25529000.0,-27037000.0,-27324000.0,-26700000.0,-30070000.0,-10851000.0,-4573000.0,-7540000.0,-5814000.0,-3957000.0,-3894000.0,-3059000.0,-6895000.0,-9382000.0,-11580000.0,-9089000.0,-9674000.0,-10997000.0,-7548000.0
total_equity,227866038.0,256017873.0,,270806468.0,277904897.0,287609000.0,300334240.0,315802768.0,327368640.0,333933000.0,346328545.0,358325618.0,374496520.0,379640000.0,391941034.0,402966649.0,415481843.0,424452000.0,437257000.0,447609000.0,468570000.0,484370000.0,502890000.0,510855000.0,519304000.0,533136000.0,538709000.0,549089000.0,543776000.0,565203000.0,577116000.0,586641000.0,596594000.0,603728000.0,619257000.0,634606000.0,653243000.0,634366000.0,635656000.0,631541000.0,624078000.0,623292000.0,637411000.0,638426000.0,648044000.0,667365000.0,687559000.0,859621000.0,852513000.0,619738000.0,637651000.0,664355000.0,687428000.0,700769000.0,967232000.0,999756000.0,1029588000.0,1045495000.0,1214298000.0,1303031000.0,1319248000.0,1337031000.0
cash_flow_from_operations,82587786.0,42085355.0,9669834.0,,,64064828.0,16224478.0,,,92738000.0,39878540.0,,,107275000.0,12094000.0,,,118157000.0,4722000.0,,,143589000.0,9868000.0,,,111176000.0,-15804000.0,,,76810000.0,-12366000.0,,,110475000.0,-17896000.0,,,142310000.0,-11184000.0,,,109108000.0,11060000.0,,,60598000.0,21675000.0,,,91430000.0,46893000.0,,,244468000.0,71944000.0,,,249909000.0,314782000.0,,,525446000.0
stock_based_compensation,2306330.0,3146002.0,1565051.0,,,2927917.0,1603004.0,,,3175000.0,1607220.0,,,3703000.0,1139000.0,,,4080000.0,771000.0,,,4538000.0,1112000.0,,,5870000.0,1194000.0,,,6121000.0,1358000.0,,,4659000.0,1350000.0,,,6290000.0,1766000.0,,,7330000.0,1811000.0,,,9449000.0,1998000.0,,,8382000.0,1904000.0,,,9510000.0,2535000.0,,,13261000.0,5086000.0,,,14832000.0
depreciation_amortization_cf,,22166000.0,5800067.0,,,22595000.0,5814927.0,,,29363000.0,10065220.0,,,43305000.0,11538000.0,,,46089000.0,11063000.0,,,47417000.0,12634000.0,,,50357000.0,12423000.0,,,50526000.0,13071000.0,,,50245000.0,12326000.0,,,50194000.0,11668000.0,,,32094000.0,11084000.0,,,32081000.0,15119000.0,,300000.0,74590000.0,,,,79423000.0,20323000.0,20429000.0,20633000.0,82205000.0,21827000.0,22372000.0,22777000.0,90056000.0
capital_expenditure,12036726.0,16410874.0,4692469.0,,,19783755.0,3489235.0,,,24923000.0,11607540.0,,,43472000.0,5854000.0,,,29377000.0,6470000.0,,,39861000.0,10503000.0,,,41434000.0,10141000.0,,,29612000.0,2847000.0,,,24615000.0,4686000.0,,,32595000.0,10847000.0,,,27179000.0,7489000.0,,,23590000.0,6472000.0,,,57120000.0,17036000.0,,,95119000.0,27396000.0,,,115883000.0,20896000.0,,,80776000.0
cash_flow_from_investing,-18512536.0,-120266987.0,-4557578.0,,,-46845730.0,-3479904.0,,,-150142000.0,-288178868.0,,,-310969000.0,-5820000.0,,,-39565000.0,-6208000.0,,,-99308000.0,-33055000.0,,,-63344000.0,-9970000.0,,,-73939000.0,-10847000.0,,,-31072000.0,-43469000.0,,,-69299000.0,-10847000.0,,,-19070000.0,-7466000.0,,,-82143000.0,-1304953000.0,,,-1228921000.0,-17027000.0,,,-95064000.0,-27379000.0,,,-114997000.0,-17122000.0,,,-91482000.0
cash_flow_from_financing,-1013888.0,106089395.0,-3096296.0,,,-12366346.0,-16837470.0,,,-30360000.0,234382210.0,,,176333000.0,-8447000.0,,,-82414000.0,25237000.0,,,-25323000.0,-5048000.0,,,-76619000.0,20890000.0,,,5899000.0,16796000.0,,,-74812000.0,50869000.0,,,-59739000.0,11036000.0,,,-88425000.0,-5610000.0,,,912000.0,1368939000.0,,,1027335000.0,-29545000.0,,,-147888000.0,-38542000.0,,,-138695000.0,-295512000.0,,,-434122000.0
dividends_paid,3089130.0,12466812.0,3135902.0,,,12565821.0,3156259.0,,,13423000.0,3566265.0,,,14290000.0,3590000.0,,,14897000.0,3865000.0,,,15482000.0,3888000.0,,,16645000.0,4423000.0,4422000.0,4421000.0,17678000.0,4418000.0,4426000.0,4435000.0,17718000.0,4440000.0,4454000.0,4461000.0,17822000.0,4425000.0,4467000.0,4432000.0,17642000.0,4245000.0,4265000.0,4163000.0,16874000.0,4192000.0,4226000.0,4246000.0,22739000.0,7835000.0,4253000.0,4263000.0,31418000.0,7867000.0,5076000.0,5080000.0,23108000.0,5085000.0,6012000.0,6002000.0,23075000.0
share_repurchase,,,,,,,,,,,,,,,,,,0.0,,,,0.0,0.0,,,5282000.0,2683000.0,,,7518000.0,0.0,,,0.0,,,,5799000.0,0.0,,,48311000.0,6264000.0,,,30815000.0,0.0,,,0.0,,,,0.0,,,,0.0,,,,20000000.0
shares_outstanding_basic,12283167.0,24922700.0,,25120350.0,25163452.0,25131754.0,25243950.0,25297220.0,25362450.0,25320147.0,25463942.0,25487796.0,25536918.0,25514387.0,25623000.0,25657000.0,25700000.0,25676000.0,25756000.0,25782000.0,25823000.0,25800000.0,25913000.0,25987000.0,26005000.0,25965000.0,26012000.0,25970000.0,25965000.0,25970000.0,25984000.0,26019000.0,26064000.0,26038000.0,26124000.0,26197000.0,26234000.0,26191000.0,26157000.0,26175000.0,25936000.0,25897000.0,25051000.0,24947000.0,24729000.0,24855000.0,24709000.0,24836000.0,24867000.0,24828000.0,24940000.0,25054000.0,25077000.0,25041000.0,26751000.0,29852000.0,29879000.0,29913000.0,30007000.0,30057000.0,29856000.0,29880000.0
shares_outstanding_diluted,,25201308.0,,25353964.0,25374284.0,25362120.0,25453831.0,25508543.0,25602862.0,25560594.0,25665332.0,25664108.0,25719878.0,25693468.0,25739000.0,25758000.0,25794000.0,25778000.0,25862000.0,25922000.0,25977000.0,25937000.0,26043000.0,26119000.0,26133000.0,26097000.0,26093000.0,26036000.0,25965000.0,26036000.0,26034000.0,26091000.0,26151000.0,26107000.0,26193000.0,26272000.0,26263000.0,26281000.0,26192000.0,26175000.0,26051000.0,26045000.0,25270000.0,25135000.0,24945000.0,25077000.0,25675000.0,29059000.0,24995000.0,24978000.0,29150000.0,29210000.0,29330000.0,25209000.0,26751000.0,30057000.0,30118000.0,29344000.0,30217000.0,30244000.0,30198000.0,30211000.0
total_debt,,,,225000000.0,225000000.0,225000000.0,210714285.0,210714285.0,210714285.0,210714285.0,453428571.0,452491071.0,436553571.0,405616000.0,400392857.0,394410903.0,378619953.0,325621000.0,367091000.0,360202000.0,321857000.0,271429000.0,324593000.0,301375000.0,311154000.0,271429000.0,299764000.0,301808000.0,306852000.0,300895000.0,322146000.0,295679000.0,272712000.0,240745000.0,,,,202878000.0,,171945000.0,181978000.0,178419000.0,185435000.0,,,226484000.0,1607777000.0,1251170000.0,1023648000.0,1058120000.0,,,980004000.0,,,,,,,,,
current_stock_price,12.35,17.22,17.91,19.31,17.38,20.7,22.23,26.43,31.85,37.43,34.88,31.69,41.41,37.71,37.96,39.63,38.44,39.12,41.42,43.86,51.75,44.03,51.59,58.21,57.23,51.7,47.97,43.38,42.83,36.51,38.8,48.37,43.12,41.72,38.3,37.7,34.93,33.98,29.34,32.35,41.74,47.99,50.41,50.64,49.22,46.86,42.76,40.88,40.14,39.36,33.95,47.93,48.17,71.52,82.59,82.08,92.11,95.24,90.05,112.32,105.1,135.78
market_cap,151736839.78742123,433899019.4324112,,489509107.9072647,440960702.4180527,525120999.56085205,565869674.499876,674207000.9515667,815420741.1439896,956853558.5475312,895266627.816803,813415524.7093124,1065131766.9457016,969026209.1564484,976975634.5977784,1020846754.234314,991402855.430603,1008527767.616272,1071200441.0400392,1136865958.9996338,1344417663.7916565,1141997173.576355,1343627022.1710205,1520470461.1206057,1495463875.8087158,1349294959.842682,1251627392.3912048,1129517488.5559082,1111988783.2832336,950554452.4078368,1010064955.8792114,1261956848.5794067,1127626602.9510498,1089311846.2257383,1003072877.243042,990433674.5605468,917315804.019928,893024357.8071594,768375267.8222656,846871643.8293457,1087401578.0296326,1249987819.8814392,1273901857.8338623,1272726119.8806765,1227867343.711853,1175225898.536682,1097886952.7816772,1187996799.041748,1003359163.5131836,983073685.5010986,989514977.645874,1400168910.255432,1412952700.1953125,1802963366.3864136,2209311723.518372,2466928412.590027,2774190138.3361816,2794600036.6210938,2721121169.235229,3396982304.1992188,3173729577.3468018,4102001600.860596
enterprise_value,41129810.78742123,295509182.4324112,,565409200.9072647,505862149.4180527,606817999.560852,637266145.499876,816204859.9515667,976629206.1439896,1111969843.5475311,1307060080.816803,1223922737.7093124,1450738088.9457016,1347077209.1564484,1351720491.5977783,1373630657.234314,1326071808.430603,1311621767.616272,1392527441.040039,1476841958.9996338,1648676663.7916565,1373235173.576355,1656145022.1710205,1808366461.1206052,1793138875.8087158,1609421959.842682,1545054392.3912048,1427776488.5559082,1408189783.2832336,1230596452.407837,1318272955.8792114,1548431848.5794067,1382925602.9510498,1306051846.2257383,989486877.243042,976850674.5605468,903026804.019928,1059215357.8071594,741961267.8222656,1004788643.8293456,1250184578.0296326,1416569819.8814392,1446933857.8338623,1260239119.8806765,1226927343.711853,1389627898.536682,2607665952.781677,2427826799.041748,2023717163.513184,2038373685.5010984,985636977.645874,1398060910.255432,2385447700.1953125,1798614366.3864136,2198765723.518372,2464776412.590027,2772706138.3361816,2793112036.6210938,2718078169.235229,3396085304.1992188,3173106577.3468018,4101296600.860596
beta_3y,1.4366,1.3908,1.3747,1.3926,1.5546,1.5669,1.4799,1.4782,1.4593,1.464,1.4492,1.4518,1.462,1.4422,1.4591,1.4574,1.3588,1.3527,1.3479,1.1738,1.1483,1.1306,1.1376,1.1413,1.1504,1.191,1.1714,1.179,1.2124,1.1195,1.1016,1.1692,1.1101,1.1066,1.0792,1.056,1.0882,1.1049,1.0612,1.0915,1.0655,1.0725,1.0663,1.0753,1.0886,1.0705,1.0157,0.9997,1.0064,0.9947,0.9678,0.8998,0.9197,0.9348,0.9582,0.9653,1.0183,1.0519,1.1364,1.1899,1.1791,1.1738
risk_free_rate,0.0359500002861023,0.0341400003433227,0.0304999995231628,0.0221799993515014,0.0206800007820129,0.0197699999809265,0.0158099997043609,0.0156200003623962,0.0160599994659423,0.0188800001144409,0.0216400003433227,0.0274900007247924,0.0274099993705749,0.026579999923706,0.0245700001716613,0.0234299993515014,0.0219400000572204,0.0200200009346008,0.0209500002861022,0.0220000004768371,0.0221799993515014,0.0174000000953674,0.0183399999141693,0.01567999958992,0.0236800003051757,0.0235800004005432,0.0219600009918212,0.0212100005149841,0.0241700005531311,0.0286800003051757,0.0282200002670288,0.028529999256134,0.0301300001144409,0.0271099996566772,0.0214199995994567,0.0150600004196167,0.0177600002288818,0.0112699997425079,0.0064800000190734,0.0069300001859664,0.0084399998188018,0.0146000003814697,0.0158099997043609,0.0130400002002716,0.01442999958992,0.0183899998664855,0.0284400010108947,0.0313299989700317,0.0370300006866455,0.0391599988937377,0.0363700008392334,0.0409299993515014,0.0435200023651123,0.042519998550415,0.0451399993896484,0.0391100001335144,0.0417799997329711,0.0423099994659423,0.0441599988937377,0.0422700023651123,0.0401700019836425,0.0396199989318847
wacc,,,,0.0722,0.0749,0.0862,0.0736,0.0763,0.0787,0.0887,0.072,0.0754,0.0817,0.0834,0.079,0.0795,0.0742,0.0803,0.0746,0.0698,0.0719,0.0722,0.0676,0.0678,0.0749,0.0807,0.0727,0.0711,0.0753,0.0773,0.0727,0.0796,0.0782,0.0812,,,,0.0678,,0.0576,0.0588,0.0696,0.0665,,,0.0683,0.0481,0.0547,0.0605,0.0796,,,0.069,,,,,,,,,
ebitda,-171397716.0,106203000.0,-62498551.0,,,108735000.0,35285927.0,,,127347000.0,34093345.0,,,143419000.0,39385000.0,,,153991000.0,43948000.0,,,167712000.0,48943000.0,,,149265000.0,32446000.0,,,98774000.0,36767000.0,,,127201000.0,43300000.0,,,129537000.0,25986000.0,,,79571000.0,41796000.0,,,111300000.0,43028000.0,,45693000.0,248228000.0,,,,301023000.0,90072000.0,88075000.0,79168000.0,318569000.0,91376000.0,90833000.0,92256000.0,354673000.0
free_cash_flow,70551060.0,25674481.0,4977365.0,,,44281073.0,12735243.0,,,67815000.0,28271000.0,,,63803000.0,6240000.0,,,88780000.0,-1748000.0,,,103728000.0,-635000.0,,,69742000.0,-25945000.0,,,47198000.0,-15213000.0,,,85860000.0,-22582000.0,,,109715000.0,-22031000.0,,,81929000.0,3571000.0,,,37008000.0,15203000.0,,,34310000.0,29857000.0,,,149349000.0,44548000.0,,,134026000.0,293886000.0,,,444670000.0
