Financials,2008-02-02,2008-08-02,2008-11-01,2009-01-31,2009-05-02,2009-08-01,2009-10-31,2010-01-30,2010-05-01,2010-07-31,2010-10-30,2011-01-29,2011-04-30,2011-07-30,2011-10-29,2012-01-28,2012-04-28,2012-07-28,2012-10-27,2013-02-02,2013-05-04,2013-08-03,2013-11-02,2014-02-01,2014-05-03,2014-08-02,2014-11-01,2015-01-31,2015-05-02,2015-08-01,2015-10-31,2016-01-30,2016-04-30,2016-07-30,2016-10-29,2017-01-28,2017-04-29,2017-07-29,2017-10-28,2018-02-03,2018-05-05,2018-08-04,2018-11-03,2019-02-02,2019-05-04,2019-08-03,2019-11-02,2020-02-01,2020-05-02,2020-08-01,2020-10-31,2021-01-30,2021-05-01,2021-07-31,2021-10-30,2022-01-29,2022-04-30,2022-07-30,2022-10-29,2023-01-28,2023-04-29,2023-07-29,2023-10-28,2024-02-03,2024-05-04,2024-08-03,2024-11-02,2025-02-01,2025-05-03,2025-08-02,2025-11-01,2026-01-31
revenue,10134000000.0,2284000000.0,1843000000.0,9043000000.0,1725000000.0,2067000000.0,1777000000.0,8632000000.0,1932000000.0,2242000000.0,1983000000.0,9613000000.0,2217000000.0,2458000000.0,2174000000.0,10364000000.0,2154000000.0,2399000000.0,2050000000.0,10459000000.0,2268000000.0,2516000000.0,2171000000.0,10773000000.0,2391000000.0,2675000000.0,2319000000.0,11454000000.0,2512000000.0,2765000000.0,2482000000.0,12154000000.0,2614000000.0,2890000000.0,2581000000.0,12574000000.0,2437000000.0,2755000000.0,2618000000.0,12632000000.0,2626000000.0,2984000000.0,2775000000.0,13237000000.0,2629000000.0,2902000000.0,2677000000.0,5405000000.0,760000000.0,1253000000.0,1702000000.0,6434000000.0,1470000000.0,1704000000.0,1681000000.0,7882000000.0,1450000000.0,1618000000.0,1604000000.0,7560000000.0,1396000000.0,1559000000.0,1562000000.0,7429000000.0,1384000000.0,1526000000.0,1610000000.0,7307000000.0,1424000000.0,1549000000.0,1594000000.0,7291000000.0
cost_of_goods_sold,6625000000.0,1523000000.0,1263000000.0,6037000000.0,1177000000.0,1399000000.0,1214000000.0,5604000000.0,1238000000.0,1464000000.0,1269000000.0,5982000000.0,1375000000.0,1556000000.0,1389000000.0,6307000000.0,1252000000.0,1457000000.0,1225000000.0,6073000000.0,1327000000.0,1527000000.0,1314000000.0,6344000000.0,1409000000.0,1631000000.0,1372000000.0,6646000000.0,1456000000.0,1651000000.0,1451000000.0,6950000000.0,1571000000.0,1777000000.0,1556000000.0,7449000000.0,1534000000.0,1727000000.0,1629000000.0,7673000000.0,1682000000.0,1925000000.0,1847000000.0,8338000000.0,1695000000.0,1919000000.0,1936000000.0,3018000000.0,1366000000.0,1608000000.0,839000000.0,3338000000.0,728000000.0,876000000.0,842000000.0,4027000000.0,781000000.0,958000000.0,926000000.0,4305000000.0,800000000.0,937000000.0,880000000.0,4193000000.0,778000000.0,900000000.0,910000000.0,4073000000.0,778000000.0,909000000.0,936000000.0,4102000000.0
gross_profit,3509000000.0,761000000.0,580000000.0,3006000000.0,548000000.0,668000000.0,563000000.0,3028000000.0,694000000.0,778000000.0,714000000.0,3631000000.0,842000000.0,902000000.0,785000000.0,4057000000.0,902000000.0,942000000.0,825000000.0,4386000000.0,941000000.0,989000000.0,857000000.0,4429000000.0,982000000.0,1044000000.0,947000000.0,4808000000.0,1056000000.0,1114000000.0,1031000000.0,5204000000.0,1043000000.0,1113000000.0,1025000000.0,5125000000.0,903000000.0,1028000000.0,989000000.0,4959000000.0,944000000.0,1059000000.0,928000000.0,4899000000.0,934000000.0,983000000.0,741000000.0,2387000000.0,268000000.0,559000000.0,863000000.0,3096000000.0,742000000.0,828000000.0,839000000.0,3855000000.0,669000000.0,660000000.0,678000000.0,3255000000.0,596000000.0,622000000.0,682000000.0,3236000000.0,606000000.0,626000000.0,700000000.0,3234000000.0,646000000.0,640000000.0,658000000.0,3189000000.0
research_and_development,-217000000.0,0.0,0.0,106000000.0,0.0,-9000000.0,0.0,-6000000.0,0.0,0.0,0.0,6000000.0,0.0,0.0,0.0,121000000.0,0.0,0.0,0.0,93000000.0,0.0,0.0,0.0,0.0,0.0,0.0,0.0,0.0,0.0,0.0,0.0,0.0,0.0,0.0,0.0,0.0,0.0,0.0,0.0,0.0,0.0,0.0,0.0,99000000.0,0.0,0.0,0.0,0.0,-374000000.0,-371000000.0,0.0,0.0,0.0,0.0,0.0,0.0,0.0,0.0,0.0,0.0,0.0,0.0,0.0,0.0,0.0,0.0,0.0,0.0,0.0,0.0,0.0,0.0
selling_general_and_admin,2616000000.0,575000000.0,539000000.0,2311000000.0,483000000.0,519000000.0,504000000.0,2166000000.0,509000000.0,542000000.0,565000000.0,2341000000.0,625000000.0,708000000.0,599000000.0,2698000000.0,609000000.0,637000000.0,638000000.0,2720000000.0,630000000.0,631000000.0,646000000.0,2686000000.0,646000000.0,668000000.0,663000000.0,2855000000.0,684000000.0,711000000.0,692000000.0,3012000000.0,720000000.0,705000000.0,741000000.0,3122000000.0,694000000.0,727000000.0,757000000.0,3231000000.0,789000000.0,831000000.0,874000000.0,3563000000.0,781000000.0,808000000.0,892000000.0,1347000000.0,606000000.0,667000000.0,427000000.0,1492000000.0,405000000.0,444000000.0,430000000.0,1846000000.0,389000000.0,418000000.0,476000000.0,1879000000.0,415000000.0,434000000.0,461000000.0,1951000000.0,419000000.0,443000000.0,482000000.0,1968000000.0,437000000.0,483000000.0,497000000.0,2063000000.0
operating_expenses,2399000000.0,575000000.0,539000000.0,2417000000.0,483000000.0,510000000.0,504000000.0,2160000000.0,509000000.0,542000000.0,565000000.0,2347000000.0,625000000.0,708000000.0,599000000.0,2819000000.0,609000000.0,637000000.0,638000000.0,2813000000.0,630000000.0,631000000.0,646000000.0,2686000000.0,646000000.0,668000000.0,663000000.0,2855000000.0,684000000.0,711000000.0,692000000.0,3012000000.0,720000000.0,705000000.0,741000000.0,3122000000.0,694000000.0,727000000.0,757000000.0,3231000000.0,789000000.0,831000000.0,874000000.0,3662000000.0,781000000.0,808000000.0,892000000.0,1347000000.0,232000000.0,296000000.0,427000000.0,1492000000.0,405000000.0,444000000.0,430000000.0,1846000000.0,389000000.0,418000000.0,476000000.0,1879000000.0,415000000.0,434000000.0,461000000.0,1951000000.0,419000000.0,443000000.0,482000000.0,1968000000.0,437000000.0,483000000.0,497000000.0,2063000000.0
operating_income_ebit,1110000000.0,186000000.0,41000000.0,589000000.0,65000000.0,158000000.0,59000000.0,868000000.0,185000000.0,236000000.0,149000000.0,1284000000.0,217000000.0,194000000.0,186000000.0,1238000000.0,293000000.0,305000000.0,187000000.0,1573000000.0,311000000.0,358000000.0,211000000.0,1743000000.0,336000000.0,376000000.0,284000000.0,1953000000.0,372000000.0,403000000.0,339000000.0,2192000000.0,323000000.0,408000000.0,284000000.0,2003000000.0,209000000.0,301000000.0,232000000.0,1728000000.0,155000000.0,228000000.0,54000000.0,1237000000.0,153000000.0,175000000.0,-151000000.0,1040000000.0,36000000.0,263000000.0,436000000.0,1604000000.0,337000000.0,384000000.0,409000000.0,2009000000.0,280000000.0,242000000.0,202000000.0,1376000000.0,181000000.0,188000000.0,221000000.0,1285000000.0,187000000.0,183000000.0,218000000.0,1266000000.0,209000000.0,157000000.0,161000000.0,1126000000.0
depreciation_and_amortization_expense,385000000.0,,,377000000.0,94000000.0,96000000.0,96000000.0,357000000.0,97000000.0,96000000.0,96000000.0,359000000.0,98000000.0,97000000.0,93000000.0,356000000.0,95000000.0,96000000.0,95000000.0,354000000.0,100000000.0,102000000.0,96000000.0,368000000.0,110000000.0,109000000.0,108000000.0,398000000.0,111000000.0,113000000.0,111000000.0,415000000.0,121000000.0,124000000.0,133000000.0,472000000.0,142000000.0,140000000.0,144000000.0,524000000.0,148000000.0,148000000.0,148000000.0,547000000.0,145000000.0,150000000.0,148000000.0,588000000.0,139000000.0,127000000.0,127000000.0,521000000.0,129000000.0,129000000.0,,363000000.0,53000000.0,53000000.0,56000000.0,221000000.0,63000000.0,66000000.0,70000000.0,269000000.0,71000000.0,71000000.0,69000000.0,282000000.0,64000000.0,64000000.0,63000000.0,254000000.0
interest_income,18000000.0,5000000.0,5000000.0,18000000.0,1000000.0,1000000.0,0.0,2000000.0,1000000.0,0.0,1000000.0,2000000.0,1000000.0,,,,,,,,,,,,,,,,,,,,,,,,,,,,,,,,,,,,,,,,,,,,,,,,,,,,,,,,,,,
interest_expense,149000000.0,47000000.0,44000000.0,181000000.0,62000000.0,58000000.0,56000000.0,237000000.0,61000000.0,51000000.0,48000000.0,208000000.0,55000000.0,64000000.0,64000000.0,246000000.0,78000000.0,79000000.0,77000000.0,316000000.0,79000000.0,77000000.0,76000000.0,314000000.0,84000000.0,82000000.0,80000000.0,324000000.0,80000000.0,78000000.0,79000000.0,334000000.0,97000000.0,101000000.0,97000000.0,394000000.0,101000000.0,101000000.0,99000000.0,406000000.0,98000000.0,98000000.0,96000000.0,385000000.0,99000000.0,95000000.0,92000000.0,370000000.0,97000000.0,104000000.0,119000000.0,432000000.0,114000000.0,97000000.0,91000000.0,388000000.0,89000000.0,86000000.0,86000000.0,348000000.0,89000000.0,86000000.0,84000000.0,345000000.0,82000000.0,77000000.0,77000000.0,312000000.0,71000000.0,68000000.0,68000000.0,276000000.0
tax_expense,411000000.0,62000000.0,-1000000.0,233000000.0,0.0,25000000.0,-3000000.0,202000000.0,74000000.0,66000000.0,40000000.0,446000000.0,84000000.0,45000000.0,28000000.0,377000000.0,88000000.0,86000000.0,54000000.0,528000000.0,92000000.0,104000000.0,50000000.0,543000000.0,98000000.0,108000000.0,73000000.0,594000000.0,119000000.0,121000000.0,96000000.0,681000000.0,81000000.0,128000000.0,68000000.0,538000000.0,24000000.0,78000000.0,49000000.0,329000000.0,11000000.0,30000000.0,2000000.0,213000000.0,20000000.0,4000000.0,-25000000.0,148000000.0,-115000000.0,-11000000.0,69000000.0,257000000.0,28000000.0,72000000.0,50000000.0,348000000.0,37000000.0,38000000.0,28000000.0,251000000.0,31000000.0,28000000.0,40000000.0,143000000.0,31000000.0,1000000.0,39000000.0,230000000.0,41000000.0,31000000.0,26000000.0,233000000.0
net_income,718000000.0,102000000.0,4000000.0,220000000.0,3000000.0,74000000.0,15000000.0,448000000.0,113000000.0,178000000.0,61000000.0,805000000.0,165000000.0,231000000.0,94000000.0,850000000.0,125000000.0,143000000.0,74000000.0,753000000.0,143000000.0,178000000.0,92000000.0,903000000.0,157000000.0,188000000.0,132000000.0,1042000000.0,250000000.0,202000000.0,164000000.0,1253000000.0,152000000.0,252000000.0,122000000.0,1158000000.0,94000000.0,139000000.0,86000000.0,983000000.0,48000000.0,99000000.0,-43000000.0,644000000.0,40000000.0,38000000.0,-252000000.0,-366000000.0,-297000000.0,-49000000.0,331000000.0,844000000.0,277000000.0,374000000.0,88000000.0,1333000000.0,155000000.0,120000000.0,91000000.0,800000000.0,81000000.0,99000000.0,119000000.0,878000000.0,87000000.0,152000000.0,106000000.0,798000000.0,105000000.0,64000000.0,77000000.0,649000000.0
basic_eps,,,,,0.01,0.23,0.05,1.1,0.35,0.55,0.19,1.41,0.52,0.76,0.32,1.21,0.43,0.5,0.26,1.43,,,,,,,,,,,,,,,,,,,,,,,,,,,,1.66,0.0,0.4,0.7,3.11,0.32,0.78,0.67,4.0,0.65,0.52,0.4,3.43,,,,3.86,,,,3.62,,,,
diluted_eps,,,,,0.01,0.23,0.05,1.08,0.34,0.54,0.18,1.36,0.5,0.73,0.31,1.17,0.41,0.49,0.25,1.39,,,,,,,,,,,,,,,,,,,,,,,,,,,,1.65,0.0,0.4,0.69,3.07,0.32,0.77,0.66,3.94,0.64,0.52,0.4,3.4,,,,3.84,,,,3.61,,,,
cash_and_cash_equivalents,1018000000.0,978000000.0,377000000.0,1173000000.0,936000000.0,1550000000.0,968000000.0,1804000000.0,1188000000.0,1300000000.0,988000000.0,1130000000.0,1557000000.0,1035000000.0,498000000.0,935000000.0,1286000000.0,1193000000.0,547000000.0,773000000.0,382000000.0,551000000.0,425000000.0,1681000000.0,912000000.0,1147000000.0,745000000.0,1681000000.0,649000000.0,780000000.0,1311000000.0,2548000000.0,1267000000.0,1273000000.0,654000000.0,1934000000.0,1555000000.0,1360000000.0,735000000.0,1515000000.0,1032000000.0,843000000.0,348000000.0,1413000000.0,1146000000.0,853000000.0,340000000.0,1499000000.0,957000000.0,2611000000.0,2433000000.0,3933000000.0,2475000000.0,1695000000.0,1441000000.0,1979000000.0,651000000.0,452000000.0,295000000.0,1232000000.0,1046000000.0,790000000.0,412000000.0,1084000000.0,855000000.0,514000000.0,191000000.0,674000000.0,636000000.0,364000000.0,236000000.0,953000000.0
marketable_securities,,,,,,,,,,,,,,,,,,,,,,,,,0.0,0.0,,0.0,50000000.0,50000000.0,,,,,,,,,,,,,,,,,,,,,,,,,,,,,,,,,,,,,,,,,,
accounts_receivable,,331000000.0,352000000.0,236000000.0,198000000.0,230000000.0,252000000.0,219000000.0,199000000.0,209000000.0,247000000.0,232000000.0,205000000.0,241000000.0,298000000.0,218000000.0,158000000.0,175000000.0,225000000.0,203000000.0,175000000.0,197000000.0,245000000.0,244000000.0,216000000.0,233000000.0,274000000.0,252000000.0,239000000.0,257000000.0,283000000.0,261000000.0,249000000.0,266000000.0,325000000.0,294000000.0,213000000.0,245000000.0,285000000.0,310000000.0,274000000.0,310000000.0,321000000.0,367000000.0,274000000.0,283000000.0,295000000.0,306000000.0,229000000.0,268000000.0,161000000.0,148000000.0,110000000.0,131000000.0,242000000.0,240000000.0,167000000.0,184000000.0,242000000.0,226000000.0,145000000.0,153000000.0,197000000.0,224000000.0,121000000.0,146000000.0,200000000.0,205000000.0,103000000.0,131000000.0,169000000.0,180000000.0
inventory,,1220000000.0,1648000000.0,1182000000.0,1213000000.0,1091000000.0,1426000000.0,1037000000.0,1098000000.0,1083000000.0,1456000000.0,1032000000.0,1075000000.0,1104000000.0,1537000000.0,997000000.0,1100000000.0,1057000000.0,1446000000.0,1004000000.0,1115000000.0,1127000000.0,1643000000.0,1165000000.0,1219000000.0,1075000000.0,1485000000.0,1036000000.0,1139000000.0,1106000000.0,1620000000.0,1122000000.0,1266000000.0,1204000000.0,1651000000.0,1096000000.0,1147000000.0,1118000000.0,1715000000.0,1240000000.0,1350000000.0,1315000000.0,1963000000.0,1248000000.0,1357000000.0,1329000000.0,2032000000.0,1287000000.0,1491000000.0,1476000000.0,883000000.0,572000000.0,636000000.0,728000000.0,1149000000.0,709000000.0,820000000.0,971000000.0,1269000000.0,709000000.0,771000000.0,818000000.0,1205000000.0,710000000.0,814000000.0,863000000.0,1178000000.0,734000000.0,869000000.0,977000000.0,1251000000.0,699000000.0
prepaid_expenses,,,,,,,,,,,,,,,,,,,,,,,,,,,,,,,,,,,,,,,,,,,,,,,,,,,,,,,,,,,,,,,,,,,,,,,,
total_current_assets,,2821000000.0,2739000000.0,2867000000.0,2616000000.0,3133000000.0,2914000000.0,3250000000.0,2687000000.0,2805000000.0,2981000000.0,2592000000.0,3164000000.0,2652000000.0,2616000000.0,2368000000.0,2816000000.0,2716000000.0,2485000000.0,2205000000.0,1904000000.0,2098000000.0,2580000000.0,3150000000.0,2585000000.0,2699000000.0,2849000000.0,3199000000.0,2285000000.0,2463000000.0,3529000000.0,4156000000.0,2991000000.0,2960000000.0,2886000000.0,3465000000.0,3152000000.0,2957000000.0,2930000000.0,3293000000.0,2890000000.0,2715000000.0,2933000000.0,3260000000.0,2947000000.0,2653000000.0,2926000000.0,3245000000.0,2849000000.0,4505000000.0,4927000000.0,5579000000.0,4612000000.0,4514000000.0,2985000000.0,3009000000.0,1752000000.0,1754000000.0,1948000000.0,2266000000.0,2080000000.0,1893000000.0,1959000000.0,2115000000.0,1917000000.0,1666000000.0,1720000000.0,1823000000.0,1820000000.0,1706000000.0,1881000000.0,2019000000.0
property_plant_equipment,,1933000000.0,1957000000.0,1929000000.0,1891000000.0,1850000000.0,1814000000.0,1723000000.0,1677000000.0,1641000000.0,1633000000.0,1610000000.0,1598000000.0,1583000000.0,1661000000.0,1644000000.0,1689000000.0,1775000000.0,1841000000.0,1803000000.0,1850000000.0,1960000000.0,2078000000.0,2045000000.0,2075000000.0,2164000000.0,2281000000.0,2277000000.0,2306000000.0,2275000000.0,2350000000.0,2330000000.0,2423000000.0,2586000000.0,2770000000.0,2741000000.0,2761000000.0,2841000000.0,2920000000.0,2893000000.0,2894000000.0,2949000000.0,2934000000.0,2818000000.0,2794000000.0,2756000000.0,2571000000.0,2486000000.0,2299000000.0,2292000000.0,1064000000.0,1017000000.0,994000000.0,1002000000.0,1017000000.0,1009000000.0,1059000000.0,1071000000.0,1121000000.0,1193000000.0,1223000000.0,1236000000.0,1244000000.0,1220000000.0,1183000000.0,1166000000.0,1158000000.0,1127000000.0,1111000000.0,1124000000.0,1142000000.0,1127000000.0
operating_lease_rou_assets,,,,,,,,,,,,,,,,,,,,,,,,,,,,,,,,,,,,,,,,,0.0,0.0,0.0,0.0,3271000000.0,3209000000.0,3130000000.0,199000000.0,2947000000.0,2635000000.0,875000000.0,204000000.0,993000000.0,1051000000.0,1023000000.0,209000000.0,1058000000.0,1087000000.0,1074000000.0,207000000.0,1072000000.0,1080000000.0,1067000000.0,185000000.0,1047000000.0,1043000000.0,1029000000.0,949000000.0,970000000.0,984000000.0,967000000.0,941000000.0
goodwill,,1673000000.0,1618000000.0,1426000000.0,1430000000.0,1441000000.0,1440000000.0,1442000000.0,1448000000.0,1447000000.0,1448000000.0,1451000000.0,1458000000.0,1457000000.0,1452000000.0,1330000000.0,1330000000.0,1330000000.0,1330000000.0,1318000000.0,1318000000.0,1318000000.0,1318000000.0,1318000000.0,1318000000.0,1318000000.0,1318000000.0,1318000000.0,1318000000.0,1318000000.0,1318000000.0,1318000000.0,1348000000.0,1348000000.0,1348000000.0,1348000000.0,1348000000.0,1348000000.0,1348000000.0,1348000000.0,1348000000.0,1348000000.0,1348000000.0,1348000000.0,1348000000.0,1348000000.0,1318000000.0,628000000.0,628000000.0,628000000.0,628000000.0,628000000.0,628000000.0,628000000.0,628000000.0,628000000.0,628000000.0,628000000.0,628000000.0,628000000.0,628000000.0,628000000.0,628000000.0,628000000.0,628000000.0,628000000.0,628000000.0,628000000.0,628000000.0,628000000.0,628000000.0,628000000.0
intangible_assets,,644000000.0,610000000.0,580000000.0,585000000.0,599000000.0,596000000.0,594000000.0,600000000.0,596000000.0,597000000.0,592000000.0,601000000.0,598000000.0,590000000.0,495000000.0,495000000.0,494000000.0,494000000.0,412000000.0,412000000.0,412000000.0,411000000.0,411000000.0,411000000.0,411000000.0,411000000.0,411000000.0,411000000.0,411000000.0,411000000.0,411000000.0,411000000.0,411000000.0,411000000.0,411000000.0,411000000.0,411000000.0,411000000.0,,,,,,,,,,,,,,,,,,,,,,,,,,,,,,,,,
total_assets,,7236000000.0,7081000000.0,6972000000.0,6680000000.0,7185000000.0,6935000000.0,7173000000.0,6592000000.0,6722000000.0,6891000000.0,6451000000.0,7015000000.0,6500000000.0,6517000000.0,6108000000.0,6616000000.0,6589000000.0,6427000000.0,6019000000.0,5776000000.0,6072000000.0,6636000000.0,7128000000.0,6663000000.0,6870000000.0,7149000000.0,7476000000.0,6572000000.0,6738000000.0,7893000000.0,8493000000.0,7426000000.0,7541000000.0,7663000000.0,8170000000.0,7882000000.0,7763000000.0,7816000000.0,8149000000.0,7749000000.0,7620000000.0,7829000000.0,8090000000.0,10998000000.0,10618000000.0,10630000000.0,10125000000.0,9439000000.0,10880000000.0,11161000000.0,11571000000.0,10546000000.0,10392000000.0,6031000000.0,6026000000.0,4860000000.0,4901000000.0,5133000000.0,5494000000.0,5363000000.0,5195000000.0,5243000000.0,5463000000.0,5221000000.0,4948000000.0,4984000000.0,4872000000.0,4881000000.0,4814000000.0,4989000000.0,5069000000.0
accounts_payable,,536000000.0,695000000.0,494000000.0,410000000.0,508000000.0,620000000.0,488000000.0,485000000.0,559000000.0,687000000.0,545000000.0,640000000.0,646000000.0,800000000.0,540000000.0,536000000.0,624000000.0,732000000.0,541000000.0,561000000.0,681000000.0,799000000.0,599000000.0,555000000.0,622000000.0,837000000.0,613000000.0,639000000.0,725000000.0,913000000.0,668000000.0,720000000.0,793000000.0,962000000.0,683000000.0,664000000.0,758000000.0,1037000000.0,717000000.0,717000000.0,821000000.0,1060000000.0,711000000.0,688000000.0,763000000.0,1024000000.0,647000000.0,715000000.0,957000000.0,553000000.0,345000000.0,369000000.0,460000000.0,655000000.0,435000000.0,470000000.0,587000000.0,632000000.0,455000000.0,426000000.0,508000000.0,627000000.0,380000000.0,403000000.0,411000000.0,510000000.0,338000000.0,452000000.0,567000000.0,781000000.0,465000000.0
accrued_liabilities,,,616000000.0,669000000.0,591000000.0,557000000.0,602000000.0,693000000.0,632000000.0,615000000.0,677000000.0,765000000.0,689000000.0,696000000.0,700000000.0,770000000.0,691000000.0,712000000.0,717000000.0,807000000.0,653000000.0,719000000.0,702000000.0,787000000.0,661000000.0,743000000.0,735000000.0,900000000.0,723000000.0,840000000.0,804000000.0,977000000.0,833000000.0,879000000.0,909000000.0,997000000.0,813000000.0,860000000.0,896000000.0,1029000000.0,848000000.0,963000000.0,1018000000.0,1082000000.0,872000000.0,919000000.0,980000000.0,1052000000.0,826000000.0,1340000000.0,871000000.0,727000000.0,678000000.0,717000000.0,636000000.0,651000000.0,534000000.0,512000000.0,645000000.0,673000000.0,585000000.0,518000000.0,590000000.0,608000000.0,489000000.0,526000000.0,547000000.0,584000000.0,495000000.0,541000000.0,558000000.0,579000000.0
deferred_revenue_current,,,,,,,,,,,,,,,,,,,,,,,,,,,,,,,,,,,,,,,,,269000000.0,281000000.0,271000000.0,331000000.0,280000000.0,276000000.0,280000000.0,330000000.0,348000000.0,316000000.0,98000000.0,115000000.0,108000000.0,106000000.0,123000000.0,148000000.0,133000000.0,123000000.0,147000000.0,195000000.0,171000000.0,161000000.0,163000000.0,198000000.0,178000000.0,166000000.0,170000000.0,197000000.0,177000000.0,172000000.0,182000000.0,223000000.0
short_term_debt,,,,,,0.0,2000000.0,2000000.0,-2000000.0,2000000.0,0.0,0.0,0.0,0.0,0.0,57000000.0,57000000.0,57000000.0,57000000.0,0.0,0.0,0.0,216000000.0,215000000.0,214000000.0,214000000.0,213000000.0,0.0,0.0,0.0,4000000.0,6000000.0,8000000.0,13000000.0,23000000.0,36000000.0,44000000.0,64000000.0,80000000.0,87000000.0,89000000.0,65000000.0,56000000.0,72000000.0,72000000.0,75000000.0,75000000.0,61000000.0,468000000.0,460000000.0,11000000.0,0.0,0.0,0.0,,,,,,,,0.0,0.0,0.0,,313000000.0,314000000.0,0.0,,0.0,0.0,280000000.0
operating_lease_liabilities_current,,,,,,,,,,,,,,,,,,,,,,,,,,,,,,,,,,,,,,,,,0.0,0.0,0.0,0.0,443000000.0,456000000.0,460000000.0,478000000.0,590000000.0,624000000.0,182000000.0,173000000.0,149000000.0,148000000.0,143000000.0,170000000.0,163000000.0,158000000.0,175000000.0,177000000.0,165000000.0,187000000.0,192000000.0,181000000.0,186000000.0,186000000.0,188000000.0,192000000.0,201000000.0,194000000.0,193000000.0,195000000.0
total_current_liabilities,,1245000000.0,1350000000.0,1255000000.0,1016000000.0,1098000000.0,1237000000.0,1322000000.0,1135000000.0,1180000000.0,1372000000.0,1504000000.0,1389000000.0,1347000000.0,1504000000.0,1526000000.0,1290000000.0,1400000000.0,1512000000.0,1538000000.0,1270000000.0,1485000000.0,1734000000.0,1826000000.0,1515000000.0,1580000000.0,1799000000.0,1679000000.0,1391000000.0,1570000000.0,1728000000.0,1875000000.0,1605000000.0,1819000000.0,2007000000.0,2014000000.0,1831000000.0,1758000000.0,2019000000.0,2031000000.0,1858000000.0,1856000000.0,2142000000.0,1986000000.0,2197000000.0,2216000000.0,2543000000.0,2372000000.0,2683000000.0,3433000000.0,3330000000.0,2826000000.0,2680000000.0,2625000000.0,1435000000.0,1290000000.0,1240000000.0,1258000000.0,1452000000.0,1379000000.0,1277000000.0,1213000000.0,1409000000.0,1289000000.0,1221000000.0,1497000000.0,1575000000.0,1231000000.0,1294000000.0,1303000000.0,1553000000.0,1591000000.0
long_term_debt,,2901000000.0,2897000000.0,2897000000.0,2897000000.0,3251000000.0,2880000000.0,2723000000.0,2523000000.0,2532000000.0,2519000000.0,2507000000.0,3510000000.0,3524000000.0,3536000000.0,3481000000.0,4480000000.0,4480000000.0,4478000000.0,4477000000.0,4475000000.0,4475000000.0,4762000000.0,4761000000.0,4758000000.0,4758000000.0,4759000000.0,4722000000.0,4719000000.0,4720000000.0,5713000000.0,5715000000.0,5718000000.0,5706000000.0,5701000000.0,5700000000.0,5702000000.0,5704000000.0,5705000000.0,5707000000.0,5719000000.0,5712000000.0,5814000000.0,5739000000.0,5749000000.0,5475000000.0,5477000000.0,5487000000.0,5034000000.0,6269000000.0,6364000000.0,6366000000.0,5344000000.0,5346000000.0,4852000000.0,4854000000.0,4856000000.0,4858000000.0,4860000000.0,4862000000.0,4781000000.0,4668000000.0,4497000000.0,4388000000.0,4282000000.0,3881000000.0,3883000000.0,3884000000.0,3886000000.0,3888000000.0,3890000000.0,3612000000.0
operating_lease_liabilities_noncurrent,,,,,,,,,,,,,,,,,,,,,,,,,,,,,,,,,,,,,,,,,0.0,0.0,0.0,0.0,3234000000.0,3165000000.0,3108000000.0,3052000000.0,2945000000.0,2698000000.0,857000000.0,942000000.0,963000000.0,1020000000.0,993000000.0,989000000.0,1019000000.0,1050000000.0,1039000000.0,1014000000.0,1032000000.0,1036000000.0,1020000000.0,1004000000.0,990000000.0,984000000.0,969000000.0,883000000.0,895000000.0,912000000.0,897000000.0,867000000.0
deferred_tax_liabilities,,175000000.0,178000000.0,213000000.0,209000000.0,220000000.0,236000000.0,213000000.0,240000000.0,224000000.0,219000000.0,202000000.0,218000000.0,224000000.0,220000000.0,183000000.0,191000000.0,188000000.0,174000000.0,200000000.0,206000000.0,200000000.0,194000000.0,210000000.0,217000000.0,229000000.0,228000000.0,236000000.0,248000000.0,246000000.0,241000000.0,257000000.0,269000000.0,268000000.0,262000000.0,352000000.0,360000000.0,369000000.0,367000000.0,238000000.0,234000000.0,237000000.0,234000000.0,226000000.0,238000000.0,241000000.0,246000000.0,1116000000.0,,,,483000000.0,,,,483000000.0,,,,514000000.0,,,,520000000.0,,,,418000000.0,,,,416000000.0
total_liabilities,,5037000000.0,5128000000.0,5097000000.0,4841000000.0,5309000000.0,5071000000.0,4989000000.0,4615000000.0,4649000000.0,4848000000.0,4974000000.0,5888000000.0,5875000000.0,5997000000.0,5970000000.0,6747000000.0,6834000000.0,6942000000.0,7033000000.0,6770000000.0,6933000000.0,7456000000.0,7497000000.0,7272000000.0,7374000000.0,7583000000.0,7457000000.0,7179000000.0,7386000000.0,8551000000.0,8751000000.0,8513000000.0,8671000000.0,8853000000.0,8897000000.0,8718000000.0,8677000000.0,8937000000.0,8900000000.0,8718000000.0,8742000000.0,9143000000.0,8955000000.0,11896000000.0,11547000000.0,11872000000.0,11620000000.0,11297000000.0,12784000000.0,12729000000.0,12232000000.0,11079000000.0,11580000000.0,7707000000.0,7543000000.0,7518000000.0,7563000000.0,7742000000.0,7699000000.0,7533000000.0,7349000000.0,7368000000.0,7089000000.0,6897000000.0,6666000000.0,6733000000.0,6257000000.0,6331000000.0,6361000000.0,6582000000.0,6350000000.0
retained_earnings,,4855000000.0,4809000000.0,4777000000.0,4731000000.0,4757000000.0,4724000000.0,2037000000.0,1777000000.0,1906000000.0,1919000000.0,1354000000.0,1456000000.0,1320000000.0,1354000000.0,24000000.0,75000000.0,146000000.0,-141000000.0,-672000000.0,-616000000.0,-524000000.0,-519000000.0,-118000000.0,-351000000.0,-263000000.0,-231000000.0,233000000.0,-250000000.0,-194000000.0,-175000000.0,315000000.0,-283000000.0,-203000000.0,-254000000.0,205000000.0,128000000.0,94000000.0,8000000.0,-1434000000.0,-1580000000.0,-1648000000.0,-1856000000.0,-1482000000.0,-1527000000.0,-1572000000.0,-1907000000.0,-2182000000.0,-2562000000.0,-2611000000.0,-2280000000.0,-1421000000.0,-1144000000.0,-1505000000.0,-1975000000.0,-1803000000.0,-2661000000.0,-2834000000.0,-2789000000.0,-2401000000.0,-2366000000.0,-2358000000.0,-2329000000.0,-1838000000.0,-1889000000.0,-1918000000.0,-1942000000.0,-1578000000.0,-1633000000.0,-1716000000.0,-1754000000.0,-1435000000.0
treasury_stock,,4489000000.0,4640000000.0,4681000000.0,4666000000.0,4662000000.0,4650000000.0,0.0,2000000.0,68000000.0,147000000.0,207000000.0,797000000.0,1112000000.0,1284000000.0,60000000.0,440000000.0,663000000.0,672000000.0,685000000.0,740000000.0,740000000.0,740000000.0,748000000.0,791000000.0,793000000.0,793000000.0,832000000.0,1003000000.0,1134000000.0,1195000000.0,1315000000.0,1575000000.0,1703000000.0,1725000000.0,1753000000.0,1836000000.0,1885000000.0,2035000000.0,162000000.0,245000000.0,348000000.0,358000000.0,358000000.0,358000000.0,358000000.0,358000000.0,358000000.0,358000000.0,358000000.0,358000000.0,358000000.0,523000000.0,822000000.0,822000000.0,822000000.0,822000000.0,822000000.0,822000000.0,822000000.0,822000000.0,822000000.0,822000000.0,822000000.0,822000000.0,822000000.0,822000000.0,822000000.0,822000000.0,822000000.0,822000000.0,822000000.0
accumulated_other_comprehensive_income,,34000000.0,-14000000.0,-28000000.0,-22000000.0,-22000000.0,-15000000.0,-15000000.0,-1000000.0,9000000.0,5000000.0,1000000.0,89000000.0,-2000000.0,0.0,0.0,5000000.0,9000000.0,7000000.0,4000000.0,3000000.0,13000000.0,19000000.0,40000000.0,36000000.0,32000000.0,38000000.0,35000000.0,32000000.0,41000000.0,41000000.0,40000000.0,42000000.0,22000000.0,12000000.0,12000000.0,18000000.0,11000000.0,15000000.0,24000000.0,17000000.0,12000000.0,11000000.0,59000000.0,55000000.0,49000000.0,53000000.0,52000000.0,51000000.0,49000000.0,48000000.0,83000000.0,86000000.0,87000000.0,80000000.0,80000000.0,80000000.0,80000000.0,79000000.0,78000000.0,77000000.0,77000000.0,75000000.0,75000000.0,74000000.0,74000000.0,73000000.0,71000000.0,73000000.0,73000000.0,73000000.0,74000000.0
total_equity,2274000000.0,2199000000.0,1953000000.0,1875000000.0,1839000000.0,1876000000.0,1864000000.0,2184000000.0,1977000000.0,2073000000.0,2043000000.0,1477000000.0,1127000000.0,625000000.0,520000000.0,138000000.0,-131000000.0,-245000000.0,-515000000.0,-1014000000.0,-994000000.0,-861000000.0,-820000000.0,-369000000.0,-609000000.0,-504000000.0,-434000000.0,19000000.0,-607000000.0,-648000000.0,-658000000.0,-258000000.0,-1087000000.0,-1130000000.0,-1190000000.0,-727000000.0,-836000000.0,-914000000.0,-1121000000.0,-751000000.0,-969000000.0,-1122000000.0,-1314000000.0,-865000000.0,-898000000.0,-929000000.0,-1242000000.0,-1495000000.0,-1858000000.0,-1904000000.0,-1568000000.0,-661000000.0,-533000000.0,-1188000000.0,-1676000000.0,-1517000000.0,-2658000000.0,-2662000000.0,-2609000000.0,-2205000000.0,-2170000000.0,-2154000000.0,-2125000000.0,-1626000000.0,-1676000000.0,-1718000000.0,-1749000000.0,-1385000000.0,-1450000000.0,-1547000000.0,-1593000000.0,-1281000000.0
cash_flow_from_operations,765000000.0,,,954000000.0,-118000000.0,,,1174000000.0,-60000000.0,,,1284000000.0,-18000000.0,,,1266000000.0,-183000000.0,,,1351000000.0,-120000000.0,,,1248000000.0,-89000000.0,,,1786000000.0,-156000000.0,,,2027000000.0,-43000000.0,,,1990000000.0,7000000.0,,,1406000000.0,-79000000.0,,,1377000000.0,-73000000.0,,,1236000000.0,-342000000.0,,,2039000000.0,249000000.0,,,1492000000.0,66000000.0,,,1144000000.0,44000000.0,,,954000000.0,76000000.0,,,886000000.0,188000000.0,,,1102000000.0
stock_based_compensation,44000000.0,,,35000000.0,11000000.0,,,40000000.0,13000000.0,,,64000000.0,12000000.0,,,51000000.0,16000000.0,,,73000000.0,20000000.0,,,85000000.0,22000000.0,,,90000000.0,26000000.0,,,97000000.0,21000000.0,,,96000000.0,25000000.0,,,102000000.0,25000000.0,,,97000000.0,23000000.0,,,87000000.0,20000000.0,,,50000000.0,15000000.0,,,46000000.0,12000000.0,,,38000000.0,7000000.0,,,43000000.0,12000000.0,,,40000000.0,10000000.0,,,31000000.0
depreciation_amortization_cf,385000000.0,,,377000000.0,94000000.0,,,357000000.0,97000000.0,,,359000000.0,98000000.0,,,356000000.0,95000000.0,,,354000000.0,100000000.0,,,368000000.0,110000000.0,,,398000000.0,111000000.0,,,415000000.0,121000000.0,,,472000000.0,,,,524000000.0,,,,547000000.0,,,,588000000.0,,,,521000000.0,,,,,,,,,,,,,,,,,,,,
capital_expenditure,749000000.0,,,479000000.0,51000000.0,,,202000000.0,44000000.0,,,274000000.0,77000000.0,,,426000000.0,136000000.0,,,588000000.0,149000000.0,,,691000000.0,150000000.0,,,715000000.0,132000000.0,,,727000000.0,187000000.0,,,990000000.0,165000000.0,,,707000000.0,160000000.0,,,629000000.0,123000000.0,,,458000000.0,55000000.0,,,228000000.0,65000000.0,,,270000000.0,88000000.0,,,328000000.0,93000000.0,,,298000000.0,46000000.0,,,226000000.0,37000000.0,,,237000000.0
cash_flow_from_investing,30000000.0,,,-240000000.0,-51000000.0,,,-162000000.0,11000000.0,,,-106000000.0,22000000.0,,,-226000000.0,-124000000.0,,,-531000000.0,-158000000.0,,,-655000000.0,-135000000.0,,,-699000000.0,-96000000.0,,,-443000000.0,-205000000.0,,,-833000000.0,-155000000.0,,,-698000000.0,-159000000.0,,,-609000000.0,-106000000.0,,,-480000000.0,-60000000.0,,,-219000000.0,-56000000.0,,,-259000000.0,-88000000.0,,,-328000000.0,-94000000.0,,,-286000000.0,-46000000.0,,,-162000000.0,-39000000.0,,,-227000000.0
cash_flow_from_financing,-279000000.0,,,-562000000.0,-67000000.0,,,-387000000.0,-570000000.0,,,-1857000000.0,420000000.0,,,-1237000000.0,656000000.0,,,-982000000.0,-112000000.0,,,154000000.0,-383000000.0,,,-919000000.0,-781000000.0,,,-716000000.0,-1035000000.0,,,-1765000000.0,-230000000.0,,,-1127000000.0,-243000000.0,,,-872000000.0,-86000000.0,,,-666000000.0,-138000000.0,,,610000000.0,-1291000000.0,,,-3188000000.0,-1306000000.0,,,-1562000000.0,-135000000.0,,,-815000000.0,-259000000.0,,,-1132000000.0,-188000000.0,,,-599000000.0
dividends_paid,227000000.0,,,201000000.0,48000000.0,48000000.0,48000000.0,193000000.0,373000000.0,49000000.0,49000000.0,1488000000.0,64000000.0,367000000.0,60000000.0,1144000000.0,73000000.0,73000000.0,361000000.0,1449000000.0,87000000.0,87000000.0,87000000.0,349000000.0,392000000.0,99000000.0,100000000.0,691000000.0,734000000.0,146000000.0,146000000.0,1171000000.0,750000000.0,173000000.0,173000000.0,1268000000.0,172000000.0,172000000.0,172000000.0,686000000.0,168000000.0,167000000.0,165000000.0,666000000.0,83000000.0,83000000.0,83000000.0,332000000.0,83000000.0,0.0,0.0,83000000.0,0.0,42000000.0,39000000.0,120000000.0,48000000.0,46000000.0,46000000.0,186000000.0,46000000.0,46000000.0,45000000.0,182000000.0,45000000.0,45000000.0,44000000.0,177000000.0,43000000.0,42000000.0,41000000.0,167000000.0
share_repurchase,1402000000.0,,,379000000.0,0.0,,,0.0,2000000.0,,,207000000.0,556000000.0,,,1190000000.0,376000000.0,,,629000000.0,55000000.0,,,60000000.0,43000000.0,,,87000000.0,114000000.0,,,483000000.0,260000000.0,,,435000000.0,85000000.0,,,446000000.0,81000000.0,,,198000000.0,0.0,,,0.0,0.0,,,0.0,155000000.0,,,1964000000.0,1227000000.0,,,1312000000.0,0.0,,,148000000.0,96000000.0,,,401000000.0,136000000.0,,,401000000.0
shares_outstanding_basic,,339000000.0,326000000.0,335000000.0,322000000.0,322000000.0,322000000.0,322000000.0,325000000.0,323000000.0,321000000.0,323000000.0,321000000.0,301000000.0,297000000.0,304000000.0,292000000.0,288000000.0,288000000.0,290000000.0,289000000.0,290000000.0,290000000.0,290000000.0,292000000.0,292000000.0,293000000.0,292000000.0,292000000.0,291000000.0,291000000.0,291000000.0,288000000.0,286000000.0,286000000.0,287000000.0,286000000.0,286000000.0,282000000.0,284000000.0,278000000.0,275000000.0,275000000.0,276000000.0,276000000.0,276000000.0,276000000.0,276000000.0,278000000.0,278000000.0,278000000.0,278000000.0,277000000.0,265000000.0,260000000.0,269000000.0,236000000.0,228000000.0,228000000.0,232000000.0,229000000.0,228000000.0,227000000.0,228000000.0,223000000.0,220000000.0,217000000.0,216000000.0,212000000.0,208000000.0,205000000.0,201000000.0
shares_outstanding_diluted,,,,337000000.0,,326000000.0,328000000.0,327000000.0,333000000.0,334000000.0,332000000.0,333000000.0,328000000.0,315000000.0,308000000.0,314000000.0,301000000.0,296000000.0,294000000.0,297000000.0,295000000.0,296000000.0,297000000.0,296000000.0,297000000.0,297000000.0,298000000.0,298000000.0,299000000.0,297000000.0,296000000.0,297000000.0,293000000.0,291000000.0,290000000.0,291000000.0,289000000.0,289000000.0,285000000.0,287000000.0,282000000.0,279000000.0,275000000.0,279000000.0,278000000.0,278000000.0,276000000.0,278000000.0,277000000.0,278000000.0,283000000.0,281000000.0,284000000.0,280000000.0,267000000.0,273000000.0,243000000.0,231000000.0,229000000.0,233000000.0,230000000.0,229000000.0,228000000.0,229000000.0,226000000.0,223000000.0,219000000.0,221000000.0,215000000.0,211000000.0,206000000.0,209000000.0
total_debt,,,,,,3251000000.0,2882000000.0,2725000000.0,2521000000.0,2534000000.0,2519000000.0,2507000000.0,3510000000.0,3524000000.0,3536000000.0,3538000000.0,4537000000.0,4537000000.0,4535000000.0,4477000000.0,4475000000.0,4475000000.0,4978000000.0,4976000000.0,4972000000.0,4972000000.0,4972000000.0,4722000000.0,4719000000.0,4720000000.0,5717000000.0,5721000000.0,5726000000.0,5719000000.0,5724000000.0,5736000000.0,5746000000.0,5768000000.0,5785000000.0,5794000000.0,5808000000.0,5777000000.0,5870000000.0,5811000000.0,5821000000.0,5550000000.0,5552000000.0,5548000000.0,5502000000.0,6729000000.0,6375000000.0,6366000000.0,5344000000.0,5346000000.0,,,,,,,,4668000000.0,4497000000.0,4388000000.0,,4194000000.0,4197000000.0,3884000000.0,,3888000000.0,3890000000.0,3892000000.0
current_stock_price,6.32,5.35,4.01,2.7,3.86,4.55,6.24,6.81,10.05,9.67,11.15,12.06,17.27,16.42,19.14,19.03,23.52,21.88,22.67,24.02,26.19,30.06,32.36,27.21,29.08,30.97,38.85,45.79,50.96,45.14,54.0,54.4,45.72,43.54,43.78,35.36,31.97,27.97,27.81,29.92,21.9,21.08,22.36,18.32,17.68,16.71,12.31,16.57,8.69,17.68,23.18,29.52,47.72,58.11,62.18,49.28,47.87,32.33,30.71,41.08,32.44,33.97,26.44,40.86,43.42,31.49,27.59,36.12,30.1,27.4,23.97,21.62
market_cap,,1814219291.2101743,1306952907.562256,911046970.3674316,1241366893.2914734,1481858118.057251,2047756874.084473,2225602304.935456,3345729735.3744507,3229728105.545044,3702632583.618164,4016197995.185852,5664789749.145508,5170990848.54126,5894377258.300781,5976525798.797607,7080377861.022949,6476273681.640625,6664113647.4609375,7133375919.342041,7725074491.5008545,8897858642.578125,9611415287.017822,8054767776.489258,8636673305.511475,9198351511.001589,11576167312.62207,13644162994.384766,15238527061.462402,13406295444.488523,15985322235.107422,16156681491.851809,13396461090.08789,12669856086.730955,12696503868.103027,10289337238.311768,9240342399.597168,8083941659.927368,7926435298.919678,8585611284.255981,6176641662.597656,5881123083.114624,6149299144.744873,5111776943.206787,4916374176.025391,4644084362.030029,3397454040.527344,4605491691.589355,2407034519.1955566,4913987552.642822,6559844005.584717,8293961372.375488,13552681854.248049,16270690155.029297,16602427768.707275,13454640415.19165,11632375442.504885,7468245403.289795,7032187950.134277,9572020843.50586,7462333259.58252,7778851612.091064,6028411880.493164,9357100002.288818,9812375587.46338,7022818210.601807,6043242610.9313965,7982835063.934326,6472527332.305908,5780538675.308228,4937874866.485596,4518451814.651489
enterprise_value,,836219291.2101746,929952907.562256,-261953029.6325684,305366893.2914734,3182858118.057251,3961756874.0844727,3146602304.935456,4678729735.374451,4463728105.545044,5233632583.618164,5393197995.185852,7617789749.145508,7659990848.54126,8932377258.300781,8579525798.797607,10331377861.02295,9820273681.640623,10652113647.460938,10837375919.34204,11818074491.500854,12821858642.578123,14164415287.017822,11349767776.489258,12696673305.511477,13023351511.001589,15803167312.62207,16685162994.384766,19308527061.4624,17346295444.488525,20391322235.10742,19329681491.851807,17855461090.08789,17115856086.730955,17766503868.103027,14091337238.311768,13431342399.597168,12491941659.927368,12976435298.919678,12864611284.25598,10952641662.597656,10815123083.114624,11671299144.744871,9509776943.206787,9591374176.02539,9341084362.03003,8609454040.527344,8654491691.589355,6952034519.195557,9031987552.642822,10501844005.584717,10726961372.375488,16421681854.248049,19921690155.029297,15161427768.707275,11475640415.19165,10981375442.504885,7016245403.289795,6737187950.134277,8340020843.505859,6416333259.58252,11656851612.091064,10113411880.493164,12661100002.288818,8957375587.463379,10702818210.601809,10049242610.931396,11192835063.934326,5836527332.305908,9304538675.308228,8591874866.485596,7457451814.651489
beta_3y,1.2259,1.3479,1.0333,1.1357,1.2041,1.2284,1.2374,1.2376,1.238,1.2522,1.2519,1.2478,1.2356,1.2163,1.3611,1.345,1.2429,1.1906,1.169,1.1445,1.1364,1.0736,1.0456,1.0422,1.0575,1.0404,1.0368,1.034,1.0362,0.9982,0.9148,0.9118,0.8822,0.8986,0.9067,0.9125,0.8819,0.8863,0.9128,0.9365,0.9124,0.8777,0.8783,0.992,1.0435,1.0666,1.137,1.1661,1.3401,1.4442,1.4209,1.429,1.4565,1.4865,1.5254,1.5299,1.543,1.5232,1.4995,1.4957,1.4991,1.408,1.3891,1.3735,1.3832,1.3636,1.3549,1.3063,1.3393,1.3624,1.3654,1.3892
risk_free_rate,0.0359999990463256,0.0394799995422363,0.0397000002861022,0.0284400010108947,0.0317400002479553,0.0350099992752075,0.0339199995994567,0.0360899996757507,0.0366300010681152,0.0290700006484985,0.026119999885559,0.033289999961853,0.0329600000381469,0.028050000667572,0.0230599999427795,0.0189800000190734,0.0193299996852874,0.0155499994754791,0.0175,0.0200999999046325,0.0175199997425079,0.0260199999809265,0.0261999988555908,0.0266799998283386,0.0259100008010864,0.0250500011444091,0.0233500003814697,0.0167499995231628,0.0211700010299682,0.0220499992370605,0.0215100002288818,0.0193099999427795,0.0181900000572204,0.0145799994468688,0.0184500002861022,0.0248099994659423,0.0228200006484985,0.0228900003433227,0.0242799997329711,0.0285400009155273,0.0294400000572204,0.0295300006866455,0.0321399998664855,0.0269099998474121,0.0253099989891052,0.0185500001907348,0.0172800004482269,0.0151999998092651,0.0064200001955032,0.0053600001335144,0.0086000001430511,0.0109300005435943,0.0163100004196167,0.012389999628067,0.0155700004100799,0.0178199994564056,0.0288700008392333,0.0264199995994567,0.0401000022888183,0.0351799988746643,0.0345199990272521,0.0396900010108947,0.0484499979019165,0.040329999923706,0.045,0.0379200005531311,0.0436100006103515,0.0456899976730346,0.0432200002670288,0.0421999979019165,0.0410099983215332,0.0424100017547607
wacc,,,,,,0.0501,0.058,0.0798,0.07,0.0642,0.0634,0.0835,0.0707,0.066,0.0679,0.0763,0.0584,0.0523,0.0533,0.0687,0.0549,0.0623,0.061,0.0676,0.0595,0.0591,0.0608,0.0662,0.0631,0.0606,0.0566,0.0612,0.0503,0.0477,0.0508,0.0649,0.0509,0.048,0.0497,0.0689,0.0526,0.0505,0.0536,0.0646,0.047,0.0443,0.0388,0.0648,0.0341,0.0428,0.0516,0.0732,0.0746,0.0746,,,,,,,,0.0848,0.087,0.1005,,0.0848,0.0828,0.0995,,0.0815,0.0785,0.088
ebitda,1495000000.0,,,966000000.0,159000000.0,254000000.0,155000000.0,1225000000.0,282000000.0,332000000.0,245000000.0,1643000000.0,315000000.0,291000000.0,279000000.0,1594000000.0,388000000.0,401000000.0,282000000.0,1927000000.0,411000000.0,460000000.0,307000000.0,2111000000.0,446000000.0,485000000.0,392000000.0,2351000000.0,483000000.0,516000000.0,450000000.0,2607000000.0,444000000.0,532000000.0,417000000.0,2475000000.0,351000000.0,441000000.0,376000000.0,2252000000.0,303000000.0,376000000.0,202000000.0,1784000000.0,298000000.0,325000000.0,-3000000.0,1628000000.0,175000000.0,390000000.0,563000000.0,2125000000.0,466000000.0,513000000.0,,2372000000.0,333000000.0,295000000.0,258000000.0,1597000000.0,244000000.0,254000000.0,291000000.0,1554000000.0,258000000.0,254000000.0,287000000.0,1548000000.0,273000000.0,221000000.0,224000000.0,1380000000.0
free_cash_flow,16000000.0,,,475000000.0,-169000000.0,,,972000000.0,-104000000.0,,,1010000000.0,-95000000.0,,,840000000.0,-319000000.0,,,763000000.0,-269000000.0,,,557000000.0,-239000000.0,,,1071000000.0,-288000000.0,,,1300000000.0,-230000000.0,,,1000000000.0,-158000000.0,,,699000000.0,-239000000.0,,,748000000.0,-196000000.0,,,778000000.0,-397000000.0,,,1811000000.0,184000000.0,,,1222000000.0,-22000000.0,,,816000000.0,-49000000.0,,,656000000.0,30000000.0,,,660000000.0,151000000.0,,,865000000.0
