Financials,2010-03-31,2010-06-30,2010-09-30,2010-12-31,2011-03-31,2011-06-30,2011-09-30,2011-12-31,2012-03-31,2012-06-30,2012-09-30,2012-12-31,2013-03-31,2013-06-30,2013-09-30,2013-12-31,2014-03-31,2014-06-30,2014-09-30,2014-12-31,2015-03-31,2015-06-30,2015-09-30,2015-12-31,2016-03-31,2016-06-30,2016-09-30,2016-12-31,2017-03-31,2017-06-30,2017-09-30,2017-12-31,2018-03-31,2018-06-30,2018-09-30,2018-12-31,2019-03-31,2019-06-30,2019-09-30,2019-12-31,2020-03-31,2020-06-30,2020-09-30,2020-12-31,2021-03-31,2021-06-30,2021-09-30,2021-12-31,2022-03-31,2022-06-30,2022-09-30,2022-12-31,2023-03-31,2023-06-30,2023-09-30,2023-12-31,2024-03-31,2024-06-30,2024-09-30,2024-12-31,2025-03-31,2025-06-30,2025-09-30,2025-12-31,2026-03-31
revenue,292602000.0,71236000.0,78303000.0,90608000.0,336510000.0,95295000.0,105544000.0,106250000.0,441085000.0,146997000.0,161855000.0,160232000.0,616915000.0,142512000.0,166945000.0,144871000.0,597381000.0,145702000.0,181269000.0,197606000.0,714623000.0,192132000.0,206065000.0,200195000.0,806247000.0,209575000.0,215052000.0,216763000.0,882060000.0,256573000.0,258026000.0,270615000.0,1041179000.0,253980000.0,239357000.0,241414000.0,975777000.0,232154000.0,238069000.0,241552000.0,963010000.0,229394000.0,237422000.0,238788000.0,943365000.0,269181000.0,276225000.0,274470000.0,1086812000.0,277059000.0,289273000.0,275524000.0,1127725000.0,279309000.0,286316000.0,282741000.0,1125357000.0,267142000.0,283785000.0,290317000.0,1137762000.0,249530000.0,274114000.0,283444000.0,1088705000.0
cost_of_goods_sold,139158000.0,33265000.0,35713000.0,46596000.0,165632000.0,45427000.0,51638000.0,51128000.0,213701000.0,63393000.0,71310000.0,75235000.0,273178000.0,59488000.0,73723000.0,64403000.0,261830000.0,63836000.0,78727000.0,85861000.0,308400000.0,79896000.0,86125000.0,83411000.0,339036000.0,87984000.0,91087000.0,92216000.0,381774000.0,113097000.0,113928000.0,122941000.0,464674000.0,113357000.0,101885000.0,102179000.0,420201000.0,98087000.0,101318000.0,104057000.0,410787000.0,95526000.0,99761000.0,99901000.0,395893000.0,110169000.0,118513000.0,119410000.0,466166000.0,116940000.0,128264000.0,125122000.0,502431000.0,124636000.0,126296000.0,124803000.0,500909000.0,121120000.0,126403000.0,129268000.0,503299000.0,109199000.0,122535000.0,126075000.0,493127000.0
gross_profit,153444000.0,37971000.0,42590000.0,44012000.0,170878000.0,49868000.0,53906000.0,55122000.0,227384000.0,83604000.0,90545000.0,84997000.0,343737000.0,83024000.0,93222000.0,80468000.0,335551000.0,81866000.0,102542000.0,111745000.0,406223000.0,112236000.0,119940000.0,116784000.0,467211000.0,121591000.0,123965000.0,124547000.0,500286000.0,143476000.0,144098000.0,147674000.0,576505000.0,140623000.0,137472000.0,139235000.0,555576000.0,134067000.0,136751000.0,137495000.0,552223000.0,133868000.0,137661000.0,138887000.0,547472000.0,159012000.0,157712000.0,155060000.0,620646000.0,160119000.0,161009000.0,150402000.0,625294000.0,154673000.0,160020000.0,157938000.0,624448000.0,146022000.0,157382000.0,161049000.0,634463000.0,140331000.0,151579000.0,157369000.0,595578000.0
research_and_development,40924000.0,9896000.0,10653000.0,15562000.0,52773000.0,12783000.0,15643000.0,17837000.0,67861000.0,23620000.0,26804000.0,26897000.0,100386000.0,21949000.0,27841000.0,27873000.0,98454000.0,22057000.0,28896000.0,35298000.0,117391000.0,32142000.0,33580000.0,36006000.0,134478000.0,89920000.0,34112000.0,33129000.0,205530000.0,44111000.0,46374000.0,42964000.0,275638000.0,44195000.0,42514000.0,41209000.0,398314000.0,40875000.0,44889000.0,39783000.0,171956000.0,33815000.0,44370000.0,44049000.0,166964000.0,45199000.0,46902000.0,46483000.0,183268000.0,46391000.0,50187000.0,36682000.0,540355000.0,41792000.0,45773000.0,45103000.0,175867000.0,45066000.0,46976000.0,42905000.0,189479000.0,40119000.0,43872000.0,45204000.0,169722000.0
selling_general_and_admin,34195000.0,7414000.0,8101000.0,15426000.0,41960000.0,9850000.0,8861000.0,13655000.0,56700000.0,16151000.0,12585000.0,11378000.0,51467000.0,11634000.0,11619000.0,12137000.0,48481000.0,17006000.0,27128000.0,19454000.0,81273000.0,17589000.0,16462000.0,18135000.0,72418000.0,19457000.0,18795000.0,22131000.0,89113000.0,20410000.0,21999000.0,20820000.0,85393000.0,23941000.0,24034000.0,20485000.0,89759000.0,21706000.0,22514000.0,21308000.0,89112000.0,19934000.0,20388000.0,21395000.0,83106000.0,22471000.0,32252000.0,25983000.0,107459000.0,26714000.0,26438000.0,26536000.0,107354000.0,27687000.0,25997000.0,26003000.0,106152000.0,28910000.0,26067000.0,26182000.0,108209000.0,28456000.0,28037000.0,29674000.0,116447000.0
operating_expenses,75119000.0,17310000.0,18754000.0,30988000.0,94733000.0,22633000.0,24504000.0,31492000.0,124561000.0,39771000.0,39389000.0,38275000.0,151853000.0,33583000.0,39460000.0,40010000.0,146935000.0,39063000.0,56024000.0,54752000.0,198664000.0,49731000.0,50042000.0,54141000.0,206896000.0,109377000.0,52907000.0,55260000.0,294643000.0,64521000.0,68373000.0,63784000.0,361031000.0,68136000.0,66548000.0,61694000.0,488073000.0,62581000.0,67403000.0,61091000.0,261068000.0,53749000.0,64758000.0,65444000.0,250070000.0,67670000.0,79154000.0,72466000.0,290727000.0,73105000.0,76625000.0,63218000.0,647709000.0,69479000.0,71770000.0,71106000.0,282019000.0,73976000.0,73043000.0,69087000.0,297688000.0,68575000.0,71909000.0,74878000.0,286169000.0
operating_income_ebit,78325000.0,20661000.0,23836000.0,13024000.0,76145000.0,27235000.0,29402000.0,23630000.0,102823000.0,43833000.0,51156000.0,46722000.0,191884000.0,49441000.0,53762000.0,40458000.0,188616000.0,42803000.0,46518000.0,56993000.0,207559000.0,62505000.0,69898000.0,62643000.0,260315000.0,12214000.0,71058000.0,69287000.0,205643000.0,78955000.0,75725000.0,83890000.0,215474000.0,72487000.0,70924000.0,77541000.0,67503000.0,71486000.0,69348000.0,76404000.0,291155000.0,80119000.0,72903000.0,73443000.0,297402000.0,91342000.0,78558000.0,82594000.0,329919000.0,87014000.0,84384000.0,87184000.0,-22415000.0,85194000.0,88250000.0,86832000.0,342429000.0,72046000.0,84339000.0,91962000.0,336775000.0,71756000.0,79670000.0,82491000.0,309409000.0
depreciation_and_amortization_expense,11450000.0,2547000.0,,,10108000.0,2550000.0,200000.0,200000.0,10734000.0,3295000.0,400000.0,400000.0,13235000.0,3268000.0,500000.0,1100000.0,13486000.0,2961000.0,900000.0,1000000.0,17740000.0,5720000.0,1200000.0,1200000.0,23676000.0,6832000.0,1500000.0,4500000.0,25792000.0,8507000.0,5800000.0,5800000.0,33426000.0,8372000.0,5400000.0,5300000.0,31779000.0,7061000.0,4900000.0,4900000.0,28995000.0,7467000.0,4900000.0,4900000.0,30164000.0,7594000.0,5300000.0,5400000.0,32092000.0,8384000.0,5600000.0,5600000.0,32625000.0,7543000.0,4900000.0,4900000.0,30675000.0,8124000.0,4800000.0,4200000.0,30173000.0,7666000.0,4500000.0,4400000.0,31273000.0
interest_income,1000.0,0.0,0.0,0.0,1000.0,2000.0,1000.0,1000.0,18000.0,2000.0,3000.0,4000.0,13000.0,3000.0,25000.0,16000.0,60000.0,32000.0,15000.0,20000.0,92000.0,27000.0,33000.0,31000.0,162000.0,57000.0,46000.0,46000.0,203000.0,69000.0,85000.0,119000.0,388000.0,100000.0,33000.0,39000.0,217000.0,43000.0,32000.0,245000.0,342000.0,24000.0,,,,,,,,,,,,,,,,,,,,,,,
interest_expense,22936000.0,5461000.0,5373000.0,7674000.0,27318000.0,8580000.0,8280000.0,8117000.0,41338000.0,19850000.0,19663000.0,26665000.0,84420000.0,15908000.0,16464000.0,21276000.0,68642000.0,14685000.0,18208000.0,24612000.0,81326000.0,21911000.0,20700000.0,19493000.0,85322000.0,21184000.0,20876000.0,18600000.0,93546000.0,26410000.0,26921000.0,25983000.0,106267000.0,26040000.0,27103000.0,26366000.0,105082000.0,25063000.0,24509000.0,24520000.0,96224000.0,21965000.0,,,82328000.0,,,,64287000.0,,,,4400000.0,17719000.0,17606000.0,16575000.0,5200000.0,13137000.0,12281000.0,11455000.0,1800000.0,,,,
tax_expense,20664000.0,5691000.0,7053000.0,3204000.0,19349000.0,8952000.0,8174000.0,6004000.0,23945000.0,9330000.0,12252000.0,7804000.0,40529000.0,12844000.0,4531000.0,1056000.0,29133000.0,11418000.0,11862000.0,12241000.0,49198000.0,13997000.0,17428000.0,15186000.0,57278000.0,-3382000.0,18033000.0,19092000.0,41455000.0,18929000.0,18616000.0,-257154000.0,-232484000.0,11994000.0,12678000.0,12829000.0,-2255000.0,12125000.0,10760000.0,12496000.0,48870000.0,14462000.0,7307000.0,12803000.0,39431000.0,18615000.0,14305000.0,15278000.0,57077000.0,15625000.0,15570000.0,16166000.0,-11609000.0,15437000.0,16856000.0,16529000.0,66686000.0,9345000.0,17286000.0,19122000.0,69584000.0,14311000.0,26922000.0,15118000.0,67195000.0
net_income,32115000.0,9606000.0,11022000.0,2178000.0,29220000.0,14768000.0,12949000.0,9510000.0,37212000.0,14655000.0,19244000.0,12257000.0,65505000.0,20692000.0,32792000.0,3130000.0,72615000.0,16732000.0,16463000.0,21293000.0,78260000.0,26173000.0,31803000.0,27995000.0,99907000.0,-5531000.0,32195000.0,31641000.0,69395000.0,33759000.0,30705000.0,314793000.0,339570000.0,34466000.0,30841000.0,38167000.0,-35800000.0,33925000.0,33252000.0,38058000.0,142281000.0,43706000.0,44589000.0,40873000.0,164682000.0,57755000.0,45325000.0,50215000.0,205381000.0,55272000.0,51023000.0,51951000.0,-82306000.0,53276000.0,53559000.0,53046000.0,209339000.0,49068000.0,54377000.0,61032000.0,214605000.0,47466000.0,42211000.0,46696000.0,190301000.0
basic_eps,0.64,0.19,0.22,0.04,0.58,0.29,0.26,0.19,0.74,0.29,0.38,0.24,1.29,0.4,0.64,0.06,1.41,0.32,0.32,0.41,1.5,0.5,0.6,0.53,1.89,-0.1,0.61,0.6,1.31,0.64,0.58,5.93,6.4,0.65,0.59,0.74,-0.69,0.66,0.66,0.76,2.81,0.87,0.89,0.81,3.28,1.15,0.9,1.0,4.09,1.1,1.02,1.05,-1.65,1.07,1.08,1.07,4.21,0.98,1.1,1.23,4.32,0.96,0.86,0.98,3.93
diluted_eps,0.64,0.19,0.22,0.04,0.58,0.29,0.26,0.19,0.73,0.29,0.38,0.24,1.27,0.4,0.63,0.06,1.39,0.32,0.31,0.4,1.49,0.49,0.6,0.53,1.88,-0.1,0.6,0.59,1.3,0.63,0.57,5.88,6.34,0.65,0.59,0.73,-0.69,0.65,0.65,0.75,2.78,0.86,0.88,0.81,3.25,1.14,0.89,0.99,4.04,1.09,1.02,1.04,-1.65,1.06,1.07,1.06,4.17,0.98,1.09,1.22,4.29,0.95,0.86,0.97,3.91
cash_and_cash_equivalents,41097000.0,33106000.0,55032000.0,83266000.0,13334000.0,5991000.0,7961000.0,4439000.0,19015000.0,4404000.0,29006000.0,10431000.0,15670000.0,19306000.0,26833000.0,94353000.0,28331000.0,15675000.0,21748000.0,21951000.0,21318000.0,21598000.0,22152000.0,48973000.0,27230000.0,28877000.0,30458000.0,63289000.0,41855000.0,44135000.0,42977000.0,45376000.0,32548000.0,34269000.0,36910000.0,24672000.0,27530000.0,29042000.0,27905000.0,28591000.0,94760000.0,57941000.0,26603000.0,62103000.0,32302000.0,163624000.0,42818000.0,21018000.0,27185000.0,35869000.0,42442000.0,86358000.0,58489000.0,54580000.0,60067000.0,63615000.0,46469000.0,34256000.0,51540000.0,50874000.0,97884000.0,139502000.0,119106000.0,62373000.0,63868000.0
marketable_securities,,,,,,,,,,,,,,,,,,,,,,,,,,,,,,,,,,,,,,,,,,,,,,,,,,,,,,,,,,,,,,,,,
accounts_receivable,,,,,44393000.0,43805000.0,49445000.0,50163000.0,73053000.0,69418000.0,84767000.0,73752000.0,73053000.0,61981000.0,80534000.0,66188000.0,65050000.0,58238000.0,98644000.0,87692000.0,87858000.0,85576000.0,91340000.0,85085000.0,95247000.0,88437000.0,92869000.0,104388000.0,136742000.0,134725000.0,145422000.0,150417000.0,140881000.0,150390000.0,153849000.0,140584000.0,148787000.0,142927000.0,142602000.0,144502000.0,150517000.0,112324000.0,122207000.0,116004000.0,114671000.0,130346000.0,146553000.0,134263000.0,139330000.0,145451000.0,145992000.0,157081000.0,167016000.0,157950000.0,158456000.0,174288000.0,176775000.0,171695000.0,163547000.0,167274000.0,194293000.0,168405000.0,199000000.0,190456000.0,191920000.0
inventory,,,,,39751000.0,43721000.0,46408000.0,43579000.0,51113000.0,60201000.0,53836000.0,54250000.0,60201000.0,66917000.0,61935000.0,64798000.0,65586000.0,66171000.0,82875000.0,75240000.0,74000000.0,74077000.0,77137000.0,80671000.0,91263000.0,92867000.0,97959000.0,100926000.0,115609000.0,118707000.0,119484000.0,114894000.0,118547000.0,118957000.0,113569000.0,120368000.0,119880000.0,129388000.0,126362000.0,121363000.0,116026000.0,116811000.0,114026000.0,117011000.0,114959000.0,105546000.0,107918000.0,106273000.0,120342000.0,133768000.0,140505000.0,158522000.0,162121000.0,169849000.0,161283000.0,148637000.0,138717000.0,152040000.0,156225000.0,151516000.0,147709000.0,153126000.0,158996000.0,163594000.0,159132000.0
prepaid_expenses,,,,,,,,,,,,,,,,,,,,,,,,,,,,,,,,,,,,,,,,,,,,,,,,,,,,,,,,,,,,,,,,,
total_current_assets,,,,,107582000.0,102037000.0,112381000.0,105883000.0,147035000.0,144369000.0,179607000.0,151222000.0,164173000.0,162984000.0,182658000.0,244501000.0,177185000.0,160097000.0,222373000.0,200762000.0,201707000.0,201059000.0,205779000.0,228155000.0,249013000.0,281358000.0,279673000.0,291210000.0,334434000.0,328225000.0,331072000.0,332128000.0,303477000.0,314478000.0,314500000.0,293177000.0,300938000.0,310521000.0,304886000.0,300369000.0,365654000.0,295564000.0,269853000.0,301211000.0,269835000.0,408524000.0,304810000.0,275266000.0,293267000.0,324615000.0,336653000.0,408847000.0,391743000.0,391758000.0,388198000.0,393786000.0,375043000.0,368741000.0,380708000.0,377164000.0,448328000.0,480518000.0,497411000.0,433428000.0,431484000.0
property_plant_equipment,,,,,1444000.0,1343000.0,1379000.0,1238000.0,9896000.0,2279000.0,6128000.0,9190000.0,9896000.0,10697000.0,11256000.0,10528000.0,9597000.0,10673000.0,12420000.0,13089000.0,13744000.0,13154000.0,12920000.0,12302000.0,15540000.0,15080000.0,13732000.0,12865000.0,50595000.0,50469000.0,49570000.0,51059000.0,52552000.0,52453000.0,52321000.0,51567000.0,51176000.0,51387000.0,52500000.0,53233000.0,55988000.0,58325000.0,65161000.0,68620000.0,70059000.0,69825000.0,70021000.0,69808000.0,71300000.0,70393000.0,69947000.0,69569000.0,70412000.0,69979000.0,70700000.0,70356000.0,76507000.0,75409000.0,74920000.0,73524000.0,74548000.0,73786000.0,73100000.0,128214000.0,121689000.0
operating_lease_rou_assets,,,,,,,,,,,,,,,,,,,,,,,,,,,,,,,,,,,,,0.0,16097000.0,33145000.0,31342000.0,28888000.0,27659000.0,26211000.0,24867000.0,23722000.0,22345000.0,22005000.0,21836000.0,20372000.0,18885000.0,17300000.0,16410000.0,14923000.0,13443000.0,12134000.0,10695000.0,11285000.0,9997000.0,8551000.0,29658000.0,28238000.0,26918000.0,25427000.0,23928000.0,27780000.0
goodwill,111489000.0,,,,154896000.0,154896000.0,153696000.0,153696000.0,173702000.0,173928000.0,173928000.0,167546000.0,167546000.0,167546000.0,191058000.0,189955000.0,190911000.0,192632000.0,293993000.0,291892000.0,290651000.0,290867000.0,289061000.0,282679000.0,360191000.0,356525000.0,351662000.0,345485000.0,615252000.0,615451000.0,620388000.0,620333000.0,620098000.0,612966000.0,612444000.0,611956000.0,578583000.0,578309000.0,577544000.0,577635000.0,575179000.0,577128000.0,577919000.0,579559000.0,578079000.0,577840000.0,578797000.0,578932000.0,578976000.0,576794000.0,575566000.0,576602000.0,527553000.0,527458000.0,526860000.0,527878000.0,527733000.0,528443000.0,529225000.0,527219000.0,527425000.0,528314000.0,528411000.0,581248000.0,581109000.0
intangible_assets,,,,,786361000.0,783988000.0,781615000.0,779242000.0,1400522000.0,1397414000.0,1380499000.0,1375938000.0,1373240000.0,1370535000.0,1399860000.0,1395755000.0,1394817000.0,1468172000.0,2163947000.0,2144084000.0,2134700000.0,2129860000.0,2117669000.0,2116511000.0,2322723000.0,2223559000.0,2181128000.0,2156378000.0,2903613000.0,2898273000.0,2894140000.0,2887997000.0,2780916000.0,2722542000.0,2715070000.0,2707825000.0,2507210000.0,2501358000.0,2493469000.0,2491539000.0,2479391000.0,2483051000.0,2481236000.0,2481725000.0,2475729000.0,2469714000.0,2689920000.0,2703616000.0,2696635000.0,2682611000.0,2670942000.0,2670328000.0,2341893000.0,2336137000.0,2328250000.0,2328529000.0,2320583000.0,2317817000.0,2316542000.0,2310650000.0,2295350000.0,2294829000.0,2291073000.0,2301536000.0,2299605000.0
total_assets,,,,,1056918000.0,1048616000.0,1055141000.0,1045847000.0,1758276000.0,1752655000.0,1787623000.0,1731389000.0,1739799000.0,1736094000.0,1808076000.0,1864846000.0,1795663000.0,1853950000.0,2725670000.0,2680596000.0,2641967000.0,2636502000.0,2626891000.0,2640999000.0,2948791000.0,2878440000.0,2830978000.0,2810852000.0,3911348000.0,3899561000.0,3902193000.0,3897922000.0,3760612000.0,3768720000.0,3697695000.0,3668082000.0,3441036000.0,3460710000.0,3464760000.0,3464202000.0,3513905000.0,3450147000.0,3434306000.0,3468769000.0,3429273000.0,3559114000.0,3675818000.0,3659408000.0,3670681000.0,3682234000.0,3678514000.0,3749774000.0,3353729000.0,3345577000.0,3332874000.0,3339753000.0,3318417000.0,3307516000.0,3316885000.0,3329497000.0,3402218000.0,3431625000.0,3442280000.0,3494743000.0,3494313000.0
accounts_payable,,,,,21615000.0,24168000.0,25184000.0,23977000.0,26726000.0,26854000.0,41883000.0,40858000.0,51376000.0,42222000.0,51857000.0,51547000.0,48286000.0,45279000.0,58538000.0,38567000.0,46115000.0,47170000.0,41777000.0,28539000.0,38296000.0,35012000.0,39041000.0,45250000.0,70218000.0,62738000.0,79258000.0,59345000.0,61390000.0,78405000.0,66251000.0,48988000.0,56560000.0,62109000.0,64941000.0,50408000.0,62375000.0,32352000.0,55423000.0,29114000.0,45978000.0,30963000.0,38047000.0,40103000.0,55760000.0,58110000.0,56196000.0,64254000.0,62743000.0,57861000.0,44381000.0,39339000.0,38979000.0,39556000.0,31172000.0,19506000.0,18925000.0,22206000.0,41924000.0,42946000.0,22791000.0
accrued_liabilities,,,,,22280000.0,20484000.0,20634000.0,23905000.0,23308000.0,2684000.0,4941000.0,6742000.0,31398000.0,3434000.0,3781000.0,5378000.0,26446000.0,2552000.0,5129000.0,6455000.0,8840000.0,3405000.0,4655000.0,6837000.0,9574000.0,4275000.0,5572000.0,7686000.0,15535000.0,8973000.0,8782000.0,8781000.0,10591000.0,4658000.0,6523000.0,8844000.0,10958000.0,5701000.0,7117000.0,8906000.0,13393000.0,6254000.0,8025000.0,10901000.0,14074000.0,7107000.0,11638000.0,14870000.0,19587000.0,5356000.0,7218000.0,10436000.0,14292000.0,5807000.0,8232000.0,9940000.0,12221000.0,6216000.0,8812000.0,11300000.0,14205000.0,5798000.0,7998000.0,10417000.0,12127000.0
deferred_revenue_current,,,,,,,,,,,,,,,,,,,,,,,,,,,,,,,,,,,,,,,,,,,,,,,,,,,,,,,,,,,,,,,,,
short_term_debt,,,,,,,,,,,,,,,,,0.0,,7200000.0,,0.0,8525000.0,,,,,,,,,,,,,,,,,,,,,,,0.0,,6000000.0,,,,,,,,,,,,,,,,,,
operating_lease_liabilities_current,,,,,,,,,,,,,,,,,,,,,,,,,,,,,,,,,,,,,0.0,5099000.0,7016000.0,6377000.0,5612000.0,5450000.0,5411000.0,5599000.0,5858000.0,5974000.0,6085000.0,6273000.0,6360000.0,6548000.0,6647000.0,6858000.0,6926000.0,6600000.0,6732000.0,5650000.0,4658000.0,3654000.0,2560000.0,6018000.0,6047000.0,6072000.0,6048000.0,6019000.0,6910000.0
total_current_liabilities,,,,,54208000.0,49808000.0,56131000.0,53063000.0,63923000.0,63190000.0,88401000.0,88750000.0,96668000.0,81735000.0,89109000.0,134063000.0,84358000.0,78319000.0,111910000.0,91034000.0,99037000.0,101792000.0,93028000.0,86721000.0,106684000.0,100141000.0,114311000.0,132324000.0,162009000.0,153617000.0,160722000.0,151504000.0,123199000.0,142260000.0,145973000.0,128816000.0,126979000.0,143491000.0,146894000.0,149036000.0,149881000.0,131929000.0,136120000.0,126163000.0,122138000.0,125046000.0,148940000.0,135127000.0,143422000.0,155349000.0,152308000.0,160176000.0,160715000.0,147271000.0,129704000.0,127437000.0,117048000.0,114115000.0,106906000.0,102545000.0,106623000.0,109668000.0,134604000.0,139557000.0,120924000.0
long_term_debt,,,,,486945000.0,464174000.0,447403000.0,429632000.0,1123908000.0,1096312000.0,1079720000.0,1000300000.0,970900000.0,953245000.0,978698000.0,981511000.0,934414000.0,969558000.0,1685111000.0,1637961000.0,1561273000.0,1506541000.0,1471864000.0,1447032000.0,1625309000.0,1577414000.0,1479663000.0,1415579000.0,2193732000.0,2145409000.0,2092088000.0,2053269000.0,1992952000.0,1993803000.0,1895835000.0,1842288000.0,1798598000.0,1779380000.0,1754171000.0,1701313000.0,1730300000.0,1620641000.0,1548100000.0,1548692000.0,1479653000.0,1545352000.0,1614000000.0,1550000000.0,1476658000.0,1490000000.0,1455000000.0,1440000000.0,1345788000.0,1330000000.0,1275000000.0,1210000000.0,1125804000.0,1100000000.0,1060000000.0,1000000000.0,992357000.0,992749000.0,993146000.0,1033547000.0,993953000.0
operating_lease_liabilities_noncurrent,,,,,,,,,,,,,,,,,,,,,,,,,,,,,,,,,,,,,0.0,12526000.0,27457000.0,26200000.0,24877000.0,23762000.0,22450000.0,21017000.0,19706000.0,18329000.0,17993000.0,17632000.0,16088000.0,14460000.0,12785000.0,11559000.0,9876000.0,8217000.0,6644000.0,6138000.0,7528000.0,7055000.0,6517000.0,24168000.0,22732000.0,21397000.0,19939000.0,18458000.0,20955000.0
deferred_tax_liabilities,,,,,153933000.0,156891000.0,160152000.0,161502000.0,167717000.0,174819000.0,180798000.0,185007000.0,194288000.0,200803000.0,198721000.0,205036000.0,213204000.0,219908000.0,334297000.0,342385000.0,351569000.0,362928000.0,373764000.0,383485000.0,469622000.0,460557000.0,459527000.0,459780000.0,763479000.0,724545000.0,,,473420000.0,,,,431857000.0,,,,454589000.0,,,,473827000.0,,,,484776000.0,,,,421393000.0,,,,442082000.0,,,,472862000.0,,,,500674000.0
total_liabilities,,,,,695086000.0,670873000.0,663686000.0,644197000.0,1355548000.0,1334321000.0,1348919000.0,1274057000.0,1261856000.0,1235783000.0,1266824000.0,1320912000.0,1232303000.0,1268143000.0,2131631000.0,2071659000.0,2014343000.0,1973778000.0,1941136000.0,1920061000.0,2204455000.0,2140959000.0,2056338000.0,2010995000.0,3088799000.0,3041014000.0,3006227000.0,2680485000.0,2582002000.0,2606997000.0,2504457000.0,2434962000.0,2345205000.0,2359087000.0,2351970000.0,2307708000.0,2342934000.0,2223133000.0,2156089000.0,2145548000.0,2070975000.0,2142867000.0,2214171000.0,2141088000.0,2093070000.0,2097491000.0,2058673000.0,2062911000.0,1906645000.0,1865282000.0,1796915000.0,1739176000.0,1663333000.0,1626749000.0,1585124000.0,1541064000.0,1567321000.0,1576143000.0,1617311000.0,1665292000.0,1606797000.0
retained_earnings,,,,,-26187000.0,-11419000.0,1530000.0,11040000.0,10742000.0,25397000.0,44641000.0,56898000.0,76247000.0,96939000.0,129731000.0,132861000.0,149145000.0,165877000.0,182340000.0,203633000.0,227405000.0,253578000.0,285381000.0,313376000.0,327312000.0,321781000.0,353976000.0,385617000.0,396707000.0,430466000.0,461171000.0,775964000.0,736277000.0,772086000.0,802927000.0,841094000.0,701820000.0,735745000.0,768997000.0,807055000.0,844101000.0,887807000.0,932396000.0,973269000.0,1008783000.0,1066538000.0,1111863000.0,1162078000.0,1214164000.0,1269436000.0,1320459000.0,1372410000.0,1131858000.0,1185134000.0,1238693000.0,1291739000.0,1341197000.0,1390265000.0,1444642000.0,1505674000.0,1555802000.0,1603268000.0,1645479000.0,1692175000.0,1746103000.0
treasury_stock,,,,,416000.0,687000.0,687000.0,687000.0,687000.0,687000.0,687000.0,687000.0,687000.0,965000.0,965000.0,965000.0,1431000.0,2545000.0,3034000.0,3062000.0,3478000.0,5121000.0,5121000.0,5121000.0,5163000.0,6558000.0,6558000.0,6594000.0,6594000.0,7621000.0,7669000.0,7669000.0,7669000.0,59928000.0,59928000.0,59928000.0,59928000.0,89493000.0,110784000.0,110878000.0,117623000.0,118865000.0,119862000.0,128739000.0,130732000.0,133648000.0,133648000.0,133648000.0,133648000.0,176825000.0,189098000.0,189114000.0,189114000.0,219707000.0,219661000.0,219638000.0,219621000.0,251566000.0,263498000.0,265843000.0,277208000.0,316330000.0,392228000.0,438547000.0,439301000.0
accumulated_other_comprehensive_income,,,,,0.0,-10000.0,-52000.0,-70000.0,-13000.0,-55000.0,11000.0,10000.0,-104000.0,-103000.0,1019000.0,-1675000.0,739000.0,3465000.0,-7365000.0,-16144000.0,-23412000.0,-23817000.0,-34896000.0,-29974000.0,-23525000.0,-29349000.0,-26646000.0,-35382000.0,-26352000.0,-25232000.0,-22516000.0,-18024000.0,-19315000.0,-22289000.0,-24434000.0,-26454000.0,-25747000.0,-25971000.0,-29555000.0,-26058000.0,-44161000.0,-33262000.0,-28612000.0,-17231000.0,-19801000.0,-20773000.0,-24420000.0,-23207000.0,-19032000.0,-29341000.0,-36459000.0,-29489000.0,-31564000.0,-32210000.0,-35994000.0,-28529000.0,-34495000.0,-31335000.0,-26536000.0,-40164000.0,-37659000.0,-32255000.0,-31600000.0,-30234000.0,-28368000.0
total_equity,329059000.0,,,,361832000.0,377743000.0,391455000.0,401650000.0,402728000.0,418334000.0,438704000.0,457332000.0,477943000.0,500311000.0,541252000.0,543934000.0,563360000.0,585807000.0,594039000.0,608937000.0,627624000.0,662724000.0,685755000.0,720938000.0,744336000.0,737481000.0,774640000.0,799857000.0,822549000.0,858547000.0,895966000.0,1217437000.0,1178610000.0,1161723000.0,1193238000.0,1233120000.0,1095831000.0,1101623000.0,1112790000.0,1156494000.0,1170971000.0,1227014000.0,1278217000.0,1323221000.0,1358298000.0,1416247000.0,1461647000.0,1518320000.0,1577611000.0,1584743000.0,1619841000.0,1686863000.0,1447084000.0,1480295000.0,1535959000.0,1600577000.0,1655084000.0,1680767000.0,1731761000.0,1788433000.0,1834897000.0,1855482000.0,1824969000.0,1829451000.0,1887516000.0
cash_flow_from_operations,59427000.0,20713000.0,,,86670000.0,15443000.0,,,67452000.0,14742000.0,,,137605000.0,22798000.0,,,111582000.0,29671000.0,,,156255000.0,43521000.0,,,176310000.0,51301000.0,,,148672000.0,54121000.0,,,210110000.0,55852000.0,,,189284000.0,52777000.0,,,217124000.0,75154000.0,,,235607000.0,69305000.0,,,259922000.0,58247000.0,,,229716000.0,48087000.0,,,248926000.0,54776000.0,,,251515000.0,79013000.0,,,257627000.0
stock_based_compensation,2085000.0,857000.0,,,3575000.0,861000.0,,,3078000.0,913000.0,,,3772000.0,1193000.0,,,5146000.0,1858000.0,,,6918000.0,3047000.0,,,9954000.0,1940000.0,,,8148000.0,1713000.0,,,,1657000.0,,,,1381000.0,,,,1464000.0,,,,1878000.0,,,,3857000.0,,,12405000.0,4146000.0,,,14010000.0,3425000.0,,,11157000.0,3682000.0,,,10835000.0
depreciation_amortization_cf,11450000.0,2547000.0,,,10108000.0,2550000.0,,,10734000.0,3295000.0,,,13235000.0,3268000.0,,,13486000.0,2961000.0,,,17740000.0,5720000.0,,,23676000.0,6832000.0,,,25792000.0,8507000.0,,,33426000.0,8372000.0,,,31779000.0,7061000.0,,,28995000.0,7467000.0,,,30164000.0,7594000.0,,,32092000.0,8384000.0,,,32625000.0,7543000.0,,,30675000.0,8124000.0,,,30173000.0,7666000.0,,,31273000.0
capital_expenditure,673000.0,130000.0,,,655000.0,76000.0,,,606000.0,1198000.0,,,10268000.0,1364000.0,,,2764000.0,496000.0,,,6101000.0,780000.0,,,3568000.0,895000.0,,,2977000.0,2554000.0,,,12532000.0,2469000.0,,,10480000.0,1956000.0,,,14560000.0,2553000.0,,,22243000.0,1500000.0,,,9642000.0,1047000.0,,,7784000.0,1477000.0,,,9550000.0,1152000.0,,,8224000.0,838000.0,,,11178000.0
cash_flow_from_investing,7320000.0,-130000.0,,,-275680000.0,-76000.0,,,-662206000.0,-1409000.0,,,11221000.0,-1362000.0,,,-57976000.0,-78487000.0,,,-805258000.0,-436000.0,,,-222971000.0,-895000.0,,,-694595000.0,-1584000.0,,,-11562000.0,-2469000.0,,,55432000.0,-1956000.0,,,-16570000.0,-2553000.0,,,-22243000.0,-1323000.0,,,-256511000.0,-1047000.0,,,-11584000.0,2323000.0,,,-20111000.0,-2130000.0,,,-17452000.0,-1938000.0,,,-136841000.0
cash_flow_from_financing,-60831000.0,-28574000.0,,,161247000.0,-22708000.0,,,600434000.0,-27920000.0,,,-152117000.0,-17797000.0,,,-41153000.0,36056000.0,,,643265000.0,-42887000.0,,,52076000.0,-47999000.0,,,560957000.0,-50594000.0,,,-208955000.0,-51379000.0,,,-249328000.0,-49290000.0,,,-131431000.0,-111362000.0,,,-279419000.0,63650000.0,,,-7569000.0,-47374000.0,,,-185846000.0,-54179000.0,,,-241015000.0,-65522000.0,,,-182075000.0,-36282000.0,,,-156062000.0
dividends_paid,,,,,,,,,,,,,0.0,,,,0.0,,,,0.0,,,,0.0,,,,,,,,,,,,,,,,,,,,,,,,,,,,,,,,,,,,,,,,
share_repurchase,,,,,,,,,,,,,,,,,,,,,,,,,,,,,0.0,0.0,,,0.0,49978000.0,,,49978000.0,28766000.0,,,56721000.0,0.0,,,11867000.0,0.0,,,0.0,37727000.0,,,50000000.0,25000000.0,,,25000000.0,25976000.0,,,51509000.0,34775000.0,,,156283000.0
shares_outstanding_basic,50013000.0,50038000.0,50053000.0,50085000.0,50081000.0,50183000.0,50278000.0,50307000.0,50270000.0,50342000.0,50364000.0,50686000.0,50633000.0,51222000.0,51463000.0,51806000.0,51641000.0,51956000.0,52088000.0,52278000.0,52170000.0,52548000.0,52803000.0,52824000.0,52754000.0,52881000.0,52993000.0,52999000.0,52976000.0,53038000.0,53098000.0,53129000.0,53099000.0,52640000.0,51841000.0,51881000.0,52068000.0,51697000.0,50455000.0,50378000.0,50723000.0,50264000.0,50330000.0,50212000.0,50210000.0,50139000.0,50232000.0,50303000.0,50259000.0,50264000.0,49804000.0,49693000.0,49889000.0,49767000.0,49687000.0,49740000.0,49757000.0,49886000.0,49652000.0,49597000.0,49697000.0,49475000.0,49025000.0,47880000.0,48456000.0
shares_outstanding_diluted,50085000.0,50105000.0,50141000.0,50533000.0,50338000.0,50646000.0,50671000.0,50684000.0,50748000.0,51106000.0,51225000.0,51523000.0,51440000.0,52040000.0,52219000.0,52445000.0,52349000.0,52533000.0,52594000.0,52730000.0,52670000.0,52958000.0,53151000.0,53203000.0,53143000.0,52881000.0,53345000.0,53359000.0,53362000.0,53509000.0,53539000.0,53543000.0,53526000.0,52942000.0,52153000.0,52202000.0,52068000.0,52047000.0,50811000.0,50831000.0,51140000.0,50808000.0,50661000.0,50561000.0,50605000.0,50671000.0,50791000.0,50935000.0,50842000.0,50730000.0,50265000.0,50186000.0,49889000.0,50196000.0,50081000.0,50125000.0,50178000.0,50267000.0,49998000.0,49993000.0,50080000.0,49833000.0,49264000.0,48087000.0,48720000.0
total_debt,,,,,,,,,,,,,,,,,934414000.0,,1692311000.0,,1561273000.0,1515066000.0,,,,,,,,,,,,,,,,,,,,,,,1479653000.0,,1620000000.0,,,,,,,,,,,,,,,,,,
current_stock_price,9.0,7.08,9.89,11.95,11.5,12.84,9.05,11.27,17.48,15.81,16.96,20.03,25.69,29.14,30.12,35.8,27.25,33.89,32.37,34.72,42.89,46.24,45.16,51.48,53.39,55.4,48.27,52.1,55.56,52.81,50.09,44.41,33.72,38.38,37.89,30.88,29.91,31.68,34.69,40.5,36.68,37.56,36.42,34.87,44.08,52.1,56.11,60.65,52.94,58.8,49.83,62.6,62.63,59.43,57.19,61.22,72.56,68.85,72.1,78.09,85.97,79.85,62.4,61.69,59.27
market_cap,450765000.0,354743396.17729187,495894507.2145462,603869340.3615952,578887000.0,650294647.7279663,458572559.6647263,571208703.201294,887075016.7694092,807985881.444931,868775953.1021118,1032005725.3780364,1321493627.4719238,1516445568.2373047,1572836323.8239288,1877530959.9876404,1426510250.0,1780343337.9364014,1702467723.8235474,1830785664.367676,2259016267.852783,2448778008.8882446,2400299151.889801,2738890415.6455994,2837304737.564087,2929607480.6900024,2574963174.419403,2780003818.5806274,2964792793.281555,2825810363.483429,2681768518.169403,2377844621.8299866,1804896785.3393557,2031914016.5481567,1976077138.168335,1611997716.190338,1557353872.0550537,1648848975.883484,1762633520.2217102,2058655500.0,1875815215.6066892,1908348549.77417,1845073527.2369385,1763062015.9950256,2230668492.6605225,2639959022.68219,2849883041.000366,3089207827.720642,2691575410.179138,2982923961.296081,2504705042.037964,3141643523.422241,3124548123.287201,2983148295.3186035,2864132321.2242126,3068652561.187744,3640915557.495117,3460882873.298645,3604855723.7091055,3903953186.920166,4305377661.1328125,3979164973.960877,3074073675.1708984,2966486963.962555,2887634422.302246
enterprise_value,409668000.0,321637396.17729187,440862507.2145462,520603340.3615952,565553000.0,644303647.7279663,450611559.6647263,566769703.201294,868060016.7694092,803581881.444931,839769953.1021118,1021574725.3780364,1305823627.4719238,1497139568.2373047,1546003323.8239288,1783177959.9876404,2332593250.0,1764668337.9364014,3373030723.8235474,1808834664.367676,3798971267.852783,3942246008.8882446,2378147151.889801,2689917415.6455994,2810074737.564087,2900730480.6900024,2544505174.419403,2716714818.5806274,2922937793.281555,2781675363.483429,2638791518.169403,2332468621.8299866,1772348785.3393557,1997645016.5481567,1939167138.168335,1587325716.190338,1529823872.0550537,1619806975.883484,1734728520.2217102,2030064500.0,1781055215.6066897,1850407549.77417,1818470527.2369385,1700959015.9950256,3678019492.6605225,2476335022.68219,4427065041.000366,3068189827.720642,2664390410.179138,2947054961.296081,2462263042.037964,3055285523.422241,3066059123.287201,2928568295.3186035,2804065321.2242126,3005037561.187744,3594446557.495117,3426626873.298645,3553315723.7091064,3853079186.920166,4207493661.132813,3839662973.960877,2954967675.1708984,2904113963.962555,2823766422.302246
beta_3y,0.9397,0.936,0.9394,0.9393,0.93,0.9326,1.0071,1.3136,1.3708,1.3645,1.3626,1.3865,1.3805,1.4527,1.4733,1.4562,1.4465,1.4036,1.3444,1.0119,1.0187,1.066,1.0429,0.9963,1.0005,0.9529,0.9318,0.9524,0.96,0.9947,0.98,0.9733,0.9293,0.9507,0.9389,0.907,0.9032,0.8983,0.8907,0.8883,0.8468,0.8104,0.8022,0.8002,0.7831,0.7592,0.7605,0.7483,0.7012,0.6714,0.6586,0.6512,0.5133,0.4843,0.472,0.4557,0.4658,0.4529,0.4384,0.4463,0.4826,0.4898,0.4885,0.4412,0.4824
risk_free_rate,0.0383299994468689,0.0295099997520446,0.0251699995994567,0.033050000667572,0.034539999961853,0.031579999923706,0.0192400002479553,0.0187100005149841,0.0221600008010864,0.0165900003910064,0.0163699996471405,0.0175600004196166,0.0185199999809265,0.024779999256134,0.0261500000953674,0.0302600002288818,0.0272300004959106,0.0251600003242492,0.0250799989700317,0.0217000007629394,0.0193400001525878,0.0233500003814697,0.0205999994277954,0.0226900005340576,0.0178600001335144,0.0148800003528594,0.0160800004005432,0.0244600009918212,0.0239599990844726,0.0230200004577636,0.0232599997520446,0.0240499997138977,0.0274099993705749,0.0284899997711181,0.0305599999427795,0.0268600010871887,0.0241400003433227,0.02,0.0167499995231628,0.019190000295639,0.0069800001382827,0.0065299999713897,0.0067699998617172,0.0091699999570846,0.0174600005149841,0.01442999958992,0.0152900004386901,0.0151199996471405,0.0232699990272521,0.0297199988365173,0.0380399990081787,0.0387899994850158,0.0349399995803833,0.0381900000572204,0.0457299995422363,0.0386599993705749,0.042059998512268,0.0434299993515014,0.0380200004577636,0.0457299995422363,0.0424599981307983,0.0423000001907348,0.0414799976348876,0.0416300010681152,0.0431099987030029
wacc,,,,,,,,,,,,,,,,,0.0853,,0.0578,,0.0584,0.0565,,,,,,,,,,,,,,,,,,,,,,,0.0543,,0.0448,,,,,,,,,,,,,,,,,,
ebitda,89775000.0,23208000.0,,,86253000.0,29785000.0,29602000.0,23830000.0,113557000.0,47128000.0,51556000.0,47122000.0,205119000.0,52709000.0,54262000.0,41558000.0,202102000.0,45764000.0,47418000.0,57993000.0,225299000.0,68225000.0,71098000.0,63843000.0,283991000.0,19046000.0,72558000.0,73787000.0,231435000.0,87462000.0,81525000.0,89690000.0,248900000.0,80859000.0,76324000.0,82841000.0,99282000.0,78547000.0,74248000.0,81304000.0,320150000.0,87586000.0,77803000.0,78343000.0,327566000.0,98936000.0,83858000.0,87994000.0,362011000.0,95398000.0,89984000.0,92784000.0,10210000.0,92737000.0,93150000.0,91732000.0,373104000.0,80170000.0,89139000.0,96162000.0,366948000.0,79422000.0,84170000.0,86891000.0,340682000.0
free_cash_flow,58754000.0,20583000.0,,,86015000.0,15367000.0,,,66846000.0,13544000.0,,,127337000.0,21434000.0,,,108818000.0,29175000.0,,,150154000.0,42741000.0,,,172742000.0,50406000.0,,,145695000.0,51567000.0,,,197578000.0,53383000.0,,,178804000.0,50821000.0,,,202564000.0,72601000.0,,,213364000.0,67805000.0,,,250280000.0,57200000.0,,,221932000.0,46610000.0,,,239376000.0,53624000.0,,,243291000.0,78175000.0,,,246449000.0
