Financials,2007-12-31,2008-06-30,2008-09-30,2008-12-31,2009-03-31,2009-06-30,2009-09-30,2009-12-31,2010-03-31,2010-06-30,2010-09-30,2010-12-31,2011-03-31,2011-06-30,2011-09-30,2011-12-31,2012-03-31,2012-06-30,2012-09-30,2012-12-31,2013-03-31,2013-06-30,2013-09-30,2013-12-31,2014-03-31,2014-06-30,2014-09-30,2014-12-31,2015-03-31,2015-06-30,2015-09-30,2015-12-31,2016-03-31,2016-06-30,2016-09-30,2016-12-31,2017-03-31,2017-06-30,2017-09-30,2017-12-31,2018-03-31,2018-06-30,2018-09-30,2018-12-31,2019-03-31,2019-06-30,2019-09-30,2019-12-31,2020-03-31,2020-06-30,2020-09-30,2020-12-31,2021-03-31,2021-06-30,2021-09-30,2021-12-31,2022-03-31,2022-06-30,2022-09-30,2022-12-31,2023-03-31,2023-06-30,2023-09-30,2023-12-31,2024-03-31,2024-06-30,2024-09-30,2024-12-31,2025-03-31,2025-06-30,2025-09-30,2025-12-31,2026-03-31
revenue,,,,,,,,,,,,,,,,,,,,,,,,,,,,,,,,,,,,,,,,,,,,,,,,,,,,,,,,,,,,,,,,,,,,,,,,,
cost_of_goods_sold,,,,,,,,,,,,,,,,,,,,,,,,,,,,,,,,,,,,,,,,,,,,,,,,,,,,,,,,,,,,,,,,,,,,,,,,,
gross_profit,,,,,,,,,,,,,,,,,,,,,,,,,,,,,,,,,,,,,,,,,,,,,,,,,,,,,,,,,,,,,,,,,,,,,,,,,
research_and_development,,,,120000000.0,,,,138000000.0,,,,154000000.0,,,,115000000.0,,,,,,,,,,,,,,,,,,,,,,,,,,,,,,,,,,,,,,,,,,,,,,,,,,,,,,,,,
selling_general_and_admin,,,,909477000.0,,,,905000000.0,,,,1054000000.0,,,,890000000.0,,,,,,,,,,,,,,,,,,,,,,,,,,,,,,,,,,,,,,,,,,,,,,,,,,,,,,,,,
operating_expenses,,,,1029477000.0,253114000.0,273464000.0,281518000.0,1043000000.0,287000000.0,309000000.0,302000000.0,1208000000.0,303000000.0,268000000.0,285000000.0,1005000000.0,236000000.0,216000000.0,220000000.0,253770000.0,60771000.0,66771000.0,68717000.0,270474000.0,63671000.0,60479000.0,72079000.0,274881000.0,81187000.0,89799000.0,92864000.0,349095000.0,92885000.0,94777000.0,99709000.0,385407000.0,102794000.0,111368000.0,116259000.0,118668000.0,124966000.0,135315000.0,150724000.0,556976000.0,140147000.0,138806000.0,153621000.0,574253000.0,147298000.0,141557000.0,127490000.0,538088000.0,124499000.0,128010000.0,140649000.0,125495000.0,132006000.0,131730000.0,149964000.0,137762000.0,154539000.0,154164000.0,167402000.0,143101000.0,,,,,,,,,
operating_income_ebit,,,,,,,,,,,,,,,,,,,,,,,,,,,,,,,,,,,,,,,,,,,,,,,,,,,,,,,,,,,,,,,,,,,,,,,,,
depreciation_and_amortization_expense,,,,,,,,,,,,39000000.0,,,,21000000.0,,,,6837000.0,,,,5059000.0,1182000.0,,,6099000.0,1659000.0,,,7437000.0,2104000.0,,,9592000.0,2585000.0,,,11171000.0,3117000.0,,,13829000.0,3586000.0,,,14669000.0,3855000.0,,,15066000.0,3715000.0,0.0,0.0,16043000.0,4189000.0,2417000.0,2328000.0,17331000.0,4524000.0,2245000.0,2834000.0,17811000.0,4705000.0,1000000.0,1000000.0,17652000.0,3953000.0,1000000.0,1000000.0,16166000.0,4329000.0
interest_income,8674022000.0,1768461000.0,1869282000.0,7269638000.0,1241610000.0,1203160000.0,1199046000.0,4758000000.0,1385861000.0,1464855000.0,1511000000.0,5754000000.0,1492000000.0,1460000000.0,1476000000.0,5930000000.0,1477000000.0,1403000000.0,1464000000.0,491281000.0,1366000000.0,128888000.0,137693000.0,551200000.0,161869000.0,165573000.0,168203000.0,674294000.0,201356000.0,198474000.0,208901000.0,831118000.0,249455000.0,255241000.0,272537000.0,1077246000.0,329488000.0,342095000.0,366224000.0,1437303000.0,437231000.0,462311000.0,497597000.0,1935352000.0,566453000.0,573722000.0,590391000.0,2331032000.0,574933000.0,484795000.0,482378000.0,2021660000.0,436158000.0,434690000.0,447555000.0,1776844000.0,465038000.0,463031000.0,519911000.0,2031580000.0,637598000.0,633905000.0,652250000.0,2592303000.0,663558000.0,641476000.0,652639000.0,2619046000.0,656090000.0,656759000.0,657587000.0,2627255000.0,649309000.0
interest_expense,7085772000.0,1365918000.0,1394533000.0,5905418000.0,1026547000.0,819459000.0,673870000.0,3035000000.0,531384000.0,568933000.0,639000000.0,2275000000.0,594000000.0,592000000.0,591000000.0,2401000000.0,666000000.0,656000000.0,645000000.0,82912000.0,571000000.0,21471000.0,20910000.0,89085000.0,22631000.0,21034000.0,24177000.0,95815000.0,30402000.0,30217000.0,33459000.0,128619000.0,39592000.0,42475000.0,49262000.0,185908000.0,61412000.0,72202000.0,84163000.0,308082000.0,104617000.0,121361000.0,140964000.0,522288000.0,164172000.0,176854000.0,185326000.0,707717000.0,174817000.0,136020000.0,117811000.0,541667000.0,105044000.0,95906000.0,90037000.0,382078000.0,90006000.0,100223000.0,150401000.0,542799000.0,232530000.0,247274000.0,267622000.0,1030090000.0,276542000.0,,,,,,,,
tax_expense,408275000.0,153074000.0,-103819000.0,-36693000.0,-6507000.0,-39260000.0,83916000.0,264000000.0,159000000.0,199000000.0,-126000000.0,493000000.0,99000000.0,-10000000.0,-46000000.0,328000000.0,68000000.0,169000000.0,104000000.0,126143000.0,44765000.0,46973000.0,30272000.0,158934000.0,28658000.0,31941000.0,54903000.0,139967000.0,31722000.0,60158000.0,17985000.0,164780000.0,38875000.0,34555000.0,47557000.0,164109000.0,51011000.0,44713000.0,40617000.0,202531000.0,40997000.0,40074000.0,-53667000.0,71853000.0,56296000.0,33801000.0,40701000.0,165464000.0,121481000.0,-30664000.0,55189000.0,273316000.0,203525000.0,53174000.0,19392000.0,379751000.0,37356000.0,114296000.0,29551000.0,161711000.0,37338000.0,91482000.0,11242000.0,196905000.0,97554000.0,86554000.0,-14410000.0,190311000.0,98579000.0,16362000.0,49963000.0,247716000.0,92399000.0
net_income,-896394000.0,265736000.0,-158541000.0,-212626000.0,-47781000.0,-148520000.0,116483000.0,324000000.0,240000000.0,338000000.0,-495000000.0,530000000.0,171000000.0,-10000000.0,-52000000.0,633000000.0,112000000.0,292000000.0,188000000.0,217620000.0,72885000.0,76469000.0,49390000.0,258945000.0,47448000.0,44128000.0,82926000.0,194219000.0,47699000.0,91016000.0,45724000.0,274284000.0,65915000.0,57205000.0,56965000.0,250327000.0,94943000.0,70617000.0,76371000.0,288934000.0,126254000.0,109832000.0,103878000.0,487476000.0,158189000.0,150277000.0,128458000.0,578276000.0,362173000.0,-85211000.0,171028000.0,880690000.0,641207000.0,140201000.0,72840000.0,1160513000.0,128812000.0,342073000.0,75172000.0,469014000.0,118518000.0,265065000.0,29365000.0,581391000.0,289931000.0,251993000.0,-45152000.0,608325000.0,304540000.0,71272000.0,135850000.0,744847000.0,307954000.0
basic_eps,-2.26,0.51,-0.4,-0.69,-0.1,-0.32,0.25,0.38,0.46,0.66,-1.06,0.94,0.32,-0.02,-0.1,1.19,0.21,0.59,0.39,0.46,0.16,0.17,0.11,0.59,0.11,0.1,0.18,0.43,0.1,0.2,0.1,0.6,0.14,0.12,0.12,0.54,0.21,0.15,0.17,0.63,0.28,0.24,0.23,1.08,0.35,0.34,0.29,1.31,0.88,-0.23,0.45,2.27,1.77,0.45,0.24,3.67,0.46,1.3,0.29,1.78,0.47,1.11,0.11,2.44,1.29,1.13,-0.23,2.73,1.43,0.32,0.64,3.52,1.56
diluted_eps,-2.26,0.5,-0.4,-0.69,-0.1,-0.32,0.25,0.38,0.45,0.63,-1.06,0.94,0.32,-0.02,-0.1,1.18,0.21,0.59,0.39,0.45,0.16,0.17,0.11,0.58,0.11,0.09,0.18,0.42,0.1,0.2,0.09,0.59,0.14,0.12,0.12,0.53,0.2,0.15,0.17,0.62,0.28,0.24,0.23,1.07,0.35,0.34,0.29,1.3,0.87,-0.23,0.45,2.25,1.75,0.44,0.24,3.61,0.45,1.29,0.29,1.76,0.47,1.1,0.11,2.41,1.27,1.11,-0.23,2.68,1.4,0.32,0.63,3.46,1.54
cash_and_cash_equivalents,7582031000.0,5123201000.0,3895853000.0,4070000000.0,3063801000.0,6139957000.0,5186998000.0,6070000000.0,6840902000.0,6267039000.0,5875000000.0,4343000000.0,3872000000.0,4145000000.0,3523000000.0,1465894000.0,3043000000.0,3020000000.0,3083000000.0,1599082000.0,3685000000.0,1532493000.0,1147859000.0,2182865000.0,1235139000.0,1524176000.0,1570378000.0,2359780000.0,875622000.0,1278863000.0,1281797000.0,2444199000.0,938480000.0,1042915000.0,1454938000.0,1972510000.0,1077576000.0,1318168000.0,1247764000.0,1636175000.0,1435649000.0,2043789000.0,1839054000.0,2681895000.0,2156257000.0,3998514000.0,3851608000.0,5720760000.0,7292929000.0,4988961000.0,4351045000.0,4609709000.0,6207001000.0,4497310000.0,2717752000.0,4545344000.0,3262595000.0,3649651000.0,4846754000.0,4772836000.0,3716379000.0,3875758000.0,3548225000.0,4149838000.0,3584013000.0,5262448000.0,4489539000.0,4874260000.0,3695076000.0,4092465000.0,3539341000.0,4241265000.0,5157453000.0
marketable_securities,,,,1041405000.0,,2072482000.0,1834810000.0,2013828000.0,1401059000.0,1413077000.0,1117111000.0,956000000.0,891618000.0,1139409000.0,1427000000.0,1122000000.0,999000000.0,1103000000.0,1200000000.0,1082000000.0,1006000000.0,938000000.0,996000000.0,892000000.0,787000000.0,,,,,,,,,,,,,,,,,,,,,,,,,,,,,,,,,,,,,,,,,,,,,,,,
accounts_receivable,,,,,,,,,,,,,,,,,,,,,,,,,,,,,,,,,,,,,,,,,,,,,,,,,,,,,,,,,,,,,,,,,,,,,,,,,
inventory,,,,,,,,,,,,,,,,,,,,,,,,,,,,,,,,,,,,,,,,,,,,,,,,,,,,,,,,,,,,,,,,,,,,,,,,,
prepaid_expenses,,,,,,,,,,,,,,,,,,,,,,,,,,,,,,,,,,,,,,,,,,,,,,,,,,,,,,,,,,,,,,,,,,,,,,,,,
total_current_assets,,,,,,,,,,,,,,,,,,,,,,,,,,,,,,,,,,,,,,,,,,,,,,,,,,,,,,,,,,,,,,,,,,,,,,,,,
property_plant_equipment,,,,,,,,,,,,,,,,,,,,,,,,74188000.0,,77833000.0,78806000.0,78470000.0,79822000.0,80432000.0,80224000.0,81273000.0,81261000.0,86512000.0,86721000.0,87063000.0,87982000.0,88978000.0,88975000.0,89748000.0,97211000.0,101335000.0,105058000.0,105504000.0,130536000.0,129658000.0,135208000.0,134749000.0,143622000.0,147738000.0,148773000.0,154670000.0,155425000.0,153969000.0,153334000.0,150516000.0,148154000.0,146814000.0,144031000.0,140728000.0,137890000.0,134895000.0,132622000.0,129501000.0,127414000.0,126440000.0,122972000.0,119354000.0,117426000.0,117821000.0,119286000.0,122193000.0,121546000.0
operating_lease_rou_assets,,,,,,,,,,,,,,,,,,,,,,,,,,,,,,,,,,,,,,,,,,,,,34000000.0,,,,,,,,,,,,,,,,,,,,,,,,,,,,
goodwill,,,,,,,,991000000.0,,,387000000.0,387000000.0,,,,405000000.0,,,,394000000.0,,,,394000000.0,,,,,,,,,,,,,,,,,,,,,,,,,,,,,,,,,51000000.0,51000000.0,51000000.0,51000000.0,51000000.0,51000000.0,56000000.0,56000000.0,56000000.0,56000000.0,56000000.0,56000000.0,56000000.0,56000000.0,56000000.0,56000000.0,56000000.0
intangible_assets,,,,,,,,187000000.0,,,,92000000.0,,,,73000000.0,,,,448000000.0,,,,6515000.0,421000000.0,4241000.0,3733000.0,3225000.0,2855000.0,2485000.0,2115000.0,1745000.0,1485000.0,,,,,,,,,,,,,,,,,,,,,,,0.0,125267000.0,122850000.0,120570000.0,118273000.0,116001000.0,113756000.0,127723000.0,68711000.0,67496000.0,66102000.0,64877000.0,63532000.0,62510000.0,61612000.0,60767000.0,59974000.0,59234000.0
total_assets,,,,168768437000.0,,181183795000.0,186443924000.0,169985298000.0,207513085000.0,207318712000.0,206106774000.0,205307000000.0,203354808000.0,200356599000.0,197544000000.0,193345000000.0,191692000000.0,189079000000.0,184203000000.0,181260000000.0,174086000000.0,161468000000.0,161570000000.0,10706664000.0,156472000000.0,11379339000.0,11714952000.0,12972243000.0,12933524000.0,12874961000.0,14450544000.0,15214098000.0,15324773000.0,15629929000.0,17745613000.0,18533003000.0,19236501000.0,19513296000.0,21016170000.0,21779584000.0,23406322000.0,24189176000.0,25691183000.0,26638173000.0,27613625000.0,29585226000.0,31160215000.0,32686479000.0,31760895000.0,30412110000.0,30642421000.0,30770423000.0,30628005000.0,28925175000.0,28791139000.0,29221899000.0,29051829000.0,27498773000.0,29139088000.0,28811029000.0,29453901000.0,27708403000.0,29273219000.0,29169468000.0,28277282000.0,28768844000.0,30012767000.0,30072110000.0,28899184000.0,29602917000.0,29605422000.0,29746295000.0,29409591000.0
accounts_payable,,,,,,,,,,,,,,,,,,,,,,,,,,,,,,,,,,,,,,,,,,,,,,,,,,,,,,,,,,,,,,,,,,,,,,,,,
accrued_liabilities,,,,,,,,,,,,,,,,,,,,,,,,,,,,,,,,,,,,,,,,,,,,,,,,,,,,,,,,,,,,,,,,,,,,,,,,,
deferred_revenue_current,,,,,,,,,,,,,,,,,,,,,,,,,,,,,,,,,,,,,,,,,,,,,,,,,,,,,,,,,,,,,,,,,,,,,,,,,
short_term_debt,,,,41933043000.0,,47331576000.0,53406554000.0,30896811000.0,41102389000.0,46472435000.0,45388432000.0,33616000000.0,32316856000.0,30765693000.0,31745000000.0,29573000000.0,27123000000.0,24493000000.0,20457000000.0,128000000000.0,17254000000.0,16558000000.0,15572000000.0,13795000000.0,11626000000.0,,,0.0,,,710005000.0,500175000.0,526500000.0,0.0,350000000.0,0.0,0.0,0.0,300000000.0,0.0,0.0,0.0,0.0,0.0,0.0,0.0,297800000.0,289230000.0,0.0,0.0,0.0,0.0,0.0,199379000.0,199583000.0,0.0,0.0,0.0,0.0,0.0,0.0,0.0,0.0,0.0,0.0,0.0,0.0,0.0,0.0,0.0,0.0,498415000.0,498889000.0
operating_lease_liabilities_current,,,,,,,,,,,,,,,,,,,,,,,,,,,,,,,,,,,,,,,,,,,,,,,,,,,,,,,,,,,,,,,,,,,,,,,,,
total_current_liabilities,,,,,,,,,,,,,,,,,,,,,,,,,,,,,,,,,,,,,,,,,,,,,,,,,,,,,,,,,,,,,,,,,,,,,,,,,
long_term_debt,,,,118224794000.0,,125880044000.0,124647818000.0,130546272000.0,157983266000.0,152250912000.0,0.0,163543000000.0,161886309000.0,160765277000.0,156810000000.0,154393000000.0,155588000000.0,155476000000.0,154786000000.0,152401000000.0,147887000000.0,135879000000.0,136944000000.0,136648000000.0,136177000000.0,,,0.0,,,593687000.0,579101000.0,558513000.0,1038029000.0,1577689000.0,2167979000.0,2837347000.0,2872231000.0,2738662000.0,3275270000.0,3744345000.0,4217119000.0,4532221000.0,4284304000.0,4476406000.0,4862763000.0,4601888000.0,4354037000.0,4708036000.0,4449767000.0,4947647000.0,5189217000.0,4918670000.0,4989060000.0,5219748000.0,5930990000.0,5552497000.0,5219310000.0,5522311000.0,5235114000.0,5513976000.0,5213698000.0,5515532000.0,5227512000.0,4976882000.0,5403012000.0,6036527000.0,6440345000.0,6147473000.0,6410978000.0,6838995000.0,5362494000.0,5670293000.0
operating_lease_liabilities_noncurrent,,,,,,,,,,,,,,,,,,,,,,,,,,,,,,,,,,,,,,,,,,,,,,,,,,,,,,,,,,,,,,,,,,,,,,,,,
deferred_tax_liabilities,,,,,,,,,,,,,,,,,,,,,,,,3713000.0,,283000000.0,283000000.0,269377000.0,,,,205691000.0,,,,142455000.0,,,,56110000.0,,,,20104000.0,,,,28154000.0,,,,43615000.0,,,,40013000.0,,,,25920000.0,,,,26226000.0,,,,32891000.0,,,,46246000.0,
total_liabilities,,,,163762097000.0,,176332256000.0,181454899000.0,164706676000.0,202757389000.0,202231964000.0,201532697000.0,200295000000.0,198147721000.0,195345360000.0,192762000000.0,188094000000.0,186647000000.0,184141000000.0,179257000000.0,176194000000.0,168932000000.0,156034000000.0,155938000000.0,9540521000.0,150874000000.0,9641075000.0,9896524000.0,11142285000.0,11067611000.0,10912788000.0,12453210000.0,13117775000.0,13180848000.0,13433018000.0,15486117000.0,16185945000.0,16801145000.0,17175586000.0,18594330000.0,19305328000.0,20796489000.0,21460474000.0,22850848000.0,23665517000.0,24566091000.0,26487910000.0,27977083000.0,29374643000.0,29640312000.0,28395191000.0,28441975000.0,28207588000.0,28019541000.0,26621797000.0,26659878000.0,27072188000.0,27007622000.0,25521963000.0,27156860000.0,27084059000.0,27626806000.0,25902039000.0,27473995000.0,27288671000.0,26163543000.0,26485606000.0,27879017000.0,27912190000.0,26498328000.0,27227930000.0,27264124000.0,27294937000.0,26971959000.0
retained_earnings,,,,426175000.0,,229865000.0,346347000.0,604467000.0,72062000.0,391169000.0,-122565000.0,309000000.0,479655000.0,417702000.0,315000000.0,770000000.0,814000000.0,1040000000.0,1165000000.0,1451000000.0,1723000000.0,2195000000.0,2385000000.0,0.0,2733000000.0,20167000.0,98210000.0,113066000.0,154824000.0,240967000.0,281761000.0,366609000.0,426986000.0,478947000.0,530594000.0,595322000.0,684165000.0,750973000.0,824316000.0,868182000.0,990447000.0,1096359000.0,1196895000.0,1340017000.0,1480718000.0,1600855000.0,1725674000.0,1850512000.0,1243722000.0,1133269000.0,1302654000.0,1722365000.0,2350986000.0,2480672000.0,2543411000.0,2817134000.0,2913544000.0,3225610000.0,3270896000.0,3163640000.0,3250478000.0,3485732000.0,3485575000.0,3624859000.0,3884694000.0,4107980000.0,4034640000.0,4114446000.0,4386169000.0,4426222000.0,4531160000.0,4734313000.0,5010721000.0
treasury_stock,,,,1856394000.0,,-1860440000.0,1860989000.0,-1861738000.0,1866020000.0,1869760000.0,1872640000.0,1876000000.0,0.0,170496000.0,319000000.0,320000000.0,620000000.0,967000000.0,1108000000.0,1294000000.0,1535000000.0,1804000000.0,1813000000.0,0.0,2283000000.0,3113000.0,6208000.0,12187000.0,25329000.0,39272000.0,40481000.0,41223000.0,47978000.0,49735000.0,52414000.0,67484000.0,86659000.0,98821000.0,99715000.0,107644000.0,138629000.0,140956000.0,142297000.0,142591000.0,216710000.0,277071000.0,314694000.0,324659000.0,798039000.0,798046000.0,798068000.0,798993000.0,1108630000.0,1551724000.0,1797979000.0,2061383000.0,2254667000.0,2618188000.0,2635044000.0,2789967000.0,2804732000.0,3064010000.0,3064344000.0,3156364000.0,3196604000.0,3258794000.0,3374914000.0,3421609000.0,3478335000.0,3548644000.0,3715591000.0,3822797000.0,4099638000.0
accumulated_other_comprehensive_income,,,,-76476000.0,,-48683000.0,-44143000.0,-41000000.0,-42511000.0,-43333000.0,-44159000.0,-45000000.0,-35401000.0,-29636000.0,-20000000.0,-14000000.0,-9000000.0,-10000000.0,-8000000.0,-6000000.0,-4000000.0,9000000.0,8000000.0,-3024000.0,7000000.0,-365000.0,-1852000.0,-11393000.0,-20584000.0,-11448000.0,-23515000.0,-16059000.0,-29269000.0,-33853000.0,-27813000.0,-8671000.0,-6691000.0,-7852000.0,-4417000.0,2748000.0,15601000.0,23216000.0,27012000.0,10623000.0,2177000.0,-13579000.0,-20183000.0,-12367000.0,-43274000.0,-44071000.0,-38941000.0,-34200000.0,-24077000.0,-21640000.0,-19703000.0,-17897000.0,-39514000.0,-63999000.0,-93477000.0,-93870000.0,-78333000.0,-83564000.0,-101315000.0,-75104000.0,-77291000.0,-78809000.0,-50339000.0,-65861000.0,-55631000.0,-60833000.0,-45167000.0,-40128000.0,-38049000.0
total_equity,5234895000.0,5544484000.0,5355665000.0,5006000000.0,4963859000.0,4851539000.0,4989025000.0,5279000000.0,4755696000.0,5087000000.0,4574000000.0,5012000000.0,5207000000.0,5011000000.0,4782000000.0,1243858000.0,5046000000.0,4938000000.0,4946000000.0,1089300000.0,1109928000.0,1205950000.0,1173172000.0,1166143000.0,1231273000.0,1738264000.0,1818428000.0,1829958000.0,1865913000.0,1962173000.0,1997334000.0,2096323000.0,2143925000.0,2196911000.0,2259496000.0,2347058000.0,2435356000.0,2337710000.0,2421840000.0,2474256000.0,2609833000.0,2728702000.0,2840335000.0,2972656000.0,3047534000.0,3097316000.0,3183132000.0,3311836000.0,2120583000.0,2016919000.0,2200446000.0,2562835000.0,2608464000.0,2303378000.0,2131261000.0,2149711000.0,2044207000.0,1976810000.0,1982228000.0,1726970000.0,1827095000.0,1806364000.0,1799224000.0,1880797000.0,2113739000.0,2283238000.0,2133750000.0,2159920000.0,2400856000.0,2374987000.0,2341298000.0,2451358000.0,2437632000.0
cash_flow_from_operations,-48203000.0,,,-5691744000.0,-5468158000.0,,,-15914000000.0,-5549416000.0,,,-6692000000.0,759000000.0,,,3081000000.0,591000000.0,,,99550000.0,529000000.0,,,70020000.0,-118247000.0,,,-436773000.0,-19181000.0,,,-85063000.0,-49912000.0,,,-199023000.0,-9249000.0,,,-171159000.0,-14158000.0,,,-102741000.0,16715000.0,,,-15641000.0,144414000.0,,,-182669000.0,45752000.0,,,-49522000.0,62788000.0,,,4992000.0,8888000.0,,,-144637000.0,-76711000.0,,,-329395000.0,-146051000.0,,,-398581000.0,-75964000.0
stock_based_compensation,74621000.0,,,86271000.0,13243000.0,,,51000000.0,12278000.0,,,40000000.0,25000000.0,,,56000000.0,22000000.0,,,19102000.0,19000000.0,,,15681000.0,7248000.0,,,24971000.0,6140000.0,,,21598000.0,6216000.0,,,22944000.0,9425000.0,,,27899000.0,14745000.0,,,31524000.0,13891000.0,,,30600000.0,13610000.0,,,36464000.0,11124000.0,,,30649000.0,11921000.0,,,34461000.0,11536000.0,,,36380000.0,13790000.0,,,39996000.0,13272000.0,,,40559000.0,14800000.0
depreciation_amortization_cf,,,,,,,,,,,,,,,,,,,,,,,,,,,,,,,,,,,,,,,,,,,,,,,,,,,,,,,,,,,,,,,,,,,,,,,,,
capital_expenditure,,,,,,,,,,,,,,,,,,,,,,,,,,,,,,,,,,,,,,,,,,,,,,,,,,,,,,,,,,,,,,,,,,,,,,,,,
cash_flow_from_investing,-31256372000.0,,,-10667287000.0,636811000.0,,,311000000.0,1553627000.0,,,7414000000.0,2458000000.0,,,9474000000.0,1941000000.0,,,-1003374000.0,2184000000.0,,,-731116000.0,-658219000.0,,,-1388371000.0,-1367878000.0,,,-1847509000.0,-1461210000.0,,,-3308863000.0,-1382467000.0,,,-3160150000.0,-1540966000.0,,,-3254863000.0,-1193677000.0,,,-2306714000.0,2118222000.0,,,947330000.0,2390362000.0,,,2604673000.0,-988867000.0,,,1077392000.0,-1471052000.0,,,-12460000.0,572330000.0,,,675993000.0,496928000.0,,,1046760000.0,1589163000.0
cash_flow_from_financing,36265384000.0,,,12847002000.0,3825146000.0,,,17603000000.0,4766678000.0,,,-2449000000.0,-3688000000.0,,,-14104000000.0,-2283000000.0,,,1037012000.0,-2928000000.0,,,1244879000.0,-171260000.0,,,2002059000.0,-97099000.0,,,1989011000.0,33383000.0,,,3036197000.0,590928000.0,,,2994974000.0,1474682000.0,,,4403324000.0,804876000.0,,,5361220000.0,-501028000.0,,,-1875712000.0,-674114000.0,,,-2619516000.0,-168710000.0,,,-854892000.0,587471000.0,,,-316232000.0,-1063304000.0,,,228155000.0,-1356576000.0,,,-1103911000.0,-550351000.0
dividends_paid,102658000.0,,,0.0,,,,0.0,,,,,,,,154000000.0,63000000.0,,,0.0,68000000.0,,,0.0,0.0,,,12933000.0,4823000.0,,,19595000.0,5139000.0,,,21204000.0,5575000.0,,,15714000.0,0.0,,,0.0,13020000.0,,,51114000.0,12595000.0,,,46351000.0,10906000.0,,,60462000.0,30493000.0,,,112961000.0,26635000.0,,,101233000.0,24278000.0,,,99172000.0,27466000.0,,,107691000.0,25596000.0
share_repurchase,2222394000.0,,,0.0,,,,0.0,,,,,,,,300000000.0,268000000.0,,,900000000.0,199000000.0,,,600000000.0,200000000.0,,,,,,,,,,,,,,,0.0,0.0,,,0.0,60000000.0,,,167201000.0,558167000.0,,,558167000.0,550790000.0,,,1530683000.0,169322000.0,,,713197000.0,4005000.0,,,350264000.0,25457000.0,,,247968000.0,29696000.0,,,368736000.0,290656000.0
shares_outstanding_basic,412233000.0,466649000.0,466646000.0,466642000.0,466761000.0,466799000.0,470280000.0,471000000.0,484259000.0,484832000.0,485000000.0,487000000.0,527000000.0,524000000.0,511000000.0,517000000.0,503000000.0,482000000.0,464000000.0,476118000.0,451000000.0,439972000.0,436109000.0,440108000.0,426717000.0,422805000.0,423079000.0,423970000.0,424428000.0,425688000.0,426019000.0,425574000.0,427111000.0,427942000.0,428077000.0,427876000.0,429891000.0,431245000.0,431718000.0,431216000.0,433952000.0,435187000.0,435468000.0,435054000.0,434574000.0,429278000.0,424149000.0,427292000.0,409786000.0,375009000.0,375094000.0,383705000.0,361042000.0,312183000.0,299890000.0,314993000.0,276977000.0,261333000.0,251266000.0,258439000.0,241497000.0,235061000.0,226120000.0,231411000.0,220416000.0,218924000.0,214873000.0,216220000.0,210682000.0,208481380.0,203038649.0,207155000.0,188582790.0
shares_outstanding_diluted,412233000.0,517954000.0,466646000.0,466642000.0,466761000.0,466799000.0,471058000.0,472000000.0,526631000.0,527391000.0,485000000.0,488000000.0,532000000.0,524000000.0,511000000.0,523000000.0,510000000.0,488000000.0,471000000.0,482892000.0,458000000.0,448064000.0,444939000.0,448549000.0,434650000.0,430750000.0,431604000.0,432269000.0,432302000.0,432742000.0,432547000.0,432234000.0,430903000.0,431796000.0,433523000.0,432919000.0,438735000.0,438115000.0,438419000.0,438551000.0,438977000.0,439445000.0,440019000.0,439681000.0,438248000.0,432253000.0,427336000.0,430674000.0,412755000.0,375009000.0,377918000.0,387195000.0,366240000.0,317119000.0,304511000.0,319912000.0,280654000.0,264122000.0,253716000.0,261503000.0,243549000.0,237592000.0,228800000.0,234063000.0,223845000.0,222467000.0,214873000.0,219934000.0,214986000.0,213220000.0,210607000.0,210914000.0,197875000.0
total_debt,,,,160157837000.0,,173211620000.0,178054372000.0,161443083000.0,199085655000.0,198723347000.0,45388432000.0,197159000000.0,194203165000.0,191530970000.0,188555000000.0,183966000000.0,182711000000.0,179969000000.0,175243000000.0,280401000000.0,165141000000.0,152437000000.0,152516000000.0,150443000000.0,147803000000.0,,,0.0,,,1303692000.0,1079276000.0,1085013000.0,1038029000.0,1927689000.0,2167979000.0,2837347000.0,2872231000.0,3038662000.0,3275270000.0,3744345000.0,4217119000.0,4532221000.0,4284304000.0,4476406000.0,4862763000.0,4899688000.0,4643267000.0,4708036000.0,4449767000.0,4947647000.0,5189217000.0,4918670000.0,5188439000.0,5419331000.0,5930990000.0,5552497000.0,5219310000.0,5522311000.0,5235114000.0,5513976000.0,5213698000.0,5515532000.0,5227512000.0,4976882000.0,5403012000.0,6036527000.0,6440345000.0,6147473000.0,6410978000.0,6838995000.0,5860909000.0,6169182000.0
current_stock_price,20.51,18.06,7.86,6.64,6.15,12.6,13.32,19.22,20.96,17.53,16.13,18.57,22.78,24.42,19.03,17.08,21.94,19.97,22.48,24.32,27.4,31.24,32.51,32.01,33.11,36.93,34.51,32.59,30.86,29.24,24.92,20.24,21.73,24.84,25.91,29.85,36.78,39.51,36.82,38.04,39.0,40.3,40.05,34.54,39.92,35.55,34.72,33.77,19.84,21.36,21.85,35.3,37.12,41.42,42.1,40.24,41.3,39.89,39.84,42.0,46.78,42.03,49.15,54.15,63.95,65.25,65.58,66.83,67.99,68.05,73.38,71.49,73.35
market_cap,8455403711.008072,9354181784.900663,3668561683.356285,3098932266.3297653,2869094101.37558,5879875306.671143,6276318111.00769,9071358032.226562,11038185277.85492,9243664767.642977,7823881225.5859375,9060282455.444336,12119347984.313965,12796828628.54004,9724902473.449709,8934417076.11084,11189940147.399902,9745894866.94336,10590141523.361206,11741985285.850525,12551343555.45044,13996025391.723633,14466144074.64981,14357142443.286896,14389384843.444824,15906172993.659971,14895711975.585938,14088575149.093628,13338736555.202484,12651949707.271576,10780986964.632034,8746603983.867645,9363910743.051529,10725786351.150513,11231664681.362152,12924311019.0773,16136955609.798431,17310133495.426178,16141180927.73056,16681066807.796478,17119326002.13623,17711772186.870575,17621077039.398193,15187132280.509949,17493485151.550293,15364514539.237976,14835574093.62793,14545824431.808472,8190065391.082764,8008377821.531296,8256720586.395264,13667324448.451996,13596211532.592772,13136463198.40622,12819912635.353088,12872163527.008057,11591583832.862854,10536468225.257874,10109256258.728027,10983318528.072355,11394233675.251007,9985904461.18164,11245516857.910156,12675548440.235138,14315690587.63504,14515739221.473694,14090307794.71588,14698459774.795532,14617565247.436523,14508845695.95337,15455277848.220823,15077629933.914185,14514130948.066711
enterprise_value,873372711.0080719,4230980784.900665,-227291316.6437149,159186769266.32977,-194706898.62442017,172951538306.67114,179143692111.0077,164444441032.22656,203282938277.8549,201699972767.64297,47337313225.58594,201876282455.44437,202450512984.314,200182798628.54004,194756902473.4497,191434523076.11084,190857940147.3999,186694894866.94336,182750141523.3612,290543903285.8505,174007343555.45044,164900532391.72363,165834285074.6498,162617277443.2869,160957245843.44482,14381996993.659971,13325333975.585938,11728795149.093628,12463114555.202484,11373086707.271576,10802881964.632034,7381680983.867645,9510443743.051529,10720900351.150513,11704415681.362152,13119780019.0773,17896726609.79843,18864196495.426174,17932078927.73056,18320161807.79648,19428022002.13623,19885102186.87057,20314244039.398197,16789541280.509949,19813634151.550293,16228763539.237976,15883654093.62793,13468331431.808472,5605172391.082764,7469183821.531296,8853322586.395264,14246832448.451996,12307880532.592772,13827592198.40622,15521491635.353088,14257809527.008057,13881485832.862854,12106127225.257874,10784813258.728027,11445596528.072355,13191830675.251007,11323844461.18164,13212823857.910156,13753222440.235138,15708559587.63504,14656303221.473694,15637295794.71588,16264544774.795532,17069962247.436523,16827358695.95337,18754931848.220825,16697273933.914185,15525859948.066711
beta_3y,0.0746,0.0672,0.555,0.3452,0.4398,0.4703,0.4511,0.4529,0.4603,0.4522,0.4525,0.4632,0.483,0.4825,0.3735,0.4835,0.3304,0.2568,0.296,0.2791,0.2797,0.2868,0.2982,0.2952,0.3025,0.3013,0.1572,0.1785,0.189,0.1842,0.187,0.1595,0.181,0.1598,0.1478,0.1303,0.1232,0.1383,0.1541,0.1639,0.1437,0.1434,0.1291,0.1322,0.0805,0.0855,0.092,0.0873,0.8299,0.8287,0.815,0.7569,0.7775,0.7912,0.7871,0.8441,0.8149,0.749,0.7262,0.6844,0.287,0.1845,0.1677,0.2389,0.2362,0.2187,0.2098,0.2038,0.1932,0.2186,0.2363,0.2468,0.2063
risk_free_rate,0.040349998474121,0.0397900009155273,0.0382699990272522,0.0224399995803833,0.0268499994277954,0.0352300000190734,0.033069999217987,0.0384299993515014,0.0383299994468689,0.0295099997520446,0.0251699995994567,0.033050000667572,0.034539999961853,0.031579999923706,0.0192400002479553,0.0187100005149841,0.0221600008010864,0.0165900003910064,0.0163699996471405,0.0175600004196166,0.0185199999809265,0.024779999256134,0.0261500000953674,0.0302600002288818,0.0272300004959106,0.0251600003242492,0.0250799989700317,0.0217000007629394,0.0193400001525878,0.0233500003814697,0.0205999994277954,0.0226900005340576,0.0178600001335144,0.0148800003528594,0.0160800004005432,0.0244600009918212,0.0239599990844726,0.0230200004577636,0.0232599997520446,0.0240499997138977,0.0274099993705749,0.0284899997711181,0.0305599999427795,0.0268600010871887,0.0241400003433227,0.02,0.0167499995231628,0.019190000295639,0.0069800001382827,0.0065299999713897,0.0067699998617172,0.0091699999570846,0.0174600005149841,0.01442999958992,0.0152900004386901,0.0151199996471405,0.0232699990272521,0.0297199988365173,0.0380399990081787,0.0387899994850158,0.0349399995803833,0.0381900000572204,0.0457299995422363,0.0386599993705749,0.042059998512268,0.0434299993515014,0.0380200004577636,0.0457299995422363,0.0424599981307983,0.0423000001907348,0.0414799976348876,0.0416300010681152,0.0431099987030029
wacc,,,,0.0294,,0.0289,0.0227,0.027,0.0269,0.0207,0.0243,0.0231,0.0247,0.027,0.0164,0.0139,0.0159,0.0118,0.0119,0.0123,0.0136,0.0182,0.0192,0.022,0.02,,,0.0315,,,0.0295,0.0365,0.0274,0.0239,0.0231,0.0351,0.0285,0.0286,0.0296,0.0377,0.0328,0.0334,0.035,0.05,0.0283,0.0259,0.0235,0.0464,0.0436,0.0421,0.039,0.0587,0.0485,0.0453,0.0451,0.0574,0.0519,0.0548,0.0601,0.0766,0.0446,0.0439,0.0484,0.0694,0.0516,0.0522,0.0473,0.0537,0.0502,0.052,0.0504,0.0516,0.0515
ebitda,,,,,,,,,,,,,,,,,,,,,,,,,,,,,,,,,,,,,,,,,,,,,,,,,,,,,,,,,,,,,,,,,,,,,,,,,
free_cash_flow,,,,,,,,,,,,,,,,,,,,,,,,,,,,,,,,,,,,,,,,,,,,,,,,,,,,,,,,,,,,,,,,,,,,,,,,,
